ISO-10303-21;
HEADER;
FILE_DESCRIPTION(('KiCad electronic assembly'),'2;1');
FILE_NAME('.step','2026-06-23T20:49:17',('Pcbnew'),('Kicad'),
  'Open CASCADE STEP processor 7.9','KiCad to STEP converter','Unknown'
  );
FILE_SCHEMA(('AUTOMOTIVE_DESIGN { 1 0 10303 214 1 1 1 1 }'));
ENDSEC;
DATA;
#1 = APPLICATION_PROTOCOL_DEFINITION('international standard',
  'automotive_design',2000,#2);
#2 = APPLICATION_CONTEXT(
  'core data for automotive mechanical design processes');
#3 = SHAPE_DEFINITION_REPRESENTATION(#4,#10);
#4 = PRODUCT_DEFINITION_SHAPE('','',#5);
#5 = PRODUCT_DEFINITION('design','',#6,#9);
#6 = PRODUCT_DEFINITION_FORMATION('','',#7);
#7 = PRODUCT('.step 1','.step 1','',(#8));
#8 = PRODUCT_CONTEXT('',#2,'mechanical');
#9 = PRODUCT_DEFINITION_CONTEXT('part definition',#2,'design');
#10 = SHAPE_REPRESENTATION('',(#11,#15,#19,#23,#27,#31),#35);
#11 = AXIS2_PLACEMENT_3D('',#12,#13,#14);
#12 = CARTESIAN_POINT('',(0.,0.,0.));
#13 = DIRECTION('',(0.,0.,1.));
#14 = DIRECTION('',(1.,0.,-0.));
#15 = AXIS2_PLACEMENT_3D('',#16,#17,#18);
#16 = CARTESIAN_POINT('',(0.,0.,0.));
#17 = DIRECTION('',(0.,0.,1.));
#18 = DIRECTION('',(1.,0.,-0.));
#19 = AXIS2_PLACEMENT_3D('',#20,#21,#22);
#20 = CARTESIAN_POINT('',(0.,0.,0.));
#21 = DIRECTION('',(0.,0.,1.));
#22 = DIRECTION('',(1.,0.,-0.));
#23 = AXIS2_PLACEMENT_3D('',#24,#25,#26);
#24 = CARTESIAN_POINT('',(0.,0.,0.));
#25 = DIRECTION('',(0.,0.,1.));
#26 = DIRECTION('',(1.,0.,-0.));
#27 = AXIS2_PLACEMENT_3D('',#28,#29,#30);
#28 = CARTESIAN_POINT('',(0.,0.,0.));
#29 = DIRECTION('',(0.,0.,1.));
#30 = DIRECTION('',(1.,0.,-0.));
#31 = AXIS2_PLACEMENT_3D('',#32,#33,#34);
#32 = CARTESIAN_POINT('',(0.,0.,0.));
#33 = DIRECTION('',(0.,0.,1.));
#34 = DIRECTION('',(1.,0.,-0.));
#35 = ( GEOMETRIC_REPRESENTATION_CONTEXT(3) 
GLOBAL_UNCERTAINTY_ASSIGNED_CONTEXT((#39)) GLOBAL_UNIT_ASSIGNED_CONTEXT(
(#36,#37,#38)) REPRESENTATION_CONTEXT('Context #1',
  '3D Context with UNIT and UNCERTAINTY') );
#36 = ( LENGTH_UNIT() NAMED_UNIT(*) SI_UNIT(.MILLI.,.METRE.) );
#37 = ( NAMED_UNIT(*) PLANE_ANGLE_UNIT() SI_UNIT($,.RADIAN.) );
#38 = ( NAMED_UNIT(*) SI_UNIT($,.STERADIAN.) SOLID_ANGLE_UNIT() );
#39 = UNCERTAINTY_MEASURE_WITH_UNIT(LENGTH_MEASURE(1.E-07),#36,
  'distance_accuracy_value','confusion accuracy');
#40 = PRODUCT_RELATED_PRODUCT_CATEGORY('part',$,(#7));
#41 = SHAPE_DEFINITION_REPRESENTATION(#42,#48);
#42 = PRODUCT_DEFINITION_SHAPE('','',#43);
#43 = PRODUCT_DEFINITION('design','',#44,#47);
#44 = PRODUCT_DEFINITION_FORMATION('','',#45);
#45 = PRODUCT('Cedexis - Audio Jack_copper',
  'Cedexis - Audio Jack_copper','',(#46));
#46 = PRODUCT_CONTEXT('',#2,'mechanical');
#47 = PRODUCT_DEFINITION_CONTEXT('part definition',#2,'design');
#48 = SHAPE_REPRESENTATION('',(#11,#49,#399,#619),#1109);
#49 = MANIFOLD_SOLID_BREP('',#50);
#50 = CLOSED_SHELL('',(#51,#91,#122,#155,#186,#217,#248,#279,#310,#341,
    #363,#381));
#51 = ADVANCED_FACE('',(#52),#86,.T.);
#52 = FACE_BOUND('',#53,.T.);
#53 = EDGE_LOOP('',(#54,#64,#72,#80));
#54 = ORIENTED_EDGE('',*,*,#55,.T.);
#55 = EDGE_CURVE('',#56,#58,#60,.T.);
#56 = VERTEX_POINT('',#57);
#57 = CARTESIAN_POINT('',(157.460982,-65.553843,1.51));
#58 = VERTEX_POINT('',#59);
#59 = CARTESIAN_POINT('',(157.460982,-65.553843,1.545));
#60 = LINE('',#61,#62);
#61 = CARTESIAN_POINT('',(157.460982,-65.553843,1.51));
#62 = VECTOR('',#63,1.);
#63 = DIRECTION('',(0.,0.,1.));
#64 = ORIENTED_EDGE('',*,*,#65,.T.);
#65 = EDGE_CURVE('',#58,#66,#68,.T.);
#66 = VERTEX_POINT('',#67);
#67 = CARTESIAN_POINT('',(157.5,-65.55,1.545));
#68 = LINE('',#69,#70);
#69 = CARTESIAN_POINT('',(157.460982,-65.553843,1.545));
#70 = VECTOR('',#71,1.);
#71 = DIRECTION('',(0.995184571363,9.801871720104E-02,0.));
#72 = ORIENTED_EDGE('',*,*,#73,.F.);
#73 = EDGE_CURVE('',#74,#66,#76,.T.);
#74 = VERTEX_POINT('',#75);
#75 = CARTESIAN_POINT('',(157.5,-65.55,1.51));
#76 = LINE('',#77,#78);
#77 = CARTESIAN_POINT('',(157.5,-65.55,1.51));
#78 = VECTOR('',#79,1.);
#79 = DIRECTION('',(0.,0.,1.));
#80 = ORIENTED_EDGE('',*,*,#81,.F.);
#81 = EDGE_CURVE('',#56,#74,#82,.T.);
#82 = LINE('',#83,#84);
#83 = CARTESIAN_POINT('',(157.460982,-65.553843,1.51));
#84 = VECTOR('',#85,1.);
#85 = DIRECTION('',(0.995184571363,9.801871720104E-02,0.));
#86 = PLANE('',#87);
#87 = AXIS2_PLACEMENT_3D('',#88,#89,#90);
#88 = CARTESIAN_POINT('',(157.460982,-65.553843,1.51));
#89 = DIRECTION('',(-9.801871720104E-02,0.995184571363,0.));
#90 = DIRECTION('',(0.995184571363,9.801871720104E-02,0.));
#91 = ADVANCED_FACE('',(#92),#117,.T.);
#92 = FACE_BOUND('',#93,.T.);
#93 = EDGE_LOOP('',(#94,#95,#103,#111));
#94 = ORIENTED_EDGE('',*,*,#73,.T.);
#95 = ORIENTED_EDGE('',*,*,#96,.T.);
#96 = EDGE_CURVE('',#66,#97,#99,.T.);
#97 = VERTEX_POINT('',#98);
#98 = CARTESIAN_POINT('',(160.5,-65.55,1.545));
#99 = LINE('',#100,#101);
#100 = CARTESIAN_POINT('',(157.5,-65.55,1.545));
#101 = VECTOR('',#102,1.);
#102 = DIRECTION('',(1.,0.,0.));
#103 = ORIENTED_EDGE('',*,*,#104,.F.);
#104 = EDGE_CURVE('',#105,#97,#107,.T.);
#105 = VERTEX_POINT('',#106);
#106 = CARTESIAN_POINT('',(160.5,-65.55,1.51));
#107 = LINE('',#108,#109);
#108 = CARTESIAN_POINT('',(160.5,-65.55,1.51));
#109 = VECTOR('',#110,1.);
#110 = DIRECTION('',(0.,0.,1.));
#111 = ORIENTED_EDGE('',*,*,#112,.F.);
#112 = EDGE_CURVE('',#74,#105,#113,.T.);
#113 = LINE('',#114,#115);
#114 = CARTESIAN_POINT('',(157.5,-65.55,1.51));
#115 = VECTOR('',#116,1.);
#116 = DIRECTION('',(1.,0.,0.));
#117 = PLANE('',#118);
#118 = AXIS2_PLACEMENT_3D('',#119,#120,#121);
#119 = CARTESIAN_POINT('',(157.5,-65.55,1.51));
#120 = DIRECTION('',(0.,1.,0.));
#121 = DIRECTION('',(1.,0.,0.));
#122 = ADVANCED_FACE('',(#123),#150,.T.);
#123 = FACE_BOUND('',#124,.T.);
#124 = EDGE_LOOP('',(#125,#126,#135,#143));
#125 = ORIENTED_EDGE('',*,*,#104,.T.);
#126 = ORIENTED_EDGE('',*,*,#127,.T.);
#127 = EDGE_CURVE('',#97,#128,#130,.T.);
#128 = VERTEX_POINT('',#129);
#129 = CARTESIAN_POINT('',(160.5,-65.95,1.545));
#130 = CIRCLE('',#131,0.2);
#131 = AXIS2_PLACEMENT_3D('',#132,#133,#134);
#132 = CARTESIAN_POINT('',(160.4999999311,-65.75,1.545));
#133 = DIRECTION('',(0.,0.,-1.));
#134 = DIRECTION('',(3.444563390076E-07,1.,0.));
#135 = ORIENTED_EDGE('',*,*,#136,.F.);
#136 = EDGE_CURVE('',#137,#128,#139,.T.);
#137 = VERTEX_POINT('',#138);
#138 = CARTESIAN_POINT('',(160.5,-65.95,1.51));
#139 = LINE('',#140,#141);
#140 = CARTESIAN_POINT('',(160.5,-65.95,1.51));
#141 = VECTOR('',#142,1.);
#142 = DIRECTION('',(0.,0.,1.));
#143 = ORIENTED_EDGE('',*,*,#144,.F.);
#144 = EDGE_CURVE('',#105,#137,#145,.T.);
#145 = CIRCLE('',#146,0.2);
#146 = AXIS2_PLACEMENT_3D('',#147,#148,#149);
#147 = CARTESIAN_POINT('',(160.4999999311,-65.75,1.51));
#148 = DIRECTION('',(0.,0.,-1.));
#149 = DIRECTION('',(3.444563390076E-07,1.,0.));
#150 = CYLINDRICAL_SURFACE('',#151,0.2);
#151 = AXIS2_PLACEMENT_3D('',#152,#153,#154);
#152 = CARTESIAN_POINT('',(160.4999999311,-65.75,1.51));
#153 = DIRECTION('',(0.,0.,-1.));
#154 = DIRECTION('',(3.444563390076E-07,1.,0.));
#155 = ADVANCED_FACE('',(#156),#181,.T.);
#156 = FACE_BOUND('',#157,.T.);
#157 = EDGE_LOOP('',(#158,#159,#167,#175));
#158 = ORIENTED_EDGE('',*,*,#136,.T.);
#159 = ORIENTED_EDGE('',*,*,#160,.T.);
#160 = EDGE_CURVE('',#128,#161,#163,.T.);
#161 = VERTEX_POINT('',#162);
#162 = CARTESIAN_POINT('',(157.547418,-65.95,1.545));
#163 = LINE('',#164,#165);
#164 = CARTESIAN_POINT('',(160.5,-65.95,1.545));
#165 = VECTOR('',#166,1.);
#166 = DIRECTION('',(-1.,0.,0.));
#167 = ORIENTED_EDGE('',*,*,#168,.F.);
#168 = EDGE_CURVE('',#169,#161,#171,.T.);
#169 = VERTEX_POINT('',#170);
#170 = CARTESIAN_POINT('',(157.547418,-65.95,1.51));
#171 = LINE('',#172,#173);
#172 = CARTESIAN_POINT('',(157.547418,-65.95,1.51));
#173 = VECTOR('',#174,1.);
#174 = DIRECTION('',(0.,0.,1.));
#175 = ORIENTED_EDGE('',*,*,#176,.F.);
#176 = EDGE_CURVE('',#137,#169,#177,.T.);
#177 = LINE('',#178,#179);
#178 = CARTESIAN_POINT('',(160.5,-65.95,1.51));
#179 = VECTOR('',#180,1.);
#180 = DIRECTION('',(-1.,0.,0.));
#181 = PLANE('',#182);
#182 = AXIS2_PLACEMENT_3D('',#183,#184,#185);
#183 = CARTESIAN_POINT('',(160.5,-65.95,1.51));
#184 = DIRECTION('',(0.,-1.,0.));
#185 = DIRECTION('',(-1.,0.,0.));
#186 = ADVANCED_FACE('',(#187),#212,.T.);
#187 = FACE_BOUND('',#188,.T.);
#188 = EDGE_LOOP('',(#189,#190,#198,#206));
#189 = ORIENTED_EDGE('',*,*,#168,.T.);
#190 = ORIENTED_EDGE('',*,*,#191,.T.);
#191 = EDGE_CURVE('',#161,#192,#194,.T.);
#192 = VERTEX_POINT('',#193);
#193 = CARTESIAN_POINT('',(157.526518,-65.958657,1.545));
#194 = LINE('',#195,#196);
#195 = CARTESIAN_POINT('',(157.547418,-65.95,1.545));
#196 = VECTOR('',#197,1.);
#197 = DIRECTION('',(-0.923880524209,-0.382681038186,0.));
#198 = ORIENTED_EDGE('',*,*,#199,.F.);
#199 = EDGE_CURVE('',#200,#192,#202,.T.);
#200 = VERTEX_POINT('',#201);
#201 = CARTESIAN_POINT('',(157.526518,-65.958657,1.51));
#202 = LINE('',#203,#204);
#203 = CARTESIAN_POINT('',(157.526518,-65.958657,1.51));
#204 = VECTOR('',#205,1.);
#205 = DIRECTION('',(0.,0.,1.));
#206 = ORIENTED_EDGE('',*,*,#207,.F.);
#207 = EDGE_CURVE('',#169,#200,#208,.T.);
#208 = LINE('',#209,#210);
#209 = CARTESIAN_POINT('',(157.547418,-65.95,1.51));
#210 = VECTOR('',#211,1.);
#211 = DIRECTION('',(-0.923880524209,-0.382681038186,0.));
#212 = PLANE('',#213);
#213 = AXIS2_PLACEMENT_3D('',#214,#215,#216);
#214 = CARTESIAN_POINT('',(157.547418,-65.95,1.51));
#215 = DIRECTION('',(0.382681038186,-0.923880524209,0.));
#216 = DIRECTION('',(-0.923880524209,-0.382681038186,0.));
#217 = ADVANCED_FACE('',(#218),#243,.T.);
#218 = FACE_BOUND('',#219,.T.);
#219 = EDGE_LOOP('',(#220,#221,#229,#237));
#220 = ORIENTED_EDGE('',*,*,#199,.T.);
#221 = ORIENTED_EDGE('',*,*,#222,.T.);
#222 = EDGE_CURVE('',#192,#223,#225,.T.);
#223 = VERTEX_POINT('',#224);
#224 = CARTESIAN_POINT('',(157.4875,-65.9625,1.545));
#225 = LINE('',#226,#227);
#226 = CARTESIAN_POINT('',(157.526518,-65.958657,1.545));
#227 = VECTOR('',#228,1.);
#228 = DIRECTION('',(-0.995184571363,-9.801871720104E-02,0.));
#229 = ORIENTED_EDGE('',*,*,#230,.F.);
#230 = EDGE_CURVE('',#231,#223,#233,.T.);
#231 = VERTEX_POINT('',#232);
#232 = CARTESIAN_POINT('',(157.4875,-65.9625,1.51));
#233 = LINE('',#234,#235);
#234 = CARTESIAN_POINT('',(157.4875,-65.9625,1.51));
#235 = VECTOR('',#236,1.);
#236 = DIRECTION('',(0.,0.,1.));
#237 = ORIENTED_EDGE('',*,*,#238,.F.);
#238 = EDGE_CURVE('',#200,#231,#239,.T.);
#239 = LINE('',#240,#241);
#240 = CARTESIAN_POINT('',(157.526518,-65.958657,1.51));
#241 = VECTOR('',#242,1.);
#242 = DIRECTION('',(-0.995184571363,-9.801871720104E-02,0.));
#243 = PLANE('',#244);
#244 = AXIS2_PLACEMENT_3D('',#245,#246,#247);
#245 = CARTESIAN_POINT('',(157.526518,-65.958657,1.51));
#246 = DIRECTION('',(9.801871720104E-02,-0.995184571363,0.));
#247 = DIRECTION('',(-0.995184571363,-9.801871720104E-02,0.));
#248 = ADVANCED_FACE('',(#249),#274,.T.);
#249 = FACE_BOUND('',#250,.T.);
#250 = EDGE_LOOP('',(#251,#252,#260,#268));
#251 = ORIENTED_EDGE('',*,*,#230,.T.);
#252 = ORIENTED_EDGE('',*,*,#253,.T.);
#253 = EDGE_CURVE('',#223,#254,#256,.T.);
#254 = VERTEX_POINT('',#255);
#255 = CARTESIAN_POINT('',(157.04325,-65.9625,1.545));
#256 = LINE('',#257,#258);
#257 = CARTESIAN_POINT('',(157.4875,-65.9625,1.545));
#258 = VECTOR('',#259,1.);
#259 = DIRECTION('',(-1.,0.,0.));
#260 = ORIENTED_EDGE('',*,*,#261,.F.);
#261 = EDGE_CURVE('',#262,#254,#264,.T.);
#262 = VERTEX_POINT('',#263);
#263 = CARTESIAN_POINT('',(157.04325,-65.9625,1.51));
#264 = LINE('',#265,#266);
#265 = CARTESIAN_POINT('',(157.04325,-65.9625,1.51));
#266 = VECTOR('',#267,1.);
#267 = DIRECTION('',(0.,0.,1.));
#268 = ORIENTED_EDGE('',*,*,#269,.F.);
#269 = EDGE_CURVE('',#231,#262,#270,.T.);
#270 = LINE('',#271,#272);
#271 = CARTESIAN_POINT('',(157.4875,-65.9625,1.51));
#272 = VECTOR('',#273,1.);
#273 = DIRECTION('',(-1.,0.,0.));
#274 = PLANE('',#275);
#275 = AXIS2_PLACEMENT_3D('',#276,#277,#278);
#276 = CARTESIAN_POINT('',(157.4875,-65.9625,1.51));
#277 = DIRECTION('',(0.,-1.,0.));
#278 = DIRECTION('',(-1.,0.,0.));
#279 = ADVANCED_FACE('',(#280),#305,.T.);
#280 = FACE_BOUND('',#281,.T.);
#281 = EDGE_LOOP('',(#282,#283,#291,#299));
#282 = ORIENTED_EDGE('',*,*,#261,.T.);
#283 = ORIENTED_EDGE('',*,*,#284,.T.);
#284 = EDGE_CURVE('',#254,#285,#287,.T.);
#285 = VERTEX_POINT('',#286);
#286 = CARTESIAN_POINT('',(157.04325,-65.5625,1.545));
#287 = LINE('',#288,#289);
#288 = CARTESIAN_POINT('',(157.04325,-65.9625,1.545));
#289 = VECTOR('',#290,1.);
#290 = DIRECTION('',(0.,1.,0.));
#291 = ORIENTED_EDGE('',*,*,#292,.F.);
#292 = EDGE_CURVE('',#293,#285,#295,.T.);
#293 = VERTEX_POINT('',#294);
#294 = CARTESIAN_POINT('',(157.04325,-65.5625,1.51));
#295 = LINE('',#296,#297);
#296 = CARTESIAN_POINT('',(157.04325,-65.5625,1.51));
#297 = VECTOR('',#298,1.);
#298 = DIRECTION('',(0.,0.,1.));
#299 = ORIENTED_EDGE('',*,*,#300,.F.);
#300 = EDGE_CURVE('',#262,#293,#301,.T.);
#301 = LINE('',#302,#303);
#302 = CARTESIAN_POINT('',(157.04325,-65.9625,1.51));
#303 = VECTOR('',#304,1.);
#304 = DIRECTION('',(0.,1.,0.));
#305 = PLANE('',#306);
#306 = AXIS2_PLACEMENT_3D('',#307,#308,#309);
#307 = CARTESIAN_POINT('',(157.04325,-65.9625,1.51));
#308 = DIRECTION('',(-1.,0.,0.));
#309 = DIRECTION('',(0.,1.,0.));
#310 = ADVANCED_FACE('',(#311),#336,.T.);
#311 = FACE_BOUND('',#312,.T.);
#312 = EDGE_LOOP('',(#313,#314,#322,#330));
#313 = ORIENTED_EDGE('',*,*,#292,.T.);
#314 = ORIENTED_EDGE('',*,*,#315,.T.);
#315 = EDGE_CURVE('',#285,#316,#318,.T.);
#316 = VERTEX_POINT('',#317);
#317 = CARTESIAN_POINT('',(157.440082,-65.5625,1.545));
#318 = LINE('',#319,#320);
#319 = CARTESIAN_POINT('',(157.04325,-65.5625,1.545));
#320 = VECTOR('',#321,1.);
#321 = DIRECTION('',(1.,0.,0.));
#322 = ORIENTED_EDGE('',*,*,#323,.F.);
#323 = EDGE_CURVE('',#324,#316,#326,.T.);
#324 = VERTEX_POINT('',#325);
#325 = CARTESIAN_POINT('',(157.440082,-65.5625,1.51));
#326 = LINE('',#327,#328);
#327 = CARTESIAN_POINT('',(157.440082,-65.5625,1.51));
#328 = VECTOR('',#329,1.);
#329 = DIRECTION('',(0.,0.,1.));
#330 = ORIENTED_EDGE('',*,*,#331,.F.);
#331 = EDGE_CURVE('',#293,#324,#332,.T.);
#332 = LINE('',#333,#334);
#333 = CARTESIAN_POINT('',(157.04325,-65.5625,1.51));
#334 = VECTOR('',#335,1.);
#335 = DIRECTION('',(1.,0.,0.));
#336 = PLANE('',#337);
#337 = AXIS2_PLACEMENT_3D('',#338,#339,#340);
#338 = CARTESIAN_POINT('',(157.04325,-65.5625,1.51));
#339 = DIRECTION('',(0.,1.,0.));
#340 = DIRECTION('',(1.,0.,0.));
#341 = ADVANCED_FACE('',(#342),#358,.T.);
#342 = FACE_BOUND('',#343,.T.);
#343 = EDGE_LOOP('',(#344,#345,#351,#352));
#344 = ORIENTED_EDGE('',*,*,#323,.T.);
#345 = ORIENTED_EDGE('',*,*,#346,.T.);
#346 = EDGE_CURVE('',#316,#58,#347,.T.);
#347 = LINE('',#348,#349);
#348 = CARTESIAN_POINT('',(157.440082,-65.5625,1.545));
#349 = VECTOR('',#350,1.);
#350 = DIRECTION('',(0.923880524209,0.382681038185,0.));
#351 = ORIENTED_EDGE('',*,*,#55,.F.);
#352 = ORIENTED_EDGE('',*,*,#353,.F.);
#353 = EDGE_CURVE('',#324,#56,#354,.T.);
#354 = LINE('',#355,#356);
#355 = CARTESIAN_POINT('',(157.440082,-65.5625,1.51));
#356 = VECTOR('',#357,1.);
#357 = DIRECTION('',(0.923880524209,0.382681038185,0.));
#358 = PLANE('',#359);
#359 = AXIS2_PLACEMENT_3D('',#360,#361,#362);
#360 = CARTESIAN_POINT('',(157.440082,-65.5625,1.51));
#361 = DIRECTION('',(-0.382681038185,0.923880524209,0.));
#362 = DIRECTION('',(0.923880524209,0.382681038185,0.));
#363 = ADVANCED_FACE('',(#364),#376,.F.);
#364 = FACE_BOUND('',#365,.T.);
#365 = EDGE_LOOP('',(#366,#367,#368,#369,#370,#371,#372,#373,#374,#375)
  );
#366 = ORIENTED_EDGE('',*,*,#81,.T.);
#367 = ORIENTED_EDGE('',*,*,#112,.T.);
#368 = ORIENTED_EDGE('',*,*,#144,.T.);
#369 = ORIENTED_EDGE('',*,*,#176,.T.);
#370 = ORIENTED_EDGE('',*,*,#207,.T.);
#371 = ORIENTED_EDGE('',*,*,#238,.T.);
#372 = ORIENTED_EDGE('',*,*,#269,.T.);
#373 = ORIENTED_EDGE('',*,*,#300,.T.);
#374 = ORIENTED_EDGE('',*,*,#331,.T.);
#375 = ORIENTED_EDGE('',*,*,#353,.T.);
#376 = PLANE('',#377);
#377 = AXIS2_PLACEMENT_3D('',#378,#379,#380);
#378 = CARTESIAN_POINT('',(0.,0.,1.51));
#379 = DIRECTION('',(0.,0.,1.));
#380 = DIRECTION('',(1.,0.,-0.));
#381 = ADVANCED_FACE('',(#382),#394,.T.);
#382 = FACE_BOUND('',#383,.F.);
#383 = EDGE_LOOP('',(#384,#385,#386,#387,#388,#389,#390,#391,#392,#393)
  );
#384 = ORIENTED_EDGE('',*,*,#65,.T.);
#385 = ORIENTED_EDGE('',*,*,#96,.T.);
#386 = ORIENTED_EDGE('',*,*,#127,.T.);
#387 = ORIENTED_EDGE('',*,*,#160,.T.);
#388 = ORIENTED_EDGE('',*,*,#191,.T.);
#389 = ORIENTED_EDGE('',*,*,#222,.T.);
#390 = ORIENTED_EDGE('',*,*,#253,.T.);
#391 = ORIENTED_EDGE('',*,*,#284,.T.);
#392 = ORIENTED_EDGE('',*,*,#315,.T.);
#393 = ORIENTED_EDGE('',*,*,#346,.T.);
#394 = PLANE('',#395);
#395 = AXIS2_PLACEMENT_3D('',#396,#397,#398);
#396 = CARTESIAN_POINT('',(0.,0.,1.545));
#397 = DIRECTION('',(0.,0.,1.));
#398 = DIRECTION('',(1.,0.,-0.));
#399 = MANIFOLD_SOLID_BREP('',#400);
#400 = CLOSED_SHELL('',(#401,#443,#474,#507,#538,#569,#591,#605));
#401 = ADVANCED_FACE('',(#402),#438,.T.);
#402 = FACE_BOUND('',#403,.T.);
#403 = EDGE_LOOP('',(#404,#414,#423,#431));
#404 = ORIENTED_EDGE('',*,*,#405,.T.);
#405 = EDGE_CURVE('',#406,#408,#410,.T.);
#406 = VERTEX_POINT('',#407);
#407 = CARTESIAN_POINT('',(156.750193,-64.861103,1.51));
#408 = VERTEX_POINT('',#409);
#409 = CARTESIAN_POINT('',(156.750193,-64.861103,1.545));
#410 = LINE('',#411,#412);
#411 = CARTESIAN_POINT('',(156.750193,-64.861103,1.51));
#412 = VECTOR('',#413,1.);
#413 = DIRECTION('',(0.,0.,1.));
#414 = ORIENTED_EDGE('',*,*,#415,.T.);
#415 = EDGE_CURVE('',#408,#416,#418,.T.);
#416 = VERTEX_POINT('',#417);
#417 = CARTESIAN_POINT('',(156.903829,-64.924741,1.545));
#418 = CIRCLE('',#419,0.100000590676);
#419 = AXIS2_PLACEMENT_3D('',#420,#421,#422);
#420 = CARTESIAN_POINT('',(156.80575,-64.94425068719,1.545));
#421 = DIRECTION('',(0.,0.,-1.));
#422 = DIRECTION('',(-0.555566718399,0.831471960686,0.));
#423 = ORIENTED_EDGE('',*,*,#424,.F.);
#424 = EDGE_CURVE('',#425,#416,#427,.T.);
#425 = VERTEX_POINT('',#426);
#426 = CARTESIAN_POINT('',(156.903829,-64.924741,1.51));
#427 = LINE('',#428,#429);
#428 = CARTESIAN_POINT('',(156.903829,-64.924741,1.51));
#429 = VECTOR('',#430,1.);
#430 = DIRECTION('',(0.,0.,1.));
#431 = ORIENTED_EDGE('',*,*,#432,.F.);
#432 = EDGE_CURVE('',#406,#425,#433,.T.);
#433 = CIRCLE('',#434,0.100000590676);
#434 = AXIS2_PLACEMENT_3D('',#435,#436,#437);
#435 = CARTESIAN_POINT('',(156.80575,-64.94425068719,1.51));
#436 = DIRECTION('',(0.,0.,-1.));
#437 = DIRECTION('',(-0.555566718399,0.831471960686,0.));
#438 = CYLINDRICAL_SURFACE('',#439,0.100000590676);
#439 = AXIS2_PLACEMENT_3D('',#440,#441,#442);
#440 = CARTESIAN_POINT('',(156.80575,-64.94425068719,1.51));
#441 = DIRECTION('',(0.,0.,-1.));
#442 = DIRECTION('',(-0.555566718399,0.831471960686,0.));
#443 = ADVANCED_FACE('',(#444),#469,.T.);
#444 = FACE_BOUND('',#445,.T.);
#445 = EDGE_LOOP('',(#446,#447,#455,#463));
#446 = ORIENTED_EDGE('',*,*,#424,.T.);
#447 = ORIENTED_EDGE('',*,*,#448,.T.);
#448 = EDGE_CURVE('',#416,#449,#451,.T.);
#449 = VERTEX_POINT('',#450);
#450 = CARTESIAN_POINT('',(156.90421,-65.051414,1.545));
#451 = LINE('',#452,#453);
#452 = CARTESIAN_POINT('',(156.903829,-64.924741,1.545));
#453 = VECTOR('',#454,1.);
#454 = DIRECTION('',(3.007730744933E-03,-0.999995476768,0.));
#455 = ORIENTED_EDGE('',*,*,#456,.F.);
#456 = EDGE_CURVE('',#457,#449,#459,.T.);
#457 = VERTEX_POINT('',#458);
#458 = CARTESIAN_POINT('',(156.90421,-65.051414,1.51));
#459 = LINE('',#460,#461);
#460 = CARTESIAN_POINT('',(156.90421,-65.051414,1.51));
#461 = VECTOR('',#462,1.);
#462 = DIRECTION('',(0.,0.,1.));
#463 = ORIENTED_EDGE('',*,*,#464,.F.);
#464 = EDGE_CURVE('',#425,#457,#465,.T.);
#465 = LINE('',#466,#467);
#466 = CARTESIAN_POINT('',(156.903829,-64.924741,1.51));
#467 = VECTOR('',#468,1.);
#468 = DIRECTION('',(3.007730744933E-03,-0.999995476768,0.));
#469 = PLANE('',#470);
#470 = AXIS2_PLACEMENT_3D('',#471,#472,#473);
#471 = CARTESIAN_POINT('',(156.903829,-64.924741,1.51));
#472 = DIRECTION('',(0.999995476768,3.007730744933E-03,-0.));
#473 = DIRECTION('',(3.007730744933E-03,-0.999995476768,0.));
#474 = ADVANCED_FACE('',(#475),#502,.F.);
#475 = FACE_BOUND('',#476,.T.);
#476 = EDGE_LOOP('',(#477,#478,#487,#495));
#477 = ORIENTED_EDGE('',*,*,#456,.T.);
#478 = ORIENTED_EDGE('',*,*,#479,.T.);
#479 = EDGE_CURVE('',#449,#480,#482,.T.);
#480 = VERTEX_POINT('',#481);
#481 = CARTESIAN_POINT('',(156.707306,-65.051407,1.545));
#482 = CIRCLE('',#483,0.191217269931);
#483 = AXIS2_PLACEMENT_3D('',#484,#485,#486);
#484 = CARTESIAN_POINT('',(156.80575217243,-65.21533501912,1.545));
#485 = DIRECTION('',(0.,0.,1.));
#486 = DIRECTION('',(0.514900289102,0.857250075697,-0.));
#487 = ORIENTED_EDGE('',*,*,#488,.F.);
#488 = EDGE_CURVE('',#489,#480,#491,.T.);
#489 = VERTEX_POINT('',#490);
#490 = CARTESIAN_POINT('',(156.707306,-65.051407,1.51));
#491 = LINE('',#492,#493);
#492 = CARTESIAN_POINT('',(156.707306,-65.051407,1.51));
#493 = VECTOR('',#494,1.);
#494 = DIRECTION('',(0.,0.,1.));
#495 = ORIENTED_EDGE('',*,*,#496,.F.);
#496 = EDGE_CURVE('',#457,#489,#497,.T.);
#497 = CIRCLE('',#498,0.191217269931);
#498 = AXIS2_PLACEMENT_3D('',#499,#500,#501);
#499 = CARTESIAN_POINT('',(156.80575217243,-65.21533501912,1.51));
#500 = DIRECTION('',(0.,0.,1.));
#501 = DIRECTION('',(0.514900289102,0.857250075697,-0.));
#502 = CYLINDRICAL_SURFACE('',#503,0.191217269931);
#503 = AXIS2_PLACEMENT_3D('',#504,#505,#506);
#504 = CARTESIAN_POINT('',(156.80575217243,-65.21533501912,1.51));
#505 = DIRECTION('',(-0.,-0.,-1.));
#506 = DIRECTION('',(0.514900289102,0.857250075697,-0.));
#507 = ADVANCED_FACE('',(#508),#533,.T.);
#508 = FACE_BOUND('',#509,.T.);
#509 = EDGE_LOOP('',(#510,#511,#519,#527));
#510 = ORIENTED_EDGE('',*,*,#488,.T.);
#511 = ORIENTED_EDGE('',*,*,#512,.T.);
#512 = EDGE_CURVE('',#480,#513,#515,.T.);
#513 = VERTEX_POINT('',#514);
#514 = CARTESIAN_POINT('',(156.707671,-64.924741,1.545));
#515 = LINE('',#516,#517);
#516 = CARTESIAN_POINT('',(156.707306,-65.051407,1.545));
#517 = VECTOR('',#518,1.);
#518 = DIRECTION('',(2.881582150077E-03,0.999995848234,0.));
#519 = ORIENTED_EDGE('',*,*,#520,.F.);
#520 = EDGE_CURVE('',#521,#513,#523,.T.);
#521 = VERTEX_POINT('',#522);
#522 = CARTESIAN_POINT('',(156.707671,-64.924741,1.51));
#523 = LINE('',#524,#525);
#524 = CARTESIAN_POINT('',(156.707671,-64.924741,1.51));
#525 = VECTOR('',#526,1.);
#526 = DIRECTION('',(0.,0.,1.));
#527 = ORIENTED_EDGE('',*,*,#528,.F.);
#528 = EDGE_CURVE('',#489,#521,#529,.T.);
#529 = LINE('',#530,#531);
#530 = CARTESIAN_POINT('',(156.707306,-65.051407,1.51));
#531 = VECTOR('',#532,1.);
#532 = DIRECTION('',(2.881582150077E-03,0.999995848234,0.));
#533 = PLANE('',#534);
#534 = AXIS2_PLACEMENT_3D('',#535,#536,#537);
#535 = CARTESIAN_POINT('',(156.707306,-65.051407,1.51));
#536 = DIRECTION('',(-0.999995848234,2.881582150077E-03,0.));
#537 = DIRECTION('',(2.881582150077E-03,0.999995848234,0.));
#538 = ADVANCED_FACE('',(#539),#564,.T.);
#539 = FACE_BOUND('',#540,.T.);
#540 = EDGE_LOOP('',(#541,#542,#550,#558));
#541 = ORIENTED_EDGE('',*,*,#520,.T.);
#542 = ORIENTED_EDGE('',*,*,#543,.T.);
#543 = EDGE_CURVE('',#513,#544,#546,.T.);
#544 = VERTEX_POINT('',#545);
#545 = CARTESIAN_POINT('',(156.722603,-64.888693,1.545));
#546 = LINE('',#547,#548);
#547 = CARTESIAN_POINT('',(156.707671,-64.924741,1.545));
#548 = VECTOR('',#549,1.);
#549 = DIRECTION('',(0.38269282806,0.923875640631,0.));
#550 = ORIENTED_EDGE('',*,*,#551,.F.);
#551 = EDGE_CURVE('',#552,#544,#554,.T.);
#552 = VERTEX_POINT('',#553);
#553 = CARTESIAN_POINT('',(156.722603,-64.888693,1.51));
#554 = LINE('',#555,#556);
#555 = CARTESIAN_POINT('',(156.722603,-64.888693,1.51));
#556 = VECTOR('',#557,1.);
#557 = DIRECTION('',(0.,0.,1.));
#558 = ORIENTED_EDGE('',*,*,#559,.F.);
#559 = EDGE_CURVE('',#521,#552,#560,.T.);
#560 = LINE('',#561,#562);
#561 = CARTESIAN_POINT('',(156.707671,-64.924741,1.51));
#562 = VECTOR('',#563,1.);
#563 = DIRECTION('',(0.38269282806,0.923875640631,0.));
#564 = PLANE('',#565);
#565 = AXIS2_PLACEMENT_3D('',#566,#567,#568);
#566 = CARTESIAN_POINT('',(156.707671,-64.924741,1.51));
#567 = DIRECTION('',(-0.923875640631,0.38269282806,0.));
#568 = DIRECTION('',(0.38269282806,0.923875640631,0.));
#569 = ADVANCED_FACE('',(#570),#586,.T.);
#570 = FACE_BOUND('',#571,.T.);
#571 = EDGE_LOOP('',(#572,#573,#579,#580));
#572 = ORIENTED_EDGE('',*,*,#551,.T.);
#573 = ORIENTED_EDGE('',*,*,#574,.T.);
#574 = EDGE_CURVE('',#544,#408,#575,.T.);
#575 = LINE('',#576,#577);
#576 = CARTESIAN_POINT('',(156.722603,-64.888693,1.545));
#577 = VECTOR('',#578,1.);
#578 = DIRECTION('',(0.707106781187,0.707106781187,0.));
#579 = ORIENTED_EDGE('',*,*,#405,.F.);
#580 = ORIENTED_EDGE('',*,*,#581,.F.);
#581 = EDGE_CURVE('',#552,#406,#582,.T.);
#582 = LINE('',#583,#584);
#583 = CARTESIAN_POINT('',(156.722603,-64.888693,1.51));
#584 = VECTOR('',#585,1.);
#585 = DIRECTION('',(0.707106781187,0.707106781187,0.));
#586 = PLANE('',#587);
#587 = AXIS2_PLACEMENT_3D('',#588,#589,#590);
#588 = CARTESIAN_POINT('',(156.722603,-64.888693,1.51));
#589 = DIRECTION('',(-0.707106781187,0.707106781187,0.));
#590 = DIRECTION('',(0.707106781187,0.707106781187,0.));
#591 = ADVANCED_FACE('',(#592),#600,.F.);
#592 = FACE_BOUND('',#593,.T.);
#593 = EDGE_LOOP('',(#594,#595,#596,#597,#598,#599));
#594 = ORIENTED_EDGE('',*,*,#432,.T.);
#595 = ORIENTED_EDGE('',*,*,#464,.T.);
#596 = ORIENTED_EDGE('',*,*,#496,.T.);
#597 = ORIENTED_EDGE('',*,*,#528,.T.);
#598 = ORIENTED_EDGE('',*,*,#559,.T.);
#599 = ORIENTED_EDGE('',*,*,#581,.T.);
#600 = PLANE('',#601);
#601 = AXIS2_PLACEMENT_3D('',#602,#603,#604);
#602 = CARTESIAN_POINT('',(0.,0.,1.51));
#603 = DIRECTION('',(0.,0.,1.));
#604 = DIRECTION('',(1.,0.,-0.));
#605 = ADVANCED_FACE('',(#606),#614,.T.);
#606 = FACE_BOUND('',#607,.F.);
#607 = EDGE_LOOP('',(#608,#609,#610,#611,#612,#613));
#608 = ORIENTED_EDGE('',*,*,#415,.T.);
#609 = ORIENTED_EDGE('',*,*,#448,.T.);
#610 = ORIENTED_EDGE('',*,*,#479,.T.);
#611 = ORIENTED_EDGE('',*,*,#512,.T.);
#612 = ORIENTED_EDGE('',*,*,#543,.T.);
#613 = ORIENTED_EDGE('',*,*,#574,.T.);
#614 = PLANE('',#615);
#615 = AXIS2_PLACEMENT_3D('',#616,#617,#618);
#616 = CARTESIAN_POINT('',(0.,0.,1.545));
#617 = DIRECTION('',(0.,0.,1.));
#618 = DIRECTION('',(1.,0.,-0.));
#619 = MANIFOLD_SOLID_BREP('',#620);
#620 = CLOSED_SHELL('',(#621,#663,#694,#725,#758,#789,#820,#851,#882,
    #915,#946,#979,#1010,#1043,#1065,#1087));
#621 = ADVANCED_FACE('',(#622),#658,.T.);
#622 = FACE_BOUND('',#623,.T.);
#623 = EDGE_LOOP('',(#624,#634,#643,#651));
#624 = ORIENTED_EDGE('',*,*,#625,.T.);
#625 = EDGE_CURVE('',#626,#628,#630,.T.);
#626 = VERTEX_POINT('',#627);
#627 = CARTESIAN_POINT('',(152.8,-65.96825,1.51));
#628 = VERTEX_POINT('',#629);
#629 = CARTESIAN_POINT('',(152.8,-65.96825,1.545));
#630 = LINE('',#631,#632);
#631 = CARTESIAN_POINT('',(152.8,-65.96825,1.51));
#632 = VECTOR('',#633,1.);
#633 = DIRECTION('',(0.,0.,1.));
#634 = ORIENTED_EDGE('',*,*,#635,.T.);
#635 = EDGE_CURVE('',#628,#636,#638,.T.);
#636 = VERTEX_POINT('',#637);
#637 = CARTESIAN_POINT('',(152.960982,-65.772093,1.545));
#638 = CIRCLE('',#639,0.199999732603);
#639 = AXIS2_PLACEMENT_3D('',#640,#641,#642);
#640 = CARTESIAN_POINT('',(152.9999997326,-65.96824984944,1.545));
#641 = DIRECTION('',(0.,0.,-1.));
#642 = DIRECTION('',(-1.,-7.527815288199E-07,-0.));
#643 = ORIENTED_EDGE('',*,*,#644,.F.);
#644 = EDGE_CURVE('',#645,#636,#647,.T.);
#645 = VERTEX_POINT('',#646);
#646 = CARTESIAN_POINT('',(152.960982,-65.772093,1.51));
#647 = LINE('',#648,#649);
#648 = CARTESIAN_POINT('',(152.960982,-65.772093,1.51));
#649 = VECTOR('',#650,1.);
#650 = DIRECTION('',(0.,0.,1.));
#651 = ORIENTED_EDGE('',*,*,#652,.F.);
#652 = EDGE_CURVE('',#626,#645,#653,.T.);
#653 = CIRCLE('',#654,0.199999732603);
#654 = AXIS2_PLACEMENT_3D('',#655,#656,#657);
#655 = CARTESIAN_POINT('',(152.9999997326,-65.96824984944,1.51));
#656 = DIRECTION('',(0.,0.,-1.));
#657 = DIRECTION('',(-1.,-7.527815288199E-07,-0.));
#658 = CYLINDRICAL_SURFACE('',#659,0.199999732603);
#659 = AXIS2_PLACEMENT_3D('',#660,#661,#662);
#660 = CARTESIAN_POINT('',(152.9999997326,-65.96824984944,1.51));
#661 = DIRECTION('',(0.,0.,-1.));
#662 = DIRECTION('',(-1.,-7.527815288199E-07,-0.));
#663 = ADVANCED_FACE('',(#664),#689,.T.);
#664 = FACE_BOUND('',#665,.T.);
#665 = EDGE_LOOP('',(#666,#667,#675,#683));
#666 = ORIENTED_EDGE('',*,*,#644,.T.);
#667 = ORIENTED_EDGE('',*,*,#668,.T.);
#668 = EDGE_CURVE('',#636,#669,#671,.T.);
#669 = VERTEX_POINT('',#670);
#670 = CARTESIAN_POINT('',(152.96825,-65.772093,1.545));
#671 = LINE('',#672,#673);
#672 = CARTESIAN_POINT('',(152.960982,-65.772093,1.545));
#673 = VECTOR('',#674,1.);
#674 = DIRECTION('',(1.,0.,0.));
#675 = ORIENTED_EDGE('',*,*,#676,.F.);
#676 = EDGE_CURVE('',#677,#669,#679,.T.);
#677 = VERTEX_POINT('',#678);
#678 = CARTESIAN_POINT('',(152.96825,-65.772093,1.51));
#679 = LINE('',#680,#681);
#680 = CARTESIAN_POINT('',(152.96825,-65.772093,1.51));
#681 = VECTOR('',#682,1.);
#682 = DIRECTION('',(0.,0.,1.));
#683 = ORIENTED_EDGE('',*,*,#684,.F.);
#684 = EDGE_CURVE('',#645,#677,#685,.T.);
#685 = LINE('',#686,#687);
#686 = CARTESIAN_POINT('',(152.960982,-65.772093,1.51));
#687 = VECTOR('',#688,1.);
#688 = DIRECTION('',(1.,0.,0.));
#689 = PLANE('',#690);
#690 = AXIS2_PLACEMENT_3D('',#691,#692,#693);
#691 = CARTESIAN_POINT('',(152.960982,-65.772093,1.51));
#692 = DIRECTION('',(0.,1.,0.));
#693 = DIRECTION('',(1.,0.,0.));
#694 = ADVANCED_FACE('',(#695),#720,.T.);
#695 = FACE_BOUND('',#696,.T.);
#696 = EDGE_LOOP('',(#697,#698,#706,#714));
#697 = ORIENTED_EDGE('',*,*,#676,.T.);
#698 = ORIENTED_EDGE('',*,*,#699,.T.);
#699 = EDGE_CURVE('',#669,#700,#702,.T.);
#700 = VERTEX_POINT('',#701);
#701 = CARTESIAN_POINT('',(152.96825,-66.261884,1.545));
#702 = LINE('',#703,#704);
#703 = CARTESIAN_POINT('',(152.96825,-65.772093,1.545));
#704 = VECTOR('',#705,1.);
#705 = DIRECTION('',(0.,-1.,0.));
#706 = ORIENTED_EDGE('',*,*,#707,.F.);
#707 = EDGE_CURVE('',#708,#700,#710,.T.);
#708 = VERTEX_POINT('',#709);
#709 = CARTESIAN_POINT('',(152.96825,-66.261884,1.51));
#710 = LINE('',#711,#712);
#711 = CARTESIAN_POINT('',(152.96825,-66.261884,1.51));
#712 = VECTOR('',#713,1.);
#713 = DIRECTION('',(0.,0.,1.));
#714 = ORIENTED_EDGE('',*,*,#715,.F.);
#715 = EDGE_CURVE('',#677,#708,#716,.T.);
#716 = LINE('',#717,#718);
#717 = CARTESIAN_POINT('',(152.96825,-65.772093,1.51));
#718 = VECTOR('',#719,1.);
#719 = DIRECTION('',(0.,-1.,0.));
#720 = PLANE('',#721);
#721 = AXIS2_PLACEMENT_3D('',#722,#723,#724);
#722 = CARTESIAN_POINT('',(152.96825,-65.772093,1.51));
#723 = DIRECTION('',(1.,0.,-0.));
#724 = DIRECTION('',(0.,-1.,0.));
#725 = ADVANCED_FACE('',(#726),#753,.F.);
#726 = FACE_BOUND('',#727,.T.);
#727 = EDGE_LOOP('',(#728,#729,#738,#746));
#728 = ORIENTED_EDGE('',*,*,#707,.T.);
#729 = ORIENTED_EDGE('',*,*,#730,.T.);
#730 = EDGE_CURVE('',#700,#731,#733,.T.);
#731 = VERTEX_POINT('',#732);
#732 = CARTESIAN_POINT('',(153.159463,-66.495196,1.545));
#733 = CIRCLE('',#734,0.237868921001);
#734 = AXIS2_PLACEMENT_3D('',#735,#736,#737);
#735 = CARTESIAN_POINT('',(153.20611891251,-66.26194752861,1.545));
#736 = DIRECTION('',(0.,0.,1.));
#737 = DIRECTION('',(-0.999999964336,2.670740269173E-04,0.));
#738 = ORIENTED_EDGE('',*,*,#739,.F.);
#739 = EDGE_CURVE('',#740,#731,#742,.T.);
#740 = VERTEX_POINT('',#741);
#741 = CARTESIAN_POINT('',(153.159463,-66.495196,1.51));
#742 = LINE('',#743,#744);
#743 = CARTESIAN_POINT('',(153.159463,-66.495196,1.51));
#744 = VECTOR('',#745,1.);
#745 = DIRECTION('',(0.,0.,1.));
#746 = ORIENTED_EDGE('',*,*,#747,.F.);
#747 = EDGE_CURVE('',#708,#740,#748,.T.);
#748 = CIRCLE('',#749,0.237868921001);
#749 = AXIS2_PLACEMENT_3D('',#750,#751,#752);
#750 = CARTESIAN_POINT('',(153.20611891251,-66.26194752861,1.51));
#751 = DIRECTION('',(0.,0.,1.));
#752 = DIRECTION('',(-0.999999964336,2.670740269173E-04,0.));
#753 = CYLINDRICAL_SURFACE('',#754,0.237868921001);
#754 = AXIS2_PLACEMENT_3D('',#755,#756,#757);
#755 = CARTESIAN_POINT('',(153.20611891251,-66.26194752861,1.51));
#756 = DIRECTION('',(-0.,-0.,-1.));
#757 = DIRECTION('',(-0.999999964336,2.670740269173E-04,0.));
#758 = ADVANCED_FACE('',(#759),#784,.T.);
#759 = FACE_BOUND('',#760,.T.);
#760 = EDGE_LOOP('',(#761,#762,#770,#778));
#761 = ORIENTED_EDGE('',*,*,#739,.T.);
#762 = ORIENTED_EDGE('',*,*,#763,.T.);
#763 = EDGE_CURVE('',#731,#764,#766,.T.);
#764 = VERTEX_POINT('',#765);
#765 = CARTESIAN_POINT('',(153.2,-66.495196,1.545));
#766 = LINE('',#767,#768);
#767 = CARTESIAN_POINT('',(153.159463,-66.495196,1.545));
#768 = VECTOR('',#769,1.);
#769 = DIRECTION('',(1.,0.,0.));
#770 = ORIENTED_EDGE('',*,*,#771,.F.);
#771 = EDGE_CURVE('',#772,#764,#774,.T.);
#772 = VERTEX_POINT('',#773);
#773 = CARTESIAN_POINT('',(153.2,-66.495196,1.51));
#774 = LINE('',#775,#776);
#775 = CARTESIAN_POINT('',(153.2,-66.495196,1.51));
#776 = VECTOR('',#777,1.);
#777 = DIRECTION('',(0.,0.,1.));
#778 = ORIENTED_EDGE('',*,*,#779,.F.);
#779 = EDGE_CURVE('',#740,#772,#780,.T.);
#780 = LINE('',#781,#782);
#781 = CARTESIAN_POINT('',(153.159463,-66.495196,1.51));
#782 = VECTOR('',#783,1.);
#783 = DIRECTION('',(1.,0.,0.));
#784 = PLANE('',#785);
#785 = AXIS2_PLACEMENT_3D('',#786,#787,#788);
#786 = CARTESIAN_POINT('',(153.159463,-66.495196,1.51));
#787 = DIRECTION('',(0.,1.,0.));
#788 = DIRECTION('',(1.,0.,0.));
#789 = ADVANCED_FACE('',(#790),#815,.T.);
#790 = FACE_BOUND('',#791,.T.);
#791 = EDGE_LOOP('',(#792,#793,#801,#809));
#792 = ORIENTED_EDGE('',*,*,#771,.T.);
#793 = ORIENTED_EDGE('',*,*,#794,.T.);
#794 = EDGE_CURVE('',#764,#795,#797,.T.);
#795 = VERTEX_POINT('',#796);
#796 = CARTESIAN_POINT('',(153.2,-69.167157,1.545));
#797 = LINE('',#798,#799);
#798 = CARTESIAN_POINT('',(153.2,-66.495196,1.545));
#799 = VECTOR('',#800,1.);
#800 = DIRECTION('',(0.,-1.,0.));
#801 = ORIENTED_EDGE('',*,*,#802,.F.);
#802 = EDGE_CURVE('',#803,#795,#805,.T.);
#803 = VERTEX_POINT('',#804);
#804 = CARTESIAN_POINT('',(153.2,-69.167157,1.51));
#805 = LINE('',#806,#807);
#806 = CARTESIAN_POINT('',(153.2,-69.167157,1.51));
#807 = VECTOR('',#808,1.);
#808 = DIRECTION('',(0.,0.,1.));
#809 = ORIENTED_EDGE('',*,*,#810,.F.);
#810 = EDGE_CURVE('',#772,#803,#811,.T.);
#811 = LINE('',#812,#813);
#812 = CARTESIAN_POINT('',(153.2,-66.495196,1.51));
#813 = VECTOR('',#814,1.);
#814 = DIRECTION('',(0.,-1.,0.));
#815 = PLANE('',#816);
#816 = AXIS2_PLACEMENT_3D('',#817,#818,#819);
#817 = CARTESIAN_POINT('',(153.2,-66.495196,1.51));
#818 = DIRECTION('',(1.,0.,-0.));
#819 = DIRECTION('',(0.,-1.,0.));
#820 = ADVANCED_FACE('',(#821),#846,.T.);
#821 = FACE_BOUND('',#822,.T.);
#822 = EDGE_LOOP('',(#823,#824,#832,#840));
#823 = ORIENTED_EDGE('',*,*,#802,.T.);
#824 = ORIENTED_EDGE('',*,*,#825,.T.);
#825 = EDGE_CURVE('',#795,#826,#828,.T.);
#826 = VERTEX_POINT('',#827);
#827 = CARTESIAN_POINT('',(153.582843,-69.55,1.545));
#828 = LINE('',#829,#830);
#829 = CARTESIAN_POINT('',(153.2,-69.167157,1.545));
#830 = VECTOR('',#831,1.);
#831 = DIRECTION('',(0.707106781187,-0.707106781187,0.));
#832 = ORIENTED_EDGE('',*,*,#833,.F.);
#833 = EDGE_CURVE('',#834,#826,#836,.T.);
#834 = VERTEX_POINT('',#835);
#835 = CARTESIAN_POINT('',(153.582843,-69.55,1.51));
#836 = LINE('',#837,#838);
#837 = CARTESIAN_POINT('',(153.582843,-69.55,1.51));
#838 = VECTOR('',#839,1.);
#839 = DIRECTION('',(0.,0.,1.));
#840 = ORIENTED_EDGE('',*,*,#841,.F.);
#841 = EDGE_CURVE('',#803,#834,#842,.T.);
#842 = LINE('',#843,#844);
#843 = CARTESIAN_POINT('',(153.2,-69.167157,1.51));
#844 = VECTOR('',#845,1.);
#845 = DIRECTION('',(0.707106781187,-0.707106781187,0.));
#846 = PLANE('',#847);
#847 = AXIS2_PLACEMENT_3D('',#848,#849,#850);
#848 = CARTESIAN_POINT('',(153.2,-69.167157,1.51));
#849 = DIRECTION('',(0.707106781187,0.707106781187,-0.));
#850 = DIRECTION('',(0.707106781187,-0.707106781187,0.));
#851 = ADVANCED_FACE('',(#852),#877,.T.);
#852 = FACE_BOUND('',#853,.T.);
#853 = EDGE_LOOP('',(#854,#855,#863,#871));
#854 = ORIENTED_EDGE('',*,*,#833,.T.);
#855 = ORIENTED_EDGE('',*,*,#856,.T.);
#856 = EDGE_CURVE('',#826,#857,#859,.T.);
#857 = VERTEX_POINT('',#858);
#858 = CARTESIAN_POINT('',(160.5,-69.55,1.545));
#859 = LINE('',#860,#861);
#860 = CARTESIAN_POINT('',(153.582843,-69.55,1.545));
#861 = VECTOR('',#862,1.);
#862 = DIRECTION('',(1.,0.,0.));
#863 = ORIENTED_EDGE('',*,*,#864,.F.);
#864 = EDGE_CURVE('',#865,#857,#867,.T.);
#865 = VERTEX_POINT('',#866);
#866 = CARTESIAN_POINT('',(160.5,-69.55,1.51));
#867 = LINE('',#868,#869);
#868 = CARTESIAN_POINT('',(160.5,-69.55,1.51));
#869 = VECTOR('',#870,1.);
#870 = DIRECTION('',(0.,0.,1.));
#871 = ORIENTED_EDGE('',*,*,#872,.F.);
#872 = EDGE_CURVE('',#834,#865,#873,.T.);
#873 = LINE('',#874,#875);
#874 = CARTESIAN_POINT('',(153.582843,-69.55,1.51));
#875 = VECTOR('',#876,1.);
#876 = DIRECTION('',(1.,0.,0.));
#877 = PLANE('',#878);
#878 = AXIS2_PLACEMENT_3D('',#879,#880,#881);
#879 = CARTESIAN_POINT('',(153.582843,-69.55,1.51));
#880 = DIRECTION('',(0.,1.,0.));
#881 = DIRECTION('',(1.,0.,0.));
#882 = ADVANCED_FACE('',(#883),#910,.T.);
#883 = FACE_BOUND('',#884,.T.);
#884 = EDGE_LOOP('',(#885,#886,#895,#903));
#885 = ORIENTED_EDGE('',*,*,#864,.T.);
#886 = ORIENTED_EDGE('',*,*,#887,.T.);
#887 = EDGE_CURVE('',#857,#888,#890,.T.);
#888 = VERTEX_POINT('',#889);
#889 = CARTESIAN_POINT('',(160.5,-69.95,1.545));
#890 = CIRCLE('',#891,0.2);
#891 = AXIS2_PLACEMENT_3D('',#892,#893,#894);
#892 = CARTESIAN_POINT('',(160.4999999311,-69.75,1.545));
#893 = DIRECTION('',(0.,0.,-1.));
#894 = DIRECTION('',(3.444563390076E-07,1.,0.));
#895 = ORIENTED_EDGE('',*,*,#896,.F.);
#896 = EDGE_CURVE('',#897,#888,#899,.T.);
#897 = VERTEX_POINT('',#898);
#898 = CARTESIAN_POINT('',(160.5,-69.95,1.51));
#899 = LINE('',#900,#901);
#900 = CARTESIAN_POINT('',(160.5,-69.95,1.51));
#901 = VECTOR('',#902,1.);
#902 = DIRECTION('',(0.,0.,1.));
#903 = ORIENTED_EDGE('',*,*,#904,.F.);
#904 = EDGE_CURVE('',#865,#897,#905,.T.);
#905 = CIRCLE('',#906,0.2);
#906 = AXIS2_PLACEMENT_3D('',#907,#908,#909);
#907 = CARTESIAN_POINT('',(160.4999999311,-69.75,1.51));
#908 = DIRECTION('',(0.,0.,-1.));
#909 = DIRECTION('',(3.444563390076E-07,1.,0.));
#910 = CYLINDRICAL_SURFACE('',#911,0.2);
#911 = AXIS2_PLACEMENT_3D('',#912,#913,#914);
#912 = CARTESIAN_POINT('',(160.4999999311,-69.75,1.51));
#913 = DIRECTION('',(0.,0.,-1.));
#914 = DIRECTION('',(3.444563390076E-07,1.,0.));
#915 = ADVANCED_FACE('',(#916),#941,.T.);
#916 = FACE_BOUND('',#917,.T.);
#917 = EDGE_LOOP('',(#918,#919,#927,#935));
#918 = ORIENTED_EDGE('',*,*,#896,.T.);
#919 = ORIENTED_EDGE('',*,*,#920,.T.);
#920 = EDGE_CURVE('',#888,#921,#923,.T.);
#921 = VERTEX_POINT('',#922);
#922 = CARTESIAN_POINT('',(153.5,-69.95,1.545));
#923 = LINE('',#924,#925);
#924 = CARTESIAN_POINT('',(160.5,-69.95,1.545));
#925 = VECTOR('',#926,1.);
#926 = DIRECTION('',(-1.,0.,0.));
#927 = ORIENTED_EDGE('',*,*,#928,.F.);
#928 = EDGE_CURVE('',#929,#921,#931,.T.);
#929 = VERTEX_POINT('',#930);
#930 = CARTESIAN_POINT('',(153.5,-69.95,1.51));
#931 = LINE('',#932,#933);
#932 = CARTESIAN_POINT('',(153.5,-69.95,1.51));
#933 = VECTOR('',#934,1.);
#934 = DIRECTION('',(0.,0.,1.));
#935 = ORIENTED_EDGE('',*,*,#936,.F.);
#936 = EDGE_CURVE('',#897,#929,#937,.T.);
#937 = LINE('',#938,#939);
#938 = CARTESIAN_POINT('',(160.5,-69.95,1.51));
#939 = VECTOR('',#940,1.);
#940 = DIRECTION('',(-1.,0.,0.));
#941 = PLANE('',#942);
#942 = AXIS2_PLACEMENT_3D('',#943,#944,#945);
#943 = CARTESIAN_POINT('',(160.5,-69.95,1.51));
#944 = DIRECTION('',(0.,-1.,0.));
#945 = DIRECTION('',(-1.,0.,0.));
#946 = ADVANCED_FACE('',(#947),#974,.T.);
#947 = FACE_BOUND('',#948,.T.);
#948 = EDGE_LOOP('',(#949,#950,#959,#967));
#949 = ORIENTED_EDGE('',*,*,#928,.T.);
#950 = ORIENTED_EDGE('',*,*,#951,.T.);
#951 = EDGE_CURVE('',#921,#952,#954,.T.);
#952 = VERTEX_POINT('',#953);
#953 = CARTESIAN_POINT('',(153.358579,-69.891422,1.545));
#954 = CIRCLE('',#955,0.20000200771);
#955 = AXIS2_PLACEMENT_3D('',#956,#957,#958);
#956 = CARTESIAN_POINT('',(153.50000054408,-69.74999799229,1.545));
#957 = DIRECTION('',(0.,0.,-1.));
#958 = DIRECTION('',(-2.720400378682E-06,-0.999999999996,-0.));
#959 = ORIENTED_EDGE('',*,*,#960,.F.);
#960 = EDGE_CURVE('',#961,#952,#963,.T.);
#961 = VERTEX_POINT('',#962);
#962 = CARTESIAN_POINT('',(153.358579,-69.891422,1.51));
#963 = LINE('',#964,#965);
#964 = CARTESIAN_POINT('',(153.358579,-69.891422,1.51));
#965 = VECTOR('',#966,1.);
#966 = DIRECTION('',(0.,0.,1.));
#967 = ORIENTED_EDGE('',*,*,#968,.F.);
#968 = EDGE_CURVE('',#929,#961,#969,.T.);
#969 = CIRCLE('',#970,0.20000200771);
#970 = AXIS2_PLACEMENT_3D('',#971,#972,#973);
#971 = CARTESIAN_POINT('',(153.50000054408,-69.74999799229,1.51));
#972 = DIRECTION('',(0.,0.,-1.));
#973 = DIRECTION('',(-2.720400378682E-06,-0.999999999996,-0.));
#974 = CYLINDRICAL_SURFACE('',#975,0.20000200771);
#975 = AXIS2_PLACEMENT_3D('',#976,#977,#978);
#976 = CARTESIAN_POINT('',(153.50000054408,-69.74999799229,1.51));
#977 = DIRECTION('',(0.,0.,-1.));
#978 = DIRECTION('',(-2.720400378682E-06,-0.999999999996,-0.));
#979 = ADVANCED_FACE('',(#980),#1005,.T.);
#980 = FACE_BOUND('',#981,.T.);
#981 = EDGE_LOOP('',(#982,#983,#991,#999));
#982 = ORIENTED_EDGE('',*,*,#960,.T.);
#983 = ORIENTED_EDGE('',*,*,#984,.T.);
#984 = EDGE_CURVE('',#952,#985,#987,.T.);
#985 = VERTEX_POINT('',#986);
#986 = CARTESIAN_POINT('',(152.858579,-69.391421,1.545));
#987 = LINE('',#988,#989);
#988 = CARTESIAN_POINT('',(153.358579,-69.891422,1.545));
#989 = VECTOR('',#990,1.);
#990 = DIRECTION('',(-0.70710607408,0.707107488292,0.));
#991 = ORIENTED_EDGE('',*,*,#992,.F.);
#992 = EDGE_CURVE('',#993,#985,#995,.T.);
#993 = VERTEX_POINT('',#994);
#994 = CARTESIAN_POINT('',(152.858579,-69.391421,1.51));
#995 = LINE('',#996,#997);
#996 = CARTESIAN_POINT('',(152.858579,-69.391421,1.51));
#997 = VECTOR('',#998,1.);
#998 = DIRECTION('',(0.,0.,1.));
#999 = ORIENTED_EDGE('',*,*,#1000,.F.);
#1000 = EDGE_CURVE('',#961,#993,#1001,.T.);
#1001 = LINE('',#1002,#1003);
#1002 = CARTESIAN_POINT('',(153.358579,-69.891422,1.51));
#1003 = VECTOR('',#1004,1.);
#1004 = DIRECTION('',(-0.70710607408,0.707107488292,0.));
#1005 = PLANE('',#1006);
#1006 = AXIS2_PLACEMENT_3D('',#1007,#1008,#1009);
#1007 = CARTESIAN_POINT('',(153.358579,-69.891422,1.51));
#1008 = DIRECTION('',(-0.707107488292,-0.70710607408,0.));
#1009 = DIRECTION('',(-0.70710607408,0.707107488292,0.));
#1010 = ADVANCED_FACE('',(#1011),#1038,.T.);
#1011 = FACE_BOUND('',#1012,.T.);
#1012 = EDGE_LOOP('',(#1013,#1014,#1023,#1031));
#1013 = ORIENTED_EDGE('',*,*,#992,.T.);
#1014 = ORIENTED_EDGE('',*,*,#1015,.T.);
#1015 = EDGE_CURVE('',#985,#1016,#1018,.T.);
#1016 = VERTEX_POINT('',#1017);
#1017 = CARTESIAN_POINT('',(152.8,-69.25,1.545));
#1018 = CIRCLE('',#1019,0.199992947513);
#1019 = AXIS2_PLACEMENT_3D('',#1020,#1021,#1022);
#1020 = CARTESIAN_POINT('',(152.9999929475,-69.25000220879,1.545));
#1021 = DIRECTION('',(0.,0.,-1.));
#1022 = DIRECTION('',(-0.707094671384,-0.707118890782,-0.));
#1023 = ORIENTED_EDGE('',*,*,#1024,.F.);
#1024 = EDGE_CURVE('',#1025,#1016,#1027,.T.);
#1025 = VERTEX_POINT('',#1026);
#1026 = CARTESIAN_POINT('',(152.8,-69.25,1.51));
#1027 = LINE('',#1028,#1029);
#1028 = CARTESIAN_POINT('',(152.8,-69.25,1.51));
#1029 = VECTOR('',#1030,1.);
#1030 = DIRECTION('',(0.,0.,1.));
#1031 = ORIENTED_EDGE('',*,*,#1032,.F.);
#1032 = EDGE_CURVE('',#993,#1025,#1033,.T.);
#1033 = CIRCLE('',#1034,0.199992947513);
#1034 = AXIS2_PLACEMENT_3D('',#1035,#1036,#1037);
#1035 = CARTESIAN_POINT('',(152.9999929475,-69.25000220879,1.51));
#1036 = DIRECTION('',(0.,0.,-1.));
#1037 = DIRECTION('',(-0.707094671384,-0.707118890782,-0.));
#1038 = CYLINDRICAL_SURFACE('',#1039,0.199992947513);
#1039 = AXIS2_PLACEMENT_3D('',#1040,#1041,#1042);
#1040 = CARTESIAN_POINT('',(152.9999929475,-69.25000220879,1.51));
#1041 = DIRECTION('',(0.,0.,-1.));
#1042 = DIRECTION('',(-0.707094671384,-0.707118890782,-0.));
#1043 = ADVANCED_FACE('',(#1044),#1060,.T.);
#1044 = FACE_BOUND('',#1045,.T.);
#1045 = EDGE_LOOP('',(#1046,#1047,#1053,#1054));
#1046 = ORIENTED_EDGE('',*,*,#1024,.T.);
#1047 = ORIENTED_EDGE('',*,*,#1048,.T.);
#1048 = EDGE_CURVE('',#1016,#628,#1049,.T.);
#1049 = LINE('',#1050,#1051);
#1050 = CARTESIAN_POINT('',(152.8,-69.25,1.545));
#1051 = VECTOR('',#1052,1.);
#1052 = DIRECTION('',(0.,1.,0.));
#1053 = ORIENTED_EDGE('',*,*,#625,.F.);
#1054 = ORIENTED_EDGE('',*,*,#1055,.F.);
#1055 = EDGE_CURVE('',#1025,#626,#1056,.T.);
#1056 = LINE('',#1057,#1058);
#1057 = CARTESIAN_POINT('',(152.8,-69.25,1.51));
#1058 = VECTOR('',#1059,1.);
#1059 = DIRECTION('',(0.,1.,0.));
#1060 = PLANE('',#1061);
#1061 = AXIS2_PLACEMENT_3D('',#1062,#1063,#1064);
#1062 = CARTESIAN_POINT('',(152.8,-69.25,1.51));
#1063 = DIRECTION('',(-1.,0.,0.));
#1064 = DIRECTION('',(0.,1.,0.));
#1065 = ADVANCED_FACE('',(#1066),#1082,.F.);
#1066 = FACE_BOUND('',#1067,.T.);
#1067 = EDGE_LOOP('',(#1068,#1069,#1070,#1071,#1072,#1073,#1074,#1075,
    #1076,#1077,#1078,#1079,#1080,#1081));
#1068 = ORIENTED_EDGE('',*,*,#652,.T.);
#1069 = ORIENTED_EDGE('',*,*,#684,.T.);
#1070 = ORIENTED_EDGE('',*,*,#715,.T.);
#1071 = ORIENTED_EDGE('',*,*,#747,.T.);
#1072 = ORIENTED_EDGE('',*,*,#779,.T.);
#1073 = ORIENTED_EDGE('',*,*,#810,.T.);
#1074 = ORIENTED_EDGE('',*,*,#841,.T.);
#1075 = ORIENTED_EDGE('',*,*,#872,.T.);
#1076 = ORIENTED_EDGE('',*,*,#904,.T.);
#1077 = ORIENTED_EDGE('',*,*,#936,.T.);
#1078 = ORIENTED_EDGE('',*,*,#968,.T.);
#1079 = ORIENTED_EDGE('',*,*,#1000,.T.);
#1080 = ORIENTED_EDGE('',*,*,#1032,.T.);
#1081 = ORIENTED_EDGE('',*,*,#1055,.T.);
#1082 = PLANE('',#1083);
#1083 = AXIS2_PLACEMENT_3D('',#1084,#1085,#1086);
#1084 = CARTESIAN_POINT('',(0.,0.,1.51));
#1085 = DIRECTION('',(0.,0.,1.));
#1086 = DIRECTION('',(1.,0.,-0.));
#1087 = ADVANCED_FACE('',(#1088),#1104,.T.);
#1088 = FACE_BOUND('',#1089,.F.);
#1089 = EDGE_LOOP('',(#1090,#1091,#1092,#1093,#1094,#1095,#1096,#1097,
    #1098,#1099,#1100,#1101,#1102,#1103));
#1090 = ORIENTED_EDGE('',*,*,#635,.T.);
#1091 = ORIENTED_EDGE('',*,*,#668,.T.);
#1092 = ORIENTED_EDGE('',*,*,#699,.T.);
#1093 = ORIENTED_EDGE('',*,*,#730,.T.);
#1094 = ORIENTED_EDGE('',*,*,#763,.T.);
#1095 = ORIENTED_EDGE('',*,*,#794,.T.);
#1096 = ORIENTED_EDGE('',*,*,#825,.T.);
#1097 = ORIENTED_EDGE('',*,*,#856,.T.);
#1098 = ORIENTED_EDGE('',*,*,#887,.T.);
#1099 = ORIENTED_EDGE('',*,*,#920,.T.);
#1100 = ORIENTED_EDGE('',*,*,#951,.T.);
#1101 = ORIENTED_EDGE('',*,*,#984,.T.);
#1102 = ORIENTED_EDGE('',*,*,#1015,.T.);
#1103 = ORIENTED_EDGE('',*,*,#1048,.T.);
#1104 = PLANE('',#1105);
#1105 = AXIS2_PLACEMENT_3D('',#1106,#1107,#1108);
#1106 = CARTESIAN_POINT('',(0.,0.,1.545));
#1107 = DIRECTION('',(0.,0.,1.));
#1108 = DIRECTION('',(1.,0.,-0.));
#1109 = ( GEOMETRIC_REPRESENTATION_CONTEXT(3) 
GLOBAL_UNCERTAINTY_ASSIGNED_CONTEXT((#1113)) 
GLOBAL_UNIT_ASSIGNED_CONTEXT((#1110,#1111,#1112)) REPRESENTATION_CONTEXT
('Context #1','3D Context with UNIT and UNCERTAINTY') );
#1110 = ( LENGTH_UNIT() NAMED_UNIT(*) SI_UNIT(.MILLI.,.METRE.) );
#1111 = ( NAMED_UNIT(*) PLANE_ANGLE_UNIT() SI_UNIT($,.RADIAN.) );
#1112 = ( NAMED_UNIT(*) SI_UNIT($,.STERADIAN.) SOLID_ANGLE_UNIT() );
#1113 = UNCERTAINTY_MEASURE_WITH_UNIT(LENGTH_MEASURE(1.E-07),#1110,
  'distance_accuracy_value','confusion accuracy');
#1114 = CONTEXT_DEPENDENT_SHAPE_REPRESENTATION(#1115,#1117);
#1115 = ( REPRESENTATION_RELATIONSHIP('','',#48,#10) 
REPRESENTATION_RELATIONSHIP_WITH_TRANSFORMATION(#1116) 
SHAPE_REPRESENTATION_RELATIONSHIP() );
#1116 = ITEM_DEFINED_TRANSFORMATION('','',#11,#15);
#1117 = PRODUCT_DEFINITION_SHAPE('Placement','Placement of an item',
  #1118);
#1118 = NEXT_ASSEMBLY_USAGE_OCCURRENCE('1','=>[0:1:1:2]','',#5,#43,$);
#1119 = PRODUCT_RELATED_PRODUCT_CATEGORY('part',$,(#45));
#1120 = SHAPE_DEFINITION_REPRESENTATION(#1121,#1127);
#1121 = PRODUCT_DEFINITION_SHAPE('','',#1122);
#1122 = PRODUCT_DEFINITION('design','',#1123,#1126);
#1123 = PRODUCT_DEFINITION_FORMATION('','',#1124);
#1124 = PRODUCT('Cedexis - Audio Jack_pad','Cedexis - Audio Jack_pad',''
  ,(#1125));
#1125 = PRODUCT_CONTEXT('',#2,'mechanical');
#1126 = PRODUCT_DEFINITION_CONTEXT('part definition',#2,'design');
#1127 = SHAPE_REPRESENTATION('',(#11,#1128,#1422,#1716,#2010,#2199,#2388
    ,#2480,#2669,#2858,#2950,#3244,#3538,#3832,#4126,#4420),#4714);
#1128 = MANIFOLD_SOLID_BREP('',#1129);
#1129 = CLOSED_SHELL('',(#1130,#1172,#1203,#1234,#1288,#1342,#1354,#1376
    ,#1393,#1410));
#1130 = ADVANCED_FACE('',(#1131),#1167,.T.);
#1131 = FACE_BOUND('',#1132,.T.);
#1132 = EDGE_LOOP('',(#1133,#1143,#1152,#1160));
#1133 = ORIENTED_EDGE('',*,*,#1134,.T.);
#1134 = EDGE_CURVE('',#1135,#1137,#1139,.T.);
#1135 = VERTEX_POINT('',#1136);
#1136 = CARTESIAN_POINT('',(157.30975,-66.2665,1.51));
#1137 = VERTEX_POINT('',#1138);
#1138 = CARTESIAN_POINT('',(157.30975,-66.2665,1.55));
#1139 = LINE('',#1140,#1141);
#1140 = CARTESIAN_POINT('',(157.30975,-66.2665,1.51));
#1141 = VECTOR('',#1142,1.);
#1142 = DIRECTION('',(0.,0.,1.));
#1143 = ORIENTED_EDGE('',*,*,#1144,.T.);
#1144 = EDGE_CURVE('',#1137,#1145,#1147,.T.);
#1145 = VERTEX_POINT('',#1146);
#1146 = CARTESIAN_POINT('',(156.30175,-66.2665,1.55));
#1147 = CIRCLE('',#1148,0.504);
#1148 = AXIS2_PLACEMENT_3D('',#1149,#1150,#1151);
#1149 = CARTESIAN_POINT('',(156.80575,-66.26649976342,1.55));
#1150 = DIRECTION('',(-0.,0.,-1.));
#1151 = DIRECTION('',(1.,-4.694020410462E-07,-0.));
#1152 = ORIENTED_EDGE('',*,*,#1153,.F.);
#1153 = EDGE_CURVE('',#1154,#1145,#1156,.T.);
#1154 = VERTEX_POINT('',#1155);
#1155 = CARTESIAN_POINT('',(156.30175,-66.2665,1.51));
#1156 = LINE('',#1157,#1158);
#1157 = CARTESIAN_POINT('',(156.30175,-66.2665,1.51));
#1158 = VECTOR('',#1159,1.);
#1159 = DIRECTION('',(0.,0.,1.));
#1160 = ORIENTED_EDGE('',*,*,#1161,.F.);
#1161 = EDGE_CURVE('',#1135,#1154,#1162,.T.);
#1162 = CIRCLE('',#1163,0.504);
#1163 = AXIS2_PLACEMENT_3D('',#1164,#1165,#1166);
#1164 = CARTESIAN_POINT('',(156.80575,-66.26649976342,1.51));
#1165 = DIRECTION('',(-0.,0.,-1.));
#1166 = DIRECTION('',(1.,-4.694020410462E-07,-0.));
#1167 = CYLINDRICAL_SURFACE('',#1168,0.504);
#1168 = AXIS2_PLACEMENT_3D('',#1169,#1170,#1171);
#1169 = CARTESIAN_POINT('',(156.80575,-66.26649976342,1.51));
#1170 = DIRECTION('',(-0.,0.,-1.));
#1171 = DIRECTION('',(1.,-4.694020410462E-07,-0.));
#1172 = ADVANCED_FACE('',(#1173),#1198,.T.);
#1173 = FACE_BOUND('',#1174,.T.);
#1174 = EDGE_LOOP('',(#1175,#1185,#1191,#1192));
#1175 = ORIENTED_EDGE('',*,*,#1176,.T.);
#1176 = EDGE_CURVE('',#1177,#1179,#1181,.T.);
#1177 = VERTEX_POINT('',#1178);
#1178 = CARTESIAN_POINT('',(157.30975,-65.2585,1.51));
#1179 = VERTEX_POINT('',#1180);
#1180 = CARTESIAN_POINT('',(157.30975,-65.2585,1.55));
#1181 = LINE('',#1182,#1183);
#1182 = CARTESIAN_POINT('',(157.30975,-65.2585,1.51));
#1183 = VECTOR('',#1184,1.);
#1184 = DIRECTION('',(0.,0.,1.));
#1185 = ORIENTED_EDGE('',*,*,#1186,.T.);
#1186 = EDGE_CURVE('',#1179,#1137,#1187,.T.);
#1187 = LINE('',#1188,#1189);
#1188 = CARTESIAN_POINT('',(157.30975,-65.2585,1.55));
#1189 = VECTOR('',#1190,1.);
#1190 = DIRECTION('',(0.,-1.,0.));
#1191 = ORIENTED_EDGE('',*,*,#1134,.F.);
#1192 = ORIENTED_EDGE('',*,*,#1193,.F.);
#1193 = EDGE_CURVE('',#1177,#1135,#1194,.T.);
#1194 = LINE('',#1195,#1196);
#1195 = CARTESIAN_POINT('',(157.30975,-65.2585,1.51));
#1196 = VECTOR('',#1197,1.);
#1197 = DIRECTION('',(0.,-1.,0.));
#1198 = PLANE('',#1199);
#1199 = AXIS2_PLACEMENT_3D('',#1200,#1201,#1202);
#1200 = CARTESIAN_POINT('',(157.30975,-65.2585,1.51));
#1201 = DIRECTION('',(1.,0.,-0.));
#1202 = DIRECTION('',(0.,-1.,0.));
#1203 = ADVANCED_FACE('',(#1204),#1229,.T.);
#1204 = FACE_BOUND('',#1205,.T.);
#1205 = EDGE_LOOP('',(#1206,#1207,#1215,#1223));
#1206 = ORIENTED_EDGE('',*,*,#1153,.T.);
#1207 = ORIENTED_EDGE('',*,*,#1208,.T.);
#1208 = EDGE_CURVE('',#1145,#1209,#1211,.T.);
#1209 = VERTEX_POINT('',#1210);
#1210 = CARTESIAN_POINT('',(156.30175,-65.2585,1.55));
#1211 = LINE('',#1212,#1213);
#1212 = CARTESIAN_POINT('',(156.30175,-66.2665,1.55));
#1213 = VECTOR('',#1214,1.);
#1214 = DIRECTION('',(0.,1.,0.));
#1215 = ORIENTED_EDGE('',*,*,#1216,.F.);
#1216 = EDGE_CURVE('',#1217,#1209,#1219,.T.);
#1217 = VERTEX_POINT('',#1218);
#1218 = CARTESIAN_POINT('',(156.30175,-65.2585,1.51));
#1219 = LINE('',#1220,#1221);
#1220 = CARTESIAN_POINT('',(156.30175,-65.2585,1.51));
#1221 = VECTOR('',#1222,1.);
#1222 = DIRECTION('',(0.,0.,1.));
#1223 = ORIENTED_EDGE('',*,*,#1224,.F.);
#1224 = EDGE_CURVE('',#1154,#1217,#1225,.T.);
#1225 = LINE('',#1226,#1227);
#1226 = CARTESIAN_POINT('',(156.30175,-66.2665,1.51));
#1227 = VECTOR('',#1228,1.);
#1228 = DIRECTION('',(0.,1.,0.));
#1229 = PLANE('',#1230);
#1230 = AXIS2_PLACEMENT_3D('',#1231,#1232,#1233);
#1231 = CARTESIAN_POINT('',(156.30175,-66.2665,1.51));
#1232 = DIRECTION('',(-1.,0.,0.));
#1233 = DIRECTION('',(0.,1.,0.));
#1234 = ADVANCED_FACE('',(#1235,#1247),#1283,.F.);
#1235 = FACE_BOUND('',#1236,.F.);
#1236 = EDGE_LOOP('',(#1237,#1238,#1239,#1246));
#1237 = ORIENTED_EDGE('',*,*,#1161,.F.);
#1238 = ORIENTED_EDGE('',*,*,#1193,.F.);
#1239 = ORIENTED_EDGE('',*,*,#1240,.F.);
#1240 = EDGE_CURVE('',#1217,#1177,#1241,.T.);
#1241 = CIRCLE('',#1242,0.504000000001);
#1242 = AXIS2_PLACEMENT_3D('',#1243,#1244,#1245);
#1243 = CARTESIAN_POINT('',(156.80575,-65.25850113648,1.51));
#1244 = DIRECTION('',(0.,0.,-1.));
#1245 = DIRECTION('',(-0.999999999997,2.254924035848E-06,0.));
#1246 = ORIENTED_EDGE('',*,*,#1224,.F.);
#1247 = FACE_BOUND('',#1248,.F.);
#1248 = EDGE_LOOP('',(#1249,#1260,#1268,#1277));
#1249 = ORIENTED_EDGE('',*,*,#1250,.T.);
#1250 = EDGE_CURVE('',#1251,#1253,#1255,.T.);
#1251 = VERTEX_POINT('',#1252);
#1252 = CARTESIAN_POINT('',(157.03075,-66.2625,1.51));
#1253 = VERTEX_POINT('',#1254);
#1254 = CARTESIAN_POINT('',(156.58075,-66.2625,1.51));
#1255 = CIRCLE('',#1256,0.225);
#1256 = AXIS2_PLACEMENT_3D('',#1257,#1258,#1259);
#1257 = CARTESIAN_POINT('',(156.80575,-66.2625,1.51));
#1258 = DIRECTION('',(-0.,0.,-1.));
#1259 = DIRECTION('',(-1.,-1.263187085796E-13,0.));
#1260 = ORIENTED_EDGE('',*,*,#1261,.T.);
#1261 = EDGE_CURVE('',#1253,#1262,#1264,.T.);
#1262 = VERTEX_POINT('',#1263);
#1263 = CARTESIAN_POINT('',(156.58075,-65.2625,1.51));
#1264 = LINE('',#1265,#1266);
#1265 = CARTESIAN_POINT('',(156.58075,-32.63125,1.51));
#1266 = VECTOR('',#1267,1.);
#1267 = DIRECTION('',(-0.,1.,0.));
#1268 = ORIENTED_EDGE('',*,*,#1269,.T.);
#1269 = EDGE_CURVE('',#1262,#1270,#1272,.T.);
#1270 = VERTEX_POINT('',#1271);
#1271 = CARTESIAN_POINT('',(157.03075,-65.2625,1.51));
#1272 = CIRCLE('',#1273,0.225);
#1273 = AXIS2_PLACEMENT_3D('',#1274,#1275,#1276);
#1274 = CARTESIAN_POINT('',(156.80575,-65.2625,1.51));
#1275 = DIRECTION('',(0.,-0.,-1.));
#1276 = DIRECTION('',(1.,6.315935428978E-14,-0.));
#1277 = ORIENTED_EDGE('',*,*,#1278,.T.);
#1278 = EDGE_CURVE('',#1270,#1251,#1279,.T.);
#1279 = LINE('',#1280,#1281);
#1280 = CARTESIAN_POINT('',(157.03075,-33.13125,1.51));
#1281 = VECTOR('',#1282,1.);
#1282 = DIRECTION('',(0.,-1.,0.));
#1283 = PLANE('',#1284);
#1284 = AXIS2_PLACEMENT_3D('',#1285,#1286,#1287);
#1285 = CARTESIAN_POINT('',(0.,0.,1.51));
#1286 = DIRECTION('',(0.,0.,1.));
#1287 = DIRECTION('',(1.,0.,-0.));
#1288 = ADVANCED_FACE('',(#1289,#1301),#1337,.T.);
#1289 = FACE_BOUND('',#1290,.T.);
#1290 = EDGE_LOOP('',(#1291,#1292,#1293,#1300));
#1291 = ORIENTED_EDGE('',*,*,#1144,.F.);
#1292 = ORIENTED_EDGE('',*,*,#1186,.F.);
#1293 = ORIENTED_EDGE('',*,*,#1294,.F.);
#1294 = EDGE_CURVE('',#1209,#1179,#1295,.T.);
#1295 = CIRCLE('',#1296,0.504000000001);
#1296 = AXIS2_PLACEMENT_3D('',#1297,#1298,#1299);
#1297 = CARTESIAN_POINT('',(156.80575,-65.25850113648,1.55));
#1298 = DIRECTION('',(0.,0.,-1.));
#1299 = DIRECTION('',(-0.999999999997,2.254924035848E-06,0.));
#1300 = ORIENTED_EDGE('',*,*,#1208,.F.);
#1301 = FACE_BOUND('',#1302,.T.);
#1302 = EDGE_LOOP('',(#1303,#1314,#1322,#1331));
#1303 = ORIENTED_EDGE('',*,*,#1304,.T.);
#1304 = EDGE_CURVE('',#1305,#1307,#1309,.T.);
#1305 = VERTEX_POINT('',#1306);
#1306 = CARTESIAN_POINT('',(157.03075,-66.2625,1.55));
#1307 = VERTEX_POINT('',#1308);
#1308 = CARTESIAN_POINT('',(156.58075,-66.2625,1.55));
#1309 = CIRCLE('',#1310,0.225);
#1310 = AXIS2_PLACEMENT_3D('',#1311,#1312,#1313);
#1311 = CARTESIAN_POINT('',(156.80575,-66.2625,1.55));
#1312 = DIRECTION('',(-0.,0.,-1.));
#1313 = DIRECTION('',(-1.,-1.263187085796E-13,0.));
#1314 = ORIENTED_EDGE('',*,*,#1315,.T.);
#1315 = EDGE_CURVE('',#1307,#1316,#1318,.T.);
#1316 = VERTEX_POINT('',#1317);
#1317 = CARTESIAN_POINT('',(156.58075,-65.2625,1.55));
#1318 = LINE('',#1319,#1320);
#1319 = CARTESIAN_POINT('',(156.58075,-32.63125,1.55));
#1320 = VECTOR('',#1321,1.);
#1321 = DIRECTION('',(-0.,1.,0.));
#1322 = ORIENTED_EDGE('',*,*,#1323,.T.);
#1323 = EDGE_CURVE('',#1316,#1324,#1326,.T.);
#1324 = VERTEX_POINT('',#1325);
#1325 = CARTESIAN_POINT('',(157.03075,-65.2625,1.55));
#1326 = CIRCLE('',#1327,0.225);
#1327 = AXIS2_PLACEMENT_3D('',#1328,#1329,#1330);
#1328 = CARTESIAN_POINT('',(156.80575,-65.2625,1.55));
#1329 = DIRECTION('',(0.,-0.,-1.));
#1330 = DIRECTION('',(1.,6.315935428978E-14,-0.));
#1331 = ORIENTED_EDGE('',*,*,#1332,.T.);
#1332 = EDGE_CURVE('',#1324,#1305,#1333,.T.);
#1333 = LINE('',#1334,#1335);
#1334 = CARTESIAN_POINT('',(157.03075,-33.13125,1.55));
#1335 = VECTOR('',#1336,1.);
#1336 = DIRECTION('',(0.,-1.,0.));
#1337 = PLANE('',#1338);
#1338 = AXIS2_PLACEMENT_3D('',#1339,#1340,#1341);
#1339 = CARTESIAN_POINT('',(0.,0.,1.55));
#1340 = DIRECTION('',(0.,0.,1.));
#1341 = DIRECTION('',(1.,0.,-0.));
#1342 = ADVANCED_FACE('',(#1343),#1349,.T.);
#1343 = FACE_BOUND('',#1344,.T.);
#1344 = EDGE_LOOP('',(#1345,#1346,#1347,#1348));
#1345 = ORIENTED_EDGE('',*,*,#1216,.T.);
#1346 = ORIENTED_EDGE('',*,*,#1294,.T.);
#1347 = ORIENTED_EDGE('',*,*,#1176,.F.);
#1348 = ORIENTED_EDGE('',*,*,#1240,.F.);
#1349 = CYLINDRICAL_SURFACE('',#1350,0.504000000001);
#1350 = AXIS2_PLACEMENT_3D('',#1351,#1352,#1353);
#1351 = CARTESIAN_POINT('',(156.80575,-65.25850113648,1.51));
#1352 = DIRECTION('',(0.,0.,-1.));
#1353 = DIRECTION('',(-0.999999999997,2.254924035848E-06,0.));
#1354 = ADVANCED_FACE('',(#1355),#1371,.F.);
#1355 = FACE_BOUND('',#1356,.T.);
#1356 = EDGE_LOOP('',(#1357,#1358,#1364,#1365));
#1357 = ORIENTED_EDGE('',*,*,#1250,.T.);
#1358 = ORIENTED_EDGE('',*,*,#1359,.T.);
#1359 = EDGE_CURVE('',#1253,#1307,#1360,.T.);
#1360 = LINE('',#1361,#1362);
#1361 = CARTESIAN_POINT('',(156.58075,-66.2625,-4.6E-02));
#1362 = VECTOR('',#1363,1.);
#1363 = DIRECTION('',(0.,0.,1.));
#1364 = ORIENTED_EDGE('',*,*,#1304,.F.);
#1365 = ORIENTED_EDGE('',*,*,#1366,.F.);
#1366 = EDGE_CURVE('',#1251,#1305,#1367,.T.);
#1367 = LINE('',#1368,#1369);
#1368 = CARTESIAN_POINT('',(157.03075,-66.2625,-4.6E-02));
#1369 = VECTOR('',#1370,1.);
#1370 = DIRECTION('',(0.,0.,1.));
#1371 = CYLINDRICAL_SURFACE('',#1372,0.225);
#1372 = AXIS2_PLACEMENT_3D('',#1373,#1374,#1375);
#1373 = CARTESIAN_POINT('',(156.80575,-66.2625,-4.6E-02));
#1374 = DIRECTION('',(-0.,-0.,-1.));
#1375 = DIRECTION('',(-1.,-1.263187085796E-13,0.));
#1376 = ADVANCED_FACE('',(#1377),#1388,.T.);
#1377 = FACE_BOUND('',#1378,.T.);
#1378 = EDGE_LOOP('',(#1379,#1380,#1381,#1382));
#1379 = ORIENTED_EDGE('',*,*,#1278,.T.);
#1380 = ORIENTED_EDGE('',*,*,#1366,.T.);
#1381 = ORIENTED_EDGE('',*,*,#1332,.F.);
#1382 = ORIENTED_EDGE('',*,*,#1383,.F.);
#1383 = EDGE_CURVE('',#1270,#1324,#1384,.T.);
#1384 = LINE('',#1385,#1386);
#1385 = CARTESIAN_POINT('',(157.03075,-65.2625,-4.6E-02));
#1386 = VECTOR('',#1387,1.);
#1387 = DIRECTION('',(0.,0.,1.));
#1388 = PLANE('',#1389);
#1389 = AXIS2_PLACEMENT_3D('',#1390,#1391,#1392);
#1390 = CARTESIAN_POINT('',(157.03075,-66.2625,-4.6E-02));
#1391 = DIRECTION('',(-1.,0.,0.));
#1392 = DIRECTION('',(0.,1.,0.));
#1393 = ADVANCED_FACE('',(#1394),#1405,.F.);
#1394 = FACE_BOUND('',#1395,.T.);
#1395 = EDGE_LOOP('',(#1396,#1397,#1398,#1399));
#1396 = ORIENTED_EDGE('',*,*,#1269,.T.);
#1397 = ORIENTED_EDGE('',*,*,#1383,.T.);
#1398 = ORIENTED_EDGE('',*,*,#1323,.F.);
#1399 = ORIENTED_EDGE('',*,*,#1400,.F.);
#1400 = EDGE_CURVE('',#1262,#1316,#1401,.T.);
#1401 = LINE('',#1402,#1403);
#1402 = CARTESIAN_POINT('',(156.58075,-65.2625,-4.6E-02));
#1403 = VECTOR('',#1404,1.);
#1404 = DIRECTION('',(0.,0.,1.));
#1405 = CYLINDRICAL_SURFACE('',#1406,0.225);
#1406 = AXIS2_PLACEMENT_3D('',#1407,#1408,#1409);
#1407 = CARTESIAN_POINT('',(156.80575,-65.2625,-4.6E-02));
#1408 = DIRECTION('',(-0.,-0.,-1.));
#1409 = DIRECTION('',(1.,6.315935428978E-14,-0.));
#1410 = ADVANCED_FACE('',(#1411),#1417,.T.);
#1411 = FACE_BOUND('',#1412,.T.);
#1412 = EDGE_LOOP('',(#1413,#1414,#1415,#1416));
#1413 = ORIENTED_EDGE('',*,*,#1261,.T.);
#1414 = ORIENTED_EDGE('',*,*,#1400,.T.);
#1415 = ORIENTED_EDGE('',*,*,#1315,.F.);
#1416 = ORIENTED_EDGE('',*,*,#1359,.F.);
#1417 = PLANE('',#1418);
#1418 = AXIS2_PLACEMENT_3D('',#1419,#1420,#1421);
#1419 = CARTESIAN_POINT('',(156.58075,-65.2625,-4.6E-02));
#1420 = DIRECTION('',(1.,0.,-0.));
#1421 = DIRECTION('',(0.,-1.,0.));
#1422 = MANIFOLD_SOLID_BREP('',#1423);
#1423 = CLOSED_SHELL('',(#1424,#1466,#1497,#1528,#1582,#1636,#1648,#1670
    ,#1687,#1704));
#1424 = ADVANCED_FACE('',(#1425),#1461,.T.);
#1425 = FACE_BOUND('',#1426,.F.);
#1426 = EDGE_LOOP('',(#1427,#1437,#1446,#1454));
#1427 = ORIENTED_EDGE('',*,*,#1428,.T.);
#1428 = EDGE_CURVE('',#1429,#1431,#1433,.T.);
#1429 = VERTEX_POINT('',#1430);
#1430 = CARTESIAN_POINT('',(157.30975,-66.2665,0.));
#1431 = VERTEX_POINT('',#1432);
#1432 = CARTESIAN_POINT('',(157.30975,-66.2665,-4.E-02));
#1433 = LINE('',#1434,#1435);
#1434 = CARTESIAN_POINT('',(157.30975,-66.2665,0.));
#1435 = VECTOR('',#1436,1.);
#1436 = DIRECTION('',(0.,0.,-1.));
#1437 = ORIENTED_EDGE('',*,*,#1438,.T.);
#1438 = EDGE_CURVE('',#1431,#1439,#1441,.T.);
#1439 = VERTEX_POINT('',#1440);
#1440 = CARTESIAN_POINT('',(156.30175,-66.2665,-4.E-02));
#1441 = CIRCLE('',#1442,0.504);
#1442 = AXIS2_PLACEMENT_3D('',#1443,#1444,#1445);
#1443 = CARTESIAN_POINT('',(156.80575,-66.26649976342,-4.E-02));
#1444 = DIRECTION('',(-0.,0.,-1.));
#1445 = DIRECTION('',(1.,-4.694020410462E-07,-0.));
#1446 = ORIENTED_EDGE('',*,*,#1447,.F.);
#1447 = EDGE_CURVE('',#1448,#1439,#1450,.T.);
#1448 = VERTEX_POINT('',#1449);
#1449 = CARTESIAN_POINT('',(156.30175,-66.2665,0.));
#1450 = LINE('',#1451,#1452);
#1451 = CARTESIAN_POINT('',(156.30175,-66.2665,0.));
#1452 = VECTOR('',#1453,1.);
#1453 = DIRECTION('',(0.,0.,-1.));
#1454 = ORIENTED_EDGE('',*,*,#1455,.F.);
#1455 = EDGE_CURVE('',#1429,#1448,#1456,.T.);
#1456 = CIRCLE('',#1457,0.504);
#1457 = AXIS2_PLACEMENT_3D('',#1458,#1459,#1460);
#1458 = CARTESIAN_POINT('',(156.80575,-66.26649976342,0.));
#1459 = DIRECTION('',(-0.,0.,-1.));
#1460 = DIRECTION('',(1.,-4.694020410462E-07,-0.));
#1461 = CYLINDRICAL_SURFACE('',#1462,0.504);
#1462 = AXIS2_PLACEMENT_3D('',#1463,#1464,#1465);
#1463 = CARTESIAN_POINT('',(156.80575,-66.26649976342,0.));
#1464 = DIRECTION('',(0.,-0.,1.));
#1465 = DIRECTION('',(1.,-4.694020410462E-07,-0.));
#1466 = ADVANCED_FACE('',(#1467),#1492,.F.);
#1467 = FACE_BOUND('',#1468,.F.);
#1468 = EDGE_LOOP('',(#1469,#1479,#1485,#1486));
#1469 = ORIENTED_EDGE('',*,*,#1470,.T.);
#1470 = EDGE_CURVE('',#1471,#1473,#1475,.T.);
#1471 = VERTEX_POINT('',#1472);
#1472 = CARTESIAN_POINT('',(157.30975,-65.2585,0.));
#1473 = VERTEX_POINT('',#1474);
#1474 = CARTESIAN_POINT('',(157.30975,-65.2585,-4.E-02));
#1475 = LINE('',#1476,#1477);
#1476 = CARTESIAN_POINT('',(157.30975,-65.2585,0.));
#1477 = VECTOR('',#1478,1.);
#1478 = DIRECTION('',(0.,0.,-1.));
#1479 = ORIENTED_EDGE('',*,*,#1480,.T.);
#1480 = EDGE_CURVE('',#1473,#1431,#1481,.T.);
#1481 = LINE('',#1482,#1483);
#1482 = CARTESIAN_POINT('',(157.30975,-65.2585,-4.E-02));
#1483 = VECTOR('',#1484,1.);
#1484 = DIRECTION('',(0.,-1.,0.));
#1485 = ORIENTED_EDGE('',*,*,#1428,.F.);
#1486 = ORIENTED_EDGE('',*,*,#1487,.F.);
#1487 = EDGE_CURVE('',#1471,#1429,#1488,.T.);
#1488 = LINE('',#1489,#1490);
#1489 = CARTESIAN_POINT('',(157.30975,-65.2585,0.));
#1490 = VECTOR('',#1491,1.);
#1491 = DIRECTION('',(0.,-1.,0.));
#1492 = PLANE('',#1493);
#1493 = AXIS2_PLACEMENT_3D('',#1494,#1495,#1496);
#1494 = CARTESIAN_POINT('',(157.30975,-65.2585,0.));
#1495 = DIRECTION('',(-1.,-0.,-0.));
#1496 = DIRECTION('',(0.,-1.,0.));
#1497 = ADVANCED_FACE('',(#1498),#1523,.F.);
#1498 = FACE_BOUND('',#1499,.F.);
#1499 = EDGE_LOOP('',(#1500,#1501,#1509,#1517));
#1500 = ORIENTED_EDGE('',*,*,#1447,.T.);
#1501 = ORIENTED_EDGE('',*,*,#1502,.T.);
#1502 = EDGE_CURVE('',#1439,#1503,#1505,.T.);
#1503 = VERTEX_POINT('',#1504);
#1504 = CARTESIAN_POINT('',(156.30175,-65.2585,-4.E-02));
#1505 = LINE('',#1506,#1507);
#1506 = CARTESIAN_POINT('',(156.30175,-66.2665,-4.E-02));
#1507 = VECTOR('',#1508,1.);
#1508 = DIRECTION('',(0.,1.,0.));
#1509 = ORIENTED_EDGE('',*,*,#1510,.F.);
#1510 = EDGE_CURVE('',#1511,#1503,#1513,.T.);
#1511 = VERTEX_POINT('',#1512);
#1512 = CARTESIAN_POINT('',(156.30175,-65.2585,0.));
#1513 = LINE('',#1514,#1515);
#1514 = CARTESIAN_POINT('',(156.30175,-65.2585,0.));
#1515 = VECTOR('',#1516,1.);
#1516 = DIRECTION('',(0.,0.,-1.));
#1517 = ORIENTED_EDGE('',*,*,#1518,.F.);
#1518 = EDGE_CURVE('',#1448,#1511,#1519,.T.);
#1519 = LINE('',#1520,#1521);
#1520 = CARTESIAN_POINT('',(156.30175,-66.2665,0.));
#1521 = VECTOR('',#1522,1.);
#1522 = DIRECTION('',(0.,1.,0.));
#1523 = PLANE('',#1524);
#1524 = AXIS2_PLACEMENT_3D('',#1525,#1526,#1527);
#1525 = CARTESIAN_POINT('',(156.30175,-66.2665,0.));
#1526 = DIRECTION('',(1.,-0.,0.));
#1527 = DIRECTION('',(0.,1.,0.));
#1528 = ADVANCED_FACE('',(#1529,#1541),#1577,.F.);
#1529 = FACE_BOUND('',#1530,.F.);
#1530 = EDGE_LOOP('',(#1531,#1532,#1533,#1540));
#1531 = ORIENTED_EDGE('',*,*,#1455,.T.);
#1532 = ORIENTED_EDGE('',*,*,#1518,.T.);
#1533 = ORIENTED_EDGE('',*,*,#1534,.T.);
#1534 = EDGE_CURVE('',#1511,#1471,#1535,.T.);
#1535 = CIRCLE('',#1536,0.504000000001);
#1536 = AXIS2_PLACEMENT_3D('',#1537,#1538,#1539);
#1537 = CARTESIAN_POINT('',(156.80575,-65.25850113648,0.));
#1538 = DIRECTION('',(0.,0.,-1.));
#1539 = DIRECTION('',(-0.999999999997,2.254924035848E-06,0.));
#1540 = ORIENTED_EDGE('',*,*,#1487,.T.);
#1541 = FACE_BOUND('',#1542,.F.);
#1542 = EDGE_LOOP('',(#1543,#1554,#1562,#1571));
#1543 = ORIENTED_EDGE('',*,*,#1544,.F.);
#1544 = EDGE_CURVE('',#1545,#1547,#1549,.T.);
#1545 = VERTEX_POINT('',#1546);
#1546 = CARTESIAN_POINT('',(156.58075,-65.2625,0.));
#1547 = VERTEX_POINT('',#1548);
#1548 = CARTESIAN_POINT('',(157.03075,-65.2625,0.));
#1549 = CIRCLE('',#1550,0.225);
#1550 = AXIS2_PLACEMENT_3D('',#1551,#1552,#1553);
#1551 = CARTESIAN_POINT('',(156.80575,-65.2625,0.));
#1552 = DIRECTION('',(0.,-0.,-1.));
#1553 = DIRECTION('',(1.,6.315935428978E-14,-0.));
#1554 = ORIENTED_EDGE('',*,*,#1555,.T.);
#1555 = EDGE_CURVE('',#1545,#1556,#1558,.T.);
#1556 = VERTEX_POINT('',#1557);
#1557 = CARTESIAN_POINT('',(156.58075,-66.2625,0.));
#1558 = LINE('',#1559,#1560);
#1559 = CARTESIAN_POINT('',(156.58075,-32.63125,0.));
#1560 = VECTOR('',#1561,1.);
#1561 = DIRECTION('',(0.,-1.,0.));
#1562 = ORIENTED_EDGE('',*,*,#1563,.F.);
#1563 = EDGE_CURVE('',#1564,#1556,#1566,.T.);
#1564 = VERTEX_POINT('',#1565);
#1565 = CARTESIAN_POINT('',(157.03075,-66.2625,0.));
#1566 = CIRCLE('',#1567,0.225);
#1567 = AXIS2_PLACEMENT_3D('',#1568,#1569,#1570);
#1568 = CARTESIAN_POINT('',(156.80575,-66.2625,0.));
#1569 = DIRECTION('',(-0.,0.,-1.));
#1570 = DIRECTION('',(-1.,-1.263187085796E-13,0.));
#1571 = ORIENTED_EDGE('',*,*,#1572,.T.);
#1572 = EDGE_CURVE('',#1564,#1547,#1573,.T.);
#1573 = LINE('',#1574,#1575);
#1574 = CARTESIAN_POINT('',(157.03075,-33.13125,0.));
#1575 = VECTOR('',#1576,1.);
#1576 = DIRECTION('',(0.,1.,-0.));
#1577 = PLANE('',#1578);
#1578 = AXIS2_PLACEMENT_3D('',#1579,#1580,#1581);
#1579 = CARTESIAN_POINT('',(0.,0.,0.));
#1580 = DIRECTION('',(-0.,-0.,-1.));
#1581 = DIRECTION('',(-1.,0.,0.));
#1582 = ADVANCED_FACE('',(#1583,#1595),#1631,.T.);
#1583 = FACE_BOUND('',#1584,.T.);
#1584 = EDGE_LOOP('',(#1585,#1586,#1587,#1594));
#1585 = ORIENTED_EDGE('',*,*,#1438,.T.);
#1586 = ORIENTED_EDGE('',*,*,#1502,.T.);
#1587 = ORIENTED_EDGE('',*,*,#1588,.T.);
#1588 = EDGE_CURVE('',#1503,#1473,#1589,.T.);
#1589 = CIRCLE('',#1590,0.504000000001);
#1590 = AXIS2_PLACEMENT_3D('',#1591,#1592,#1593);
#1591 = CARTESIAN_POINT('',(156.80575,-65.25850113648,-4.E-02));
#1592 = DIRECTION('',(0.,0.,-1.));
#1593 = DIRECTION('',(-0.999999999997,2.254924035848E-06,0.));
#1594 = ORIENTED_EDGE('',*,*,#1480,.T.);
#1595 = FACE_BOUND('',#1596,.T.);
#1596 = EDGE_LOOP('',(#1597,#1608,#1616,#1625));
#1597 = ORIENTED_EDGE('',*,*,#1598,.F.);
#1598 = EDGE_CURVE('',#1599,#1601,#1603,.T.);
#1599 = VERTEX_POINT('',#1600);
#1600 = CARTESIAN_POINT('',(156.58075,-65.2625,-4.E-02));
#1601 = VERTEX_POINT('',#1602);
#1602 = CARTESIAN_POINT('',(157.03075,-65.2625,-4.E-02));
#1603 = CIRCLE('',#1604,0.225);
#1604 = AXIS2_PLACEMENT_3D('',#1605,#1606,#1607);
#1605 = CARTESIAN_POINT('',(156.80575,-65.2625,-4.E-02));
#1606 = DIRECTION('',(0.,-0.,-1.));
#1607 = DIRECTION('',(1.,6.315935428978E-14,-0.));
#1608 = ORIENTED_EDGE('',*,*,#1609,.T.);
#1609 = EDGE_CURVE('',#1599,#1610,#1612,.T.);
#1610 = VERTEX_POINT('',#1611);
#1611 = CARTESIAN_POINT('',(156.58075,-66.2625,-4.E-02));
#1612 = LINE('',#1613,#1614);
#1613 = CARTESIAN_POINT('',(156.58075,-32.63125,-4.E-02));
#1614 = VECTOR('',#1615,1.);
#1615 = DIRECTION('',(0.,-1.,0.));
#1616 = ORIENTED_EDGE('',*,*,#1617,.F.);
#1617 = EDGE_CURVE('',#1618,#1610,#1620,.T.);
#1618 = VERTEX_POINT('',#1619);
#1619 = CARTESIAN_POINT('',(157.03075,-66.2625,-4.E-02));
#1620 = CIRCLE('',#1621,0.225);
#1621 = AXIS2_PLACEMENT_3D('',#1622,#1623,#1624);
#1622 = CARTESIAN_POINT('',(156.80575,-66.2625,-4.E-02));
#1623 = DIRECTION('',(-0.,0.,-1.));
#1624 = DIRECTION('',(-1.,-1.263187085796E-13,0.));
#1625 = ORIENTED_EDGE('',*,*,#1626,.T.);
#1626 = EDGE_CURVE('',#1618,#1601,#1627,.T.);
#1627 = LINE('',#1628,#1629);
#1628 = CARTESIAN_POINT('',(157.03075,-33.13125,-4.E-02));
#1629 = VECTOR('',#1630,1.);
#1630 = DIRECTION('',(0.,1.,-0.));
#1631 = PLANE('',#1632);
#1632 = AXIS2_PLACEMENT_3D('',#1633,#1634,#1635);
#1633 = CARTESIAN_POINT('',(0.,0.,-4.E-02));
#1634 = DIRECTION('',(-0.,-0.,-1.));
#1635 = DIRECTION('',(-1.,0.,0.));
#1636 = ADVANCED_FACE('',(#1637),#1643,.T.);
#1637 = FACE_BOUND('',#1638,.F.);
#1638 = EDGE_LOOP('',(#1639,#1640,#1641,#1642));
#1639 = ORIENTED_EDGE('',*,*,#1510,.T.);
#1640 = ORIENTED_EDGE('',*,*,#1588,.T.);
#1641 = ORIENTED_EDGE('',*,*,#1470,.F.);
#1642 = ORIENTED_EDGE('',*,*,#1534,.F.);
#1643 = CYLINDRICAL_SURFACE('',#1644,0.504000000001);
#1644 = AXIS2_PLACEMENT_3D('',#1645,#1646,#1647);
#1645 = CARTESIAN_POINT('',(156.80575,-65.25850113648,0.));
#1646 = DIRECTION('',(-0.,-0.,1.));
#1647 = DIRECTION('',(-0.999999999997,2.254924035848E-06,0.));
#1648 = ADVANCED_FACE('',(#1649),#1665,.F.);
#1649 = FACE_BOUND('',#1650,.T.);
#1650 = EDGE_LOOP('',(#1651,#1652,#1658,#1659));
#1651 = ORIENTED_EDGE('',*,*,#1598,.T.);
#1652 = ORIENTED_EDGE('',*,*,#1653,.T.);
#1653 = EDGE_CURVE('',#1601,#1547,#1654,.T.);
#1654 = LINE('',#1655,#1656);
#1655 = CARTESIAN_POINT('',(157.03075,-65.2625,-4.6E-02));
#1656 = VECTOR('',#1657,1.);
#1657 = DIRECTION('',(0.,0.,1.));
#1658 = ORIENTED_EDGE('',*,*,#1544,.F.);
#1659 = ORIENTED_EDGE('',*,*,#1660,.F.);
#1660 = EDGE_CURVE('',#1599,#1545,#1661,.T.);
#1661 = LINE('',#1662,#1663);
#1662 = CARTESIAN_POINT('',(156.58075,-65.2625,-4.6E-02));
#1663 = VECTOR('',#1664,1.);
#1664 = DIRECTION('',(0.,0.,1.));
#1665 = CYLINDRICAL_SURFACE('',#1666,0.225);
#1666 = AXIS2_PLACEMENT_3D('',#1667,#1668,#1669);
#1667 = CARTESIAN_POINT('',(156.80575,-65.2625,-4.6E-02));
#1668 = DIRECTION('',(-0.,-0.,-1.));
#1669 = DIRECTION('',(1.,6.315935428978E-14,-0.));
#1670 = ADVANCED_FACE('',(#1671),#1682,.T.);
#1671 = FACE_BOUND('',#1672,.T.);
#1672 = EDGE_LOOP('',(#1673,#1674,#1680,#1681));
#1673 = ORIENTED_EDGE('',*,*,#1626,.F.);
#1674 = ORIENTED_EDGE('',*,*,#1675,.T.);
#1675 = EDGE_CURVE('',#1618,#1564,#1676,.T.);
#1676 = LINE('',#1677,#1678);
#1677 = CARTESIAN_POINT('',(157.03075,-66.2625,-4.6E-02));
#1678 = VECTOR('',#1679,1.);
#1679 = DIRECTION('',(0.,0.,1.));
#1680 = ORIENTED_EDGE('',*,*,#1572,.T.);
#1681 = ORIENTED_EDGE('',*,*,#1653,.F.);
#1682 = PLANE('',#1683);
#1683 = AXIS2_PLACEMENT_3D('',#1684,#1685,#1686);
#1684 = CARTESIAN_POINT('',(157.03075,-66.2625,-4.6E-02));
#1685 = DIRECTION('',(-1.,0.,0.));
#1686 = DIRECTION('',(0.,1.,0.));
#1687 = ADVANCED_FACE('',(#1688),#1699,.F.);
#1688 = FACE_BOUND('',#1689,.T.);
#1689 = EDGE_LOOP('',(#1690,#1691,#1697,#1698));
#1690 = ORIENTED_EDGE('',*,*,#1617,.T.);
#1691 = ORIENTED_EDGE('',*,*,#1692,.T.);
#1692 = EDGE_CURVE('',#1610,#1556,#1693,.T.);
#1693 = LINE('',#1694,#1695);
#1694 = CARTESIAN_POINT('',(156.58075,-66.2625,-4.6E-02));
#1695 = VECTOR('',#1696,1.);
#1696 = DIRECTION('',(0.,0.,1.));
#1697 = ORIENTED_EDGE('',*,*,#1563,.F.);
#1698 = ORIENTED_EDGE('',*,*,#1675,.F.);
#1699 = CYLINDRICAL_SURFACE('',#1700,0.225);
#1700 = AXIS2_PLACEMENT_3D('',#1701,#1702,#1703);
#1701 = CARTESIAN_POINT('',(156.80575,-66.2625,-4.6E-02));
#1702 = DIRECTION('',(-0.,-0.,-1.));
#1703 = DIRECTION('',(-1.,-1.263187085796E-13,0.));
#1704 = ADVANCED_FACE('',(#1705),#1711,.T.);
#1705 = FACE_BOUND('',#1706,.T.);
#1706 = EDGE_LOOP('',(#1707,#1708,#1709,#1710));
#1707 = ORIENTED_EDGE('',*,*,#1609,.F.);
#1708 = ORIENTED_EDGE('',*,*,#1660,.T.);
#1709 = ORIENTED_EDGE('',*,*,#1555,.T.);
#1710 = ORIENTED_EDGE('',*,*,#1692,.F.);
#1711 = PLANE('',#1712);
#1712 = AXIS2_PLACEMENT_3D('',#1713,#1714,#1715);
#1713 = CARTESIAN_POINT('',(156.58075,-65.2625,-4.6E-02));
#1714 = DIRECTION('',(1.,0.,-0.));
#1715 = DIRECTION('',(0.,-1.,0.));
#1716 = MANIFOLD_SOLID_BREP('',#1717);
#1717 = CLOSED_SHELL('',(#1718,#1758,#1791,#1824,#1877,#1930,#1942,#1964
    ,#1981,#1998));
#1718 = ADVANCED_FACE('',(#1719),#1753,.F.);
#1719 = FACE_BOUND('',#1720,.F.);
#1720 = EDGE_LOOP('',(#1721,#1731,#1739,#1747));
#1721 = ORIENTED_EDGE('',*,*,#1722,.T.);
#1722 = EDGE_CURVE('',#1723,#1725,#1727,.T.);
#1723 = VERTEX_POINT('',#1724);
#1724 = CARTESIAN_POINT('',(156.55575,-65.2625,-4.E-02));
#1725 = VERTEX_POINT('',#1726);
#1726 = CARTESIAN_POINT('',(156.55575,-65.2625,1.55));
#1727 = LINE('',#1728,#1729);
#1728 = CARTESIAN_POINT('',(156.55575,-65.2625,-4.E-02));
#1729 = VECTOR('',#1730,1.);
#1730 = DIRECTION('',(0.,0.,1.));
#1731 = ORIENTED_EDGE('',*,*,#1732,.T.);
#1732 = EDGE_CURVE('',#1725,#1733,#1735,.T.);
#1733 = VERTEX_POINT('',#1734);
#1734 = CARTESIAN_POINT('',(156.55575,-66.2625,1.55));
#1735 = LINE('',#1736,#1737);
#1736 = CARTESIAN_POINT('',(156.55575,-65.2625,1.55));
#1737 = VECTOR('',#1738,1.);
#1738 = DIRECTION('',(0.,-1.,0.));
#1739 = ORIENTED_EDGE('',*,*,#1740,.F.);
#1740 = EDGE_CURVE('',#1741,#1733,#1743,.T.);
#1741 = VERTEX_POINT('',#1742);
#1742 = CARTESIAN_POINT('',(156.55575,-66.2625,-4.E-02));
#1743 = LINE('',#1744,#1745);
#1744 = CARTESIAN_POINT('',(156.55575,-66.2625,-4.E-02));
#1745 = VECTOR('',#1746,1.);
#1746 = DIRECTION('',(0.,0.,1.));
#1747 = ORIENTED_EDGE('',*,*,#1748,.F.);
#1748 = EDGE_CURVE('',#1723,#1741,#1749,.T.);
#1749 = LINE('',#1750,#1751);
#1750 = CARTESIAN_POINT('',(156.55575,-65.2625,-4.E-02));
#1751 = VECTOR('',#1752,1.);
#1752 = DIRECTION('',(0.,-1.,0.));
#1753 = PLANE('',#1754);
#1754 = AXIS2_PLACEMENT_3D('',#1755,#1756,#1757);
#1755 = CARTESIAN_POINT('',(156.55575,-65.2625,-4.E-02));
#1756 = DIRECTION('',(1.,0.,-0.));
#1757 = DIRECTION('',(0.,-1.,0.));
#1758 = ADVANCED_FACE('',(#1759),#1786,.T.);
#1759 = FACE_BOUND('',#1760,.F.);
#1760 = EDGE_LOOP('',(#1761,#1771,#1778,#1779));
#1761 = ORIENTED_EDGE('',*,*,#1762,.T.);
#1762 = EDGE_CURVE('',#1763,#1765,#1767,.T.);
#1763 = VERTEX_POINT('',#1764);
#1764 = CARTESIAN_POINT('',(157.05575,-65.2625,-4.E-02));
#1765 = VERTEX_POINT('',#1766);
#1766 = CARTESIAN_POINT('',(157.05575,-65.2625,1.55));
#1767 = LINE('',#1768,#1769);
#1768 = CARTESIAN_POINT('',(157.05575,-65.2625,-4.E-02));
#1769 = VECTOR('',#1770,1.);
#1770 = DIRECTION('',(0.,0.,1.));
#1771 = ORIENTED_EDGE('',*,*,#1772,.T.);
#1772 = EDGE_CURVE('',#1765,#1725,#1773,.T.);
#1773 = CIRCLE('',#1774,0.25);
#1774 = AXIS2_PLACEMENT_3D('',#1775,#1776,#1777);
#1775 = CARTESIAN_POINT('',(156.80575,-65.2625,1.55));
#1776 = DIRECTION('',(0.,0.,1.));
#1777 = DIRECTION('',(1.,0.,-0.));
#1778 = ORIENTED_EDGE('',*,*,#1722,.F.);
#1779 = ORIENTED_EDGE('',*,*,#1780,.F.);
#1780 = EDGE_CURVE('',#1763,#1723,#1781,.T.);
#1781 = CIRCLE('',#1782,0.25);
#1782 = AXIS2_PLACEMENT_3D('',#1783,#1784,#1785);
#1783 = CARTESIAN_POINT('',(156.80575,-65.2625,-4.E-02));
#1784 = DIRECTION('',(0.,0.,1.));
#1785 = DIRECTION('',(1.,0.,-0.));
#1786 = CYLINDRICAL_SURFACE('',#1787,0.25);
#1787 = AXIS2_PLACEMENT_3D('',#1788,#1789,#1790);
#1788 = CARTESIAN_POINT('',(156.80575,-65.2625,-4.E-02));
#1789 = DIRECTION('',(-0.,-0.,-1.));
#1790 = DIRECTION('',(1.,0.,-0.));
#1791 = ADVANCED_FACE('',(#1792),#1819,.T.);
#1792 = FACE_BOUND('',#1793,.F.);
#1793 = EDGE_LOOP('',(#1794,#1795,#1804,#1812));
#1794 = ORIENTED_EDGE('',*,*,#1740,.T.);
#1795 = ORIENTED_EDGE('',*,*,#1796,.T.);
#1796 = EDGE_CURVE('',#1733,#1797,#1799,.T.);
#1797 = VERTEX_POINT('',#1798);
#1798 = CARTESIAN_POINT('',(157.05575,-66.2625,1.55));
#1799 = CIRCLE('',#1800,0.25);
#1800 = AXIS2_PLACEMENT_3D('',#1801,#1802,#1803);
#1801 = CARTESIAN_POINT('',(156.80575,-66.2625,1.55));
#1802 = DIRECTION('',(0.,0.,1.));
#1803 = DIRECTION('',(-1.,0.,-0.));
#1804 = ORIENTED_EDGE('',*,*,#1805,.F.);
#1805 = EDGE_CURVE('',#1806,#1797,#1808,.T.);
#1806 = VERTEX_POINT('',#1807);
#1807 = CARTESIAN_POINT('',(157.05575,-66.2625,-4.E-02));
#1808 = LINE('',#1809,#1810);
#1809 = CARTESIAN_POINT('',(157.05575,-66.2625,-4.E-02));
#1810 = VECTOR('',#1811,1.);
#1811 = DIRECTION('',(0.,0.,1.));
#1812 = ORIENTED_EDGE('',*,*,#1813,.F.);
#1813 = EDGE_CURVE('',#1741,#1806,#1814,.T.);
#1814 = CIRCLE('',#1815,0.25);
#1815 = AXIS2_PLACEMENT_3D('',#1816,#1817,#1818);
#1816 = CARTESIAN_POINT('',(156.80575,-66.2625,-4.E-02));
#1817 = DIRECTION('',(0.,0.,1.));
#1818 = DIRECTION('',(-1.,0.,-0.));
#1819 = CYLINDRICAL_SURFACE('',#1820,0.25);
#1820 = AXIS2_PLACEMENT_3D('',#1821,#1822,#1823);
#1821 = CARTESIAN_POINT('',(156.80575,-66.2625,-4.E-02));
#1822 = DIRECTION('',(-0.,-0.,-1.));
#1823 = DIRECTION('',(-1.,0.,-0.));
#1824 = ADVANCED_FACE('',(#1825,#1836),#1872,.F.);
#1825 = FACE_BOUND('',#1826,.F.);
#1826 = EDGE_LOOP('',(#1827,#1828,#1829,#1835));
#1827 = ORIENTED_EDGE('',*,*,#1748,.T.);
#1828 = ORIENTED_EDGE('',*,*,#1813,.T.);
#1829 = ORIENTED_EDGE('',*,*,#1830,.T.);
#1830 = EDGE_CURVE('',#1806,#1763,#1831,.T.);
#1831 = LINE('',#1832,#1833);
#1832 = CARTESIAN_POINT('',(157.05575,-66.2625,-4.E-02));
#1833 = VECTOR('',#1834,1.);
#1834 = DIRECTION('',(0.,1.,0.));
#1835 = ORIENTED_EDGE('',*,*,#1780,.T.);
#1836 = FACE_BOUND('',#1837,.F.);
#1837 = EDGE_LOOP('',(#1838,#1849,#1857,#1866));
#1838 = ORIENTED_EDGE('',*,*,#1839,.T.);
#1839 = EDGE_CURVE('',#1840,#1842,#1844,.T.);
#1840 = VERTEX_POINT('',#1841);
#1841 = CARTESIAN_POINT('',(157.03075,-66.2625,-4.E-02));
#1842 = VERTEX_POINT('',#1843);
#1843 = CARTESIAN_POINT('',(156.58075,-66.2625,-4.E-02));
#1844 = CIRCLE('',#1845,0.225);
#1845 = AXIS2_PLACEMENT_3D('',#1846,#1847,#1848);
#1846 = CARTESIAN_POINT('',(156.80575,-66.2625,-4.E-02));
#1847 = DIRECTION('',(-0.,0.,-1.));
#1848 = DIRECTION('',(-1.,-1.263187085796E-13,0.));
#1849 = ORIENTED_EDGE('',*,*,#1850,.T.);
#1850 = EDGE_CURVE('',#1842,#1851,#1853,.T.);
#1851 = VERTEX_POINT('',#1852);
#1852 = CARTESIAN_POINT('',(156.58075,-65.2625,-4.E-02));
#1853 = LINE('',#1854,#1855);
#1854 = CARTESIAN_POINT('',(156.58075,-65.2625,-4.E-02));
#1855 = VECTOR('',#1856,1.);
#1856 = DIRECTION('',(-0.,1.,0.));
#1857 = ORIENTED_EDGE('',*,*,#1858,.T.);
#1858 = EDGE_CURVE('',#1851,#1859,#1861,.T.);
#1859 = VERTEX_POINT('',#1860);
#1860 = CARTESIAN_POINT('',(157.03075,-65.2625,-4.E-02));
#1861 = CIRCLE('',#1862,0.225);
#1862 = AXIS2_PLACEMENT_3D('',#1863,#1864,#1865);
#1863 = CARTESIAN_POINT('',(156.80575,-65.2625,-4.E-02));
#1864 = DIRECTION('',(0.,-0.,-1.));
#1865 = DIRECTION('',(1.,6.315935428978E-14,-0.));
#1866 = ORIENTED_EDGE('',*,*,#1867,.T.);
#1867 = EDGE_CURVE('',#1859,#1840,#1868,.T.);
#1868 = LINE('',#1869,#1870);
#1869 = CARTESIAN_POINT('',(157.03075,-65.7625,-4.E-02));
#1870 = VECTOR('',#1871,1.);
#1871 = DIRECTION('',(0.,-1.,0.));
#1872 = PLANE('',#1873);
#1873 = AXIS2_PLACEMENT_3D('',#1874,#1875,#1876);
#1874 = CARTESIAN_POINT('',(156.55575,-65.2625,-4.E-02));
#1875 = DIRECTION('',(0.,0.,1.));
#1876 = DIRECTION('',(1.,0.,-0.));
#1877 = ADVANCED_FACE('',(#1878,#1889),#1925,.T.);
#1878 = FACE_BOUND('',#1879,.T.);
#1879 = EDGE_LOOP('',(#1880,#1881,#1882,#1888));
#1880 = ORIENTED_EDGE('',*,*,#1732,.T.);
#1881 = ORIENTED_EDGE('',*,*,#1796,.T.);
#1882 = ORIENTED_EDGE('',*,*,#1883,.T.);
#1883 = EDGE_CURVE('',#1797,#1765,#1884,.T.);
#1884 = LINE('',#1885,#1886);
#1885 = CARTESIAN_POINT('',(157.05575,-66.2625,1.55));
#1886 = VECTOR('',#1887,1.);
#1887 = DIRECTION('',(0.,1.,0.));
#1888 = ORIENTED_EDGE('',*,*,#1772,.T.);
#1889 = FACE_BOUND('',#1890,.T.);
#1890 = EDGE_LOOP('',(#1891,#1902,#1910,#1919));
#1891 = ORIENTED_EDGE('',*,*,#1892,.T.);
#1892 = EDGE_CURVE('',#1893,#1895,#1897,.T.);
#1893 = VERTEX_POINT('',#1894);
#1894 = CARTESIAN_POINT('',(157.03075,-66.2625,1.55));
#1895 = VERTEX_POINT('',#1896);
#1896 = CARTESIAN_POINT('',(156.58075,-66.2625,1.55));
#1897 = CIRCLE('',#1898,0.225);
#1898 = AXIS2_PLACEMENT_3D('',#1899,#1900,#1901);
#1899 = CARTESIAN_POINT('',(156.80575,-66.2625,1.55));
#1900 = DIRECTION('',(-0.,0.,-1.));
#1901 = DIRECTION('',(-1.,-1.263187085796E-13,0.));
#1902 = ORIENTED_EDGE('',*,*,#1903,.T.);
#1903 = EDGE_CURVE('',#1895,#1904,#1906,.T.);
#1904 = VERTEX_POINT('',#1905);
#1905 = CARTESIAN_POINT('',(156.58075,-65.2625,1.55));
#1906 = LINE('',#1907,#1908);
#1907 = CARTESIAN_POINT('',(156.58075,-65.2625,1.55));
#1908 = VECTOR('',#1909,1.);
#1909 = DIRECTION('',(-0.,1.,0.));
#1910 = ORIENTED_EDGE('',*,*,#1911,.T.);
#1911 = EDGE_CURVE('',#1904,#1912,#1914,.T.);
#1912 = VERTEX_POINT('',#1913);
#1913 = CARTESIAN_POINT('',(157.03075,-65.2625,1.55));
#1914 = CIRCLE('',#1915,0.225);
#1915 = AXIS2_PLACEMENT_3D('',#1916,#1917,#1918);
#1916 = CARTESIAN_POINT('',(156.80575,-65.2625,1.55));
#1917 = DIRECTION('',(0.,-0.,-1.));
#1918 = DIRECTION('',(1.,6.315935428978E-14,-0.));
#1919 = ORIENTED_EDGE('',*,*,#1920,.T.);
#1920 = EDGE_CURVE('',#1912,#1893,#1921,.T.);
#1921 = LINE('',#1922,#1923);
#1922 = CARTESIAN_POINT('',(157.03075,-65.7625,1.55));
#1923 = VECTOR('',#1924,1.);
#1924 = DIRECTION('',(0.,-1.,0.));
#1925 = PLANE('',#1926);
#1926 = AXIS2_PLACEMENT_3D('',#1927,#1928,#1929);
#1927 = CARTESIAN_POINT('',(156.55575,-65.2625,1.55));
#1928 = DIRECTION('',(0.,0.,1.));
#1929 = DIRECTION('',(1.,0.,-0.));
#1930 = ADVANCED_FACE('',(#1931),#1937,.F.);
#1931 = FACE_BOUND('',#1932,.F.);
#1932 = EDGE_LOOP('',(#1933,#1934,#1935,#1936));
#1933 = ORIENTED_EDGE('',*,*,#1805,.T.);
#1934 = ORIENTED_EDGE('',*,*,#1883,.T.);
#1935 = ORIENTED_EDGE('',*,*,#1762,.F.);
#1936 = ORIENTED_EDGE('',*,*,#1830,.F.);
#1937 = PLANE('',#1938);
#1938 = AXIS2_PLACEMENT_3D('',#1939,#1940,#1941);
#1939 = CARTESIAN_POINT('',(157.05575,-66.2625,-4.E-02));
#1940 = DIRECTION('',(-1.,0.,0.));
#1941 = DIRECTION('',(0.,1.,0.));
#1942 = ADVANCED_FACE('',(#1943),#1959,.F.);
#1943 = FACE_BOUND('',#1944,.T.);
#1944 = EDGE_LOOP('',(#1945,#1946,#1952,#1953));
#1945 = ORIENTED_EDGE('',*,*,#1839,.T.);
#1946 = ORIENTED_EDGE('',*,*,#1947,.T.);
#1947 = EDGE_CURVE('',#1842,#1895,#1948,.T.);
#1948 = LINE('',#1949,#1950);
#1949 = CARTESIAN_POINT('',(156.58075,-66.2625,-4.6E-02));
#1950 = VECTOR('',#1951,1.);
#1951 = DIRECTION('',(0.,0.,1.));
#1952 = ORIENTED_EDGE('',*,*,#1892,.F.);
#1953 = ORIENTED_EDGE('',*,*,#1954,.F.);
#1954 = EDGE_CURVE('',#1840,#1893,#1955,.T.);
#1955 = LINE('',#1956,#1957);
#1956 = CARTESIAN_POINT('',(157.03075,-66.2625,-4.6E-02));
#1957 = VECTOR('',#1958,1.);
#1958 = DIRECTION('',(0.,0.,1.));
#1959 = CYLINDRICAL_SURFACE('',#1960,0.225);
#1960 = AXIS2_PLACEMENT_3D('',#1961,#1962,#1963);
#1961 = CARTESIAN_POINT('',(156.80575,-66.2625,-4.6E-02));
#1962 = DIRECTION('',(-0.,-0.,-1.));
#1963 = DIRECTION('',(-1.,-1.263187085796E-13,0.));
#1964 = ADVANCED_FACE('',(#1965),#1976,.T.);
#1965 = FACE_BOUND('',#1966,.T.);
#1966 = EDGE_LOOP('',(#1967,#1968,#1969,#1970));
#1967 = ORIENTED_EDGE('',*,*,#1867,.T.);
#1968 = ORIENTED_EDGE('',*,*,#1954,.T.);
#1969 = ORIENTED_EDGE('',*,*,#1920,.F.);
#1970 = ORIENTED_EDGE('',*,*,#1971,.F.);
#1971 = EDGE_CURVE('',#1859,#1912,#1972,.T.);
#1972 = LINE('',#1973,#1974);
#1973 = CARTESIAN_POINT('',(157.03075,-65.2625,-4.6E-02));
#1974 = VECTOR('',#1975,1.);
#1975 = DIRECTION('',(0.,0.,1.));
#1976 = PLANE('',#1977);
#1977 = AXIS2_PLACEMENT_3D('',#1978,#1979,#1980);
#1978 = CARTESIAN_POINT('',(157.03075,-66.2625,-4.6E-02));
#1979 = DIRECTION('',(-1.,0.,0.));
#1980 = DIRECTION('',(0.,1.,0.));
#1981 = ADVANCED_FACE('',(#1982),#1993,.F.);
#1982 = FACE_BOUND('',#1983,.T.);
#1983 = EDGE_LOOP('',(#1984,#1985,#1986,#1987));
#1984 = ORIENTED_EDGE('',*,*,#1858,.T.);
#1985 = ORIENTED_EDGE('',*,*,#1971,.T.);
#1986 = ORIENTED_EDGE('',*,*,#1911,.F.);
#1987 = ORIENTED_EDGE('',*,*,#1988,.F.);
#1988 = EDGE_CURVE('',#1851,#1904,#1989,.T.);
#1989 = LINE('',#1990,#1991);
#1990 = CARTESIAN_POINT('',(156.58075,-65.2625,-4.6E-02));
#1991 = VECTOR('',#1992,1.);
#1992 = DIRECTION('',(0.,0.,1.));
#1993 = CYLINDRICAL_SURFACE('',#1994,0.225);
#1994 = AXIS2_PLACEMENT_3D('',#1995,#1996,#1997);
#1995 = CARTESIAN_POINT('',(156.80575,-65.2625,-4.6E-02));
#1996 = DIRECTION('',(-0.,-0.,-1.));
#1997 = DIRECTION('',(1.,6.315935428978E-14,-0.));
#1998 = ADVANCED_FACE('',(#1999),#2005,.T.);
#1999 = FACE_BOUND('',#2000,.T.);
#2000 = EDGE_LOOP('',(#2001,#2002,#2003,#2004));
#2001 = ORIENTED_EDGE('',*,*,#1850,.T.);
#2002 = ORIENTED_EDGE('',*,*,#1988,.T.);
#2003 = ORIENTED_EDGE('',*,*,#1903,.F.);
#2004 = ORIENTED_EDGE('',*,*,#1947,.F.);
#2005 = PLANE('',#2006);
#2006 = AXIS2_PLACEMENT_3D('',#2007,#2008,#2009);
#2007 = CARTESIAN_POINT('',(156.58075,-65.2625,-4.6E-02));
#2008 = DIRECTION('',(1.,0.,-0.));
#2009 = DIRECTION('',(0.,-1.,0.));
#2010 = MANIFOLD_SOLID_BREP('',#2011);
#2011 = CLOSED_SHELL('',(#2012,#2052,#2083,#2114,#2142,#2170,#2182));
#2012 = ADVANCED_FACE('',(#2013),#2047,.T.);
#2013 = FACE_BOUND('',#2014,.T.);
#2014 = EDGE_LOOP('',(#2015,#2025,#2033,#2041));
#2015 = ORIENTED_EDGE('',*,*,#2016,.T.);
#2016 = EDGE_CURVE('',#2017,#2019,#2021,.T.);
#2017 = VERTEX_POINT('',#2018);
#2018 = CARTESIAN_POINT('',(158.5,-66.,1.51));
#2019 = VERTEX_POINT('',#2020);
#2020 = CARTESIAN_POINT('',(158.5,-66.,1.55));
#2021 = LINE('',#2022,#2023);
#2022 = CARTESIAN_POINT('',(158.5,-66.,1.51));
#2023 = VECTOR('',#2024,1.);
#2024 = DIRECTION('',(0.,0.,1.));
#2025 = ORIENTED_EDGE('',*,*,#2026,.T.);
#2026 = EDGE_CURVE('',#2019,#2027,#2029,.T.);
#2027 = VERTEX_POINT('',#2028);
#2028 = CARTESIAN_POINT('',(158.5,-64.,1.55));
#2029 = LINE('',#2030,#2031);
#2030 = CARTESIAN_POINT('',(158.5,-66.,1.55));
#2031 = VECTOR('',#2032,1.);
#2032 = DIRECTION('',(0.,1.,0.));
#2033 = ORIENTED_EDGE('',*,*,#2034,.F.);
#2034 = EDGE_CURVE('',#2035,#2027,#2037,.T.);
#2035 = VERTEX_POINT('',#2036);
#2036 = CARTESIAN_POINT('',(158.5,-64.,1.51));
#2037 = LINE('',#2038,#2039);
#2038 = CARTESIAN_POINT('',(158.5,-64.,1.51));
#2039 = VECTOR('',#2040,1.);
#2040 = DIRECTION('',(0.,0.,1.));
#2041 = ORIENTED_EDGE('',*,*,#2042,.F.);
#2042 = EDGE_CURVE('',#2017,#2035,#2043,.T.);
#2043 = LINE('',#2044,#2045);
#2044 = CARTESIAN_POINT('',(158.5,-66.,1.51));
#2045 = VECTOR('',#2046,1.);
#2046 = DIRECTION('',(0.,1.,0.));
#2047 = PLANE('',#2048);
#2048 = AXIS2_PLACEMENT_3D('',#2049,#2050,#2051);
#2049 = CARTESIAN_POINT('',(158.5,-66.,1.51));
#2050 = DIRECTION('',(-1.,0.,0.));
#2051 = DIRECTION('',(0.,1.,0.));
#2052 = ADVANCED_FACE('',(#2053),#2078,.T.);
#2053 = FACE_BOUND('',#2054,.T.);
#2054 = EDGE_LOOP('',(#2055,#2065,#2071,#2072));
#2055 = ORIENTED_EDGE('',*,*,#2056,.T.);
#2056 = EDGE_CURVE('',#2057,#2059,#2061,.T.);
#2057 = VERTEX_POINT('',#2058);
#2058 = CARTESIAN_POINT('',(160.5,-66.,1.51));
#2059 = VERTEX_POINT('',#2060);
#2060 = CARTESIAN_POINT('',(160.5,-66.,1.55));
#2061 = LINE('',#2062,#2063);
#2062 = CARTESIAN_POINT('',(160.5,-66.,1.51));
#2063 = VECTOR('',#2064,1.);
#2064 = DIRECTION('',(0.,0.,1.));
#2065 = ORIENTED_EDGE('',*,*,#2066,.T.);
#2066 = EDGE_CURVE('',#2059,#2019,#2067,.T.);
#2067 = LINE('',#2068,#2069);
#2068 = CARTESIAN_POINT('',(160.5,-66.,1.55));
#2069 = VECTOR('',#2070,1.);
#2070 = DIRECTION('',(-1.,0.,0.));
#2071 = ORIENTED_EDGE('',*,*,#2016,.F.);
#2072 = ORIENTED_EDGE('',*,*,#2073,.F.);
#2073 = EDGE_CURVE('',#2057,#2017,#2074,.T.);
#2074 = LINE('',#2075,#2076);
#2075 = CARTESIAN_POINT('',(160.5,-66.,1.51));
#2076 = VECTOR('',#2077,1.);
#2077 = DIRECTION('',(-1.,0.,0.));
#2078 = PLANE('',#2079);
#2079 = AXIS2_PLACEMENT_3D('',#2080,#2081,#2082);
#2080 = CARTESIAN_POINT('',(160.5,-66.,1.51));
#2081 = DIRECTION('',(0.,-1.,0.));
#2082 = DIRECTION('',(-1.,0.,0.));
#2083 = ADVANCED_FACE('',(#2084),#2109,.T.);
#2084 = FACE_BOUND('',#2085,.T.);
#2085 = EDGE_LOOP('',(#2086,#2087,#2095,#2103));
#2086 = ORIENTED_EDGE('',*,*,#2034,.T.);
#2087 = ORIENTED_EDGE('',*,*,#2088,.T.);
#2088 = EDGE_CURVE('',#2027,#2089,#2091,.T.);
#2089 = VERTEX_POINT('',#2090);
#2090 = CARTESIAN_POINT('',(160.5,-64.,1.55));
#2091 = LINE('',#2092,#2093);
#2092 = CARTESIAN_POINT('',(158.5,-64.,1.55));
#2093 = VECTOR('',#2094,1.);
#2094 = DIRECTION('',(1.,0.,0.));
#2095 = ORIENTED_EDGE('',*,*,#2096,.F.);
#2096 = EDGE_CURVE('',#2097,#2089,#2099,.T.);
#2097 = VERTEX_POINT('',#2098);
#2098 = CARTESIAN_POINT('',(160.5,-64.,1.51));
#2099 = LINE('',#2100,#2101);
#2100 = CARTESIAN_POINT('',(160.5,-64.,1.51));
#2101 = VECTOR('',#2102,1.);
#2102 = DIRECTION('',(0.,0.,1.));
#2103 = ORIENTED_EDGE('',*,*,#2104,.F.);
#2104 = EDGE_CURVE('',#2035,#2097,#2105,.T.);
#2105 = LINE('',#2106,#2107);
#2106 = CARTESIAN_POINT('',(158.5,-64.,1.51));
#2107 = VECTOR('',#2108,1.);
#2108 = DIRECTION('',(1.,0.,0.));
#2109 = PLANE('',#2110);
#2110 = AXIS2_PLACEMENT_3D('',#2111,#2112,#2113);
#2111 = CARTESIAN_POINT('',(158.5,-64.,1.51));
#2112 = DIRECTION('',(0.,1.,0.));
#2113 = DIRECTION('',(1.,0.,0.));
#2114 = ADVANCED_FACE('',(#2115,#2126),#2137,.F.);
#2115 = FACE_BOUND('',#2116,.F.);
#2116 = EDGE_LOOP('',(#2117,#2118,#2119,#2125));
#2117 = ORIENTED_EDGE('',*,*,#2042,.F.);
#2118 = ORIENTED_EDGE('',*,*,#2073,.F.);
#2119 = ORIENTED_EDGE('',*,*,#2120,.F.);
#2120 = EDGE_CURVE('',#2097,#2057,#2121,.T.);
#2121 = LINE('',#2122,#2123);
#2122 = CARTESIAN_POINT('',(160.5,-64.,1.51));
#2123 = VECTOR('',#2124,1.);
#2124 = DIRECTION('',(0.,-1.,0.));
#2125 = ORIENTED_EDGE('',*,*,#2104,.F.);
#2126 = FACE_BOUND('',#2127,.F.);
#2127 = EDGE_LOOP('',(#2128));
#2128 = ORIENTED_EDGE('',*,*,#2129,.T.);
#2129 = EDGE_CURVE('',#2130,#2130,#2132,.T.);
#2130 = VERTEX_POINT('',#2131);
#2131 = CARTESIAN_POINT('',(159.5,-65.475,1.51));
#2132 = CIRCLE('',#2133,0.475);
#2133 = AXIS2_PLACEMENT_3D('',#2134,#2135,#2136);
#2134 = CARTESIAN_POINT('',(159.5,-65.,1.51));
#2135 = DIRECTION('',(-0.,0.,-1.));
#2136 = DIRECTION('',(-0.,-1.,0.));
#2137 = PLANE('',#2138);
#2138 = AXIS2_PLACEMENT_3D('',#2139,#2140,#2141);
#2139 = CARTESIAN_POINT('',(0.,0.,1.51));
#2140 = DIRECTION('',(0.,0.,1.));
#2141 = DIRECTION('',(1.,0.,-0.));
#2142 = ADVANCED_FACE('',(#2143,#2154),#2165,.T.);
#2143 = FACE_BOUND('',#2144,.T.);
#2144 = EDGE_LOOP('',(#2145,#2146,#2147,#2153));
#2145 = ORIENTED_EDGE('',*,*,#2026,.F.);
#2146 = ORIENTED_EDGE('',*,*,#2066,.F.);
#2147 = ORIENTED_EDGE('',*,*,#2148,.F.);
#2148 = EDGE_CURVE('',#2089,#2059,#2149,.T.);
#2149 = LINE('',#2150,#2151);
#2150 = CARTESIAN_POINT('',(160.5,-64.,1.55));
#2151 = VECTOR('',#2152,1.);
#2152 = DIRECTION('',(0.,-1.,0.));
#2153 = ORIENTED_EDGE('',*,*,#2088,.F.);
#2154 = FACE_BOUND('',#2155,.T.);
#2155 = EDGE_LOOP('',(#2156));
#2156 = ORIENTED_EDGE('',*,*,#2157,.T.);
#2157 = EDGE_CURVE('',#2158,#2158,#2160,.T.);
#2158 = VERTEX_POINT('',#2159);
#2159 = CARTESIAN_POINT('',(159.5,-65.475,1.55));
#2160 = CIRCLE('',#2161,0.475);
#2161 = AXIS2_PLACEMENT_3D('',#2162,#2163,#2164);
#2162 = CARTESIAN_POINT('',(159.5,-65.,1.55));
#2163 = DIRECTION('',(-0.,0.,-1.));
#2164 = DIRECTION('',(-0.,-1.,0.));
#2165 = PLANE('',#2166);
#2166 = AXIS2_PLACEMENT_3D('',#2167,#2168,#2169);
#2167 = CARTESIAN_POINT('',(0.,0.,1.55));
#2168 = DIRECTION('',(0.,0.,1.));
#2169 = DIRECTION('',(1.,0.,-0.));
#2170 = ADVANCED_FACE('',(#2171),#2177,.T.);
#2171 = FACE_BOUND('',#2172,.T.);
#2172 = EDGE_LOOP('',(#2173,#2174,#2175,#2176));
#2173 = ORIENTED_EDGE('',*,*,#2096,.T.);
#2174 = ORIENTED_EDGE('',*,*,#2148,.T.);
#2175 = ORIENTED_EDGE('',*,*,#2056,.F.);
#2176 = ORIENTED_EDGE('',*,*,#2120,.F.);
#2177 = PLANE('',#2178);
#2178 = AXIS2_PLACEMENT_3D('',#2179,#2180,#2181);
#2179 = CARTESIAN_POINT('',(160.5,-64.,1.51));
#2180 = DIRECTION('',(1.,0.,-0.));
#2181 = DIRECTION('',(0.,-1.,0.));
#2182 = ADVANCED_FACE('',(#2183),#2194,.F.);
#2183 = FACE_BOUND('',#2184,.T.);
#2184 = EDGE_LOOP('',(#2185,#2186,#2192,#2193));
#2185 = ORIENTED_EDGE('',*,*,#2129,.T.);
#2186 = ORIENTED_EDGE('',*,*,#2187,.T.);
#2187 = EDGE_CURVE('',#2130,#2158,#2188,.T.);
#2188 = LINE('',#2189,#2190);
#2189 = CARTESIAN_POINT('',(159.5,-65.475,-4.6E-02));
#2190 = VECTOR('',#2191,1.);
#2191 = DIRECTION('',(0.,0.,1.));
#2192 = ORIENTED_EDGE('',*,*,#2157,.F.);
#2193 = ORIENTED_EDGE('',*,*,#2187,.F.);
#2194 = CYLINDRICAL_SURFACE('',#2195,0.475);
#2195 = AXIS2_PLACEMENT_3D('',#2196,#2197,#2198);
#2196 = CARTESIAN_POINT('',(159.5,-65.,-4.6E-02));
#2197 = DIRECTION('',(-0.,-0.,-1.));
#2198 = DIRECTION('',(-0.,-1.,0.));
#2199 = MANIFOLD_SOLID_BREP('',#2200);
#2200 = CLOSED_SHELL('',(#2201,#2241,#2272,#2303,#2331,#2359,#2371));
#2201 = ADVANCED_FACE('',(#2202),#2236,.F.);
#2202 = FACE_BOUND('',#2203,.F.);
#2203 = EDGE_LOOP('',(#2204,#2214,#2222,#2230));
#2204 = ORIENTED_EDGE('',*,*,#2205,.T.);
#2205 = EDGE_CURVE('',#2206,#2208,#2210,.T.);
#2206 = VERTEX_POINT('',#2207);
#2207 = CARTESIAN_POINT('',(158.5,-66.,0.));
#2208 = VERTEX_POINT('',#2209);
#2209 = CARTESIAN_POINT('',(158.5,-66.,-4.E-02));
#2210 = LINE('',#2211,#2212);
#2211 = CARTESIAN_POINT('',(158.5,-66.,0.));
#2212 = VECTOR('',#2213,1.);
#2213 = DIRECTION('',(0.,0.,-1.));
#2214 = ORIENTED_EDGE('',*,*,#2215,.T.);
#2215 = EDGE_CURVE('',#2208,#2216,#2218,.T.);
#2216 = VERTEX_POINT('',#2217);
#2217 = CARTESIAN_POINT('',(158.5,-64.,-4.E-02));
#2218 = LINE('',#2219,#2220);
#2219 = CARTESIAN_POINT('',(158.5,-66.,-4.E-02));
#2220 = VECTOR('',#2221,1.);
#2221 = DIRECTION('',(0.,1.,0.));
#2222 = ORIENTED_EDGE('',*,*,#2223,.F.);
#2223 = EDGE_CURVE('',#2224,#2216,#2226,.T.);
#2224 = VERTEX_POINT('',#2225);
#2225 = CARTESIAN_POINT('',(158.5,-64.,0.));
#2226 = LINE('',#2227,#2228);
#2227 = CARTESIAN_POINT('',(158.5,-64.,0.));
#2228 = VECTOR('',#2229,1.);
#2229 = DIRECTION('',(0.,0.,-1.));
#2230 = ORIENTED_EDGE('',*,*,#2231,.F.);
#2231 = EDGE_CURVE('',#2206,#2224,#2232,.T.);
#2232 = LINE('',#2233,#2234);
#2233 = CARTESIAN_POINT('',(158.5,-66.,0.));
#2234 = VECTOR('',#2235,1.);
#2235 = DIRECTION('',(0.,1.,0.));
#2236 = PLANE('',#2237);
#2237 = AXIS2_PLACEMENT_3D('',#2238,#2239,#2240);
#2238 = CARTESIAN_POINT('',(158.5,-66.,0.));
#2239 = DIRECTION('',(1.,-0.,0.));
#2240 = DIRECTION('',(0.,1.,0.));
#2241 = ADVANCED_FACE('',(#2242),#2267,.F.);
#2242 = FACE_BOUND('',#2243,.F.);
#2243 = EDGE_LOOP('',(#2244,#2254,#2260,#2261));
#2244 = ORIENTED_EDGE('',*,*,#2245,.T.);
#2245 = EDGE_CURVE('',#2246,#2248,#2250,.T.);
#2246 = VERTEX_POINT('',#2247);
#2247 = CARTESIAN_POINT('',(160.5,-66.,0.));
#2248 = VERTEX_POINT('',#2249);
#2249 = CARTESIAN_POINT('',(160.5,-66.,-4.E-02));
#2250 = LINE('',#2251,#2252);
#2251 = CARTESIAN_POINT('',(160.5,-66.,0.));
#2252 = VECTOR('',#2253,1.);
#2253 = DIRECTION('',(0.,0.,-1.));
#2254 = ORIENTED_EDGE('',*,*,#2255,.T.);
#2255 = EDGE_CURVE('',#2248,#2208,#2256,.T.);
#2256 = LINE('',#2257,#2258);
#2257 = CARTESIAN_POINT('',(160.5,-66.,-4.E-02));
#2258 = VECTOR('',#2259,1.);
#2259 = DIRECTION('',(-1.,0.,0.));
#2260 = ORIENTED_EDGE('',*,*,#2205,.F.);
#2261 = ORIENTED_EDGE('',*,*,#2262,.F.);
#2262 = EDGE_CURVE('',#2246,#2206,#2263,.T.);
#2263 = LINE('',#2264,#2265);
#2264 = CARTESIAN_POINT('',(160.5,-66.,0.));
#2265 = VECTOR('',#2266,1.);
#2266 = DIRECTION('',(-1.,0.,0.));
#2267 = PLANE('',#2268);
#2268 = AXIS2_PLACEMENT_3D('',#2269,#2270,#2271);
#2269 = CARTESIAN_POINT('',(160.5,-66.,0.));
#2270 = DIRECTION('',(0.,1.,0.));
#2271 = DIRECTION('',(-1.,0.,0.));
#2272 = ADVANCED_FACE('',(#2273),#2298,.F.);
#2273 = FACE_BOUND('',#2274,.F.);
#2274 = EDGE_LOOP('',(#2275,#2276,#2284,#2292));
#2275 = ORIENTED_EDGE('',*,*,#2223,.T.);
#2276 = ORIENTED_EDGE('',*,*,#2277,.T.);
#2277 = EDGE_CURVE('',#2216,#2278,#2280,.T.);
#2278 = VERTEX_POINT('',#2279);
#2279 = CARTESIAN_POINT('',(160.5,-64.,-4.E-02));
#2280 = LINE('',#2281,#2282);
#2281 = CARTESIAN_POINT('',(158.5,-64.,-4.E-02));
#2282 = VECTOR('',#2283,1.);
#2283 = DIRECTION('',(1.,0.,0.));
#2284 = ORIENTED_EDGE('',*,*,#2285,.F.);
#2285 = EDGE_CURVE('',#2286,#2278,#2288,.T.);
#2286 = VERTEX_POINT('',#2287);
#2287 = CARTESIAN_POINT('',(160.5,-64.,0.));
#2288 = LINE('',#2289,#2290);
#2289 = CARTESIAN_POINT('',(160.5,-64.,0.));
#2290 = VECTOR('',#2291,1.);
#2291 = DIRECTION('',(0.,0.,-1.));
#2292 = ORIENTED_EDGE('',*,*,#2293,.F.);
#2293 = EDGE_CURVE('',#2224,#2286,#2294,.T.);
#2294 = LINE('',#2295,#2296);
#2295 = CARTESIAN_POINT('',(158.5,-64.,0.));
#2296 = VECTOR('',#2297,1.);
#2297 = DIRECTION('',(1.,0.,0.));
#2298 = PLANE('',#2299);
#2299 = AXIS2_PLACEMENT_3D('',#2300,#2301,#2302);
#2300 = CARTESIAN_POINT('',(158.5,-64.,0.));
#2301 = DIRECTION('',(0.,-1.,0.));
#2302 = DIRECTION('',(1.,0.,0.));
#2303 = ADVANCED_FACE('',(#2304,#2315),#2326,.F.);
#2304 = FACE_BOUND('',#2305,.F.);
#2305 = EDGE_LOOP('',(#2306,#2307,#2308,#2314));
#2306 = ORIENTED_EDGE('',*,*,#2231,.T.);
#2307 = ORIENTED_EDGE('',*,*,#2293,.T.);
#2308 = ORIENTED_EDGE('',*,*,#2309,.T.);
#2309 = EDGE_CURVE('',#2286,#2246,#2310,.T.);
#2310 = LINE('',#2311,#2312);
#2311 = CARTESIAN_POINT('',(160.5,-64.,0.));
#2312 = VECTOR('',#2313,1.);
#2313 = DIRECTION('',(0.,-1.,0.));
#2314 = ORIENTED_EDGE('',*,*,#2262,.T.);
#2315 = FACE_BOUND('',#2316,.F.);
#2316 = EDGE_LOOP('',(#2317));
#2317 = ORIENTED_EDGE('',*,*,#2318,.F.);
#2318 = EDGE_CURVE('',#2319,#2319,#2321,.T.);
#2319 = VERTEX_POINT('',#2320);
#2320 = CARTESIAN_POINT('',(159.5,-65.475,0.));
#2321 = CIRCLE('',#2322,0.475);
#2322 = AXIS2_PLACEMENT_3D('',#2323,#2324,#2325);
#2323 = CARTESIAN_POINT('',(159.5,-65.,0.));
#2324 = DIRECTION('',(-0.,0.,-1.));
#2325 = DIRECTION('',(-0.,-1.,0.));
#2326 = PLANE('',#2327);
#2327 = AXIS2_PLACEMENT_3D('',#2328,#2329,#2330);
#2328 = CARTESIAN_POINT('',(0.,0.,0.));
#2329 = DIRECTION('',(-0.,-0.,-1.));
#2330 = DIRECTION('',(-1.,0.,0.));
#2331 = ADVANCED_FACE('',(#2332,#2343),#2354,.T.);
#2332 = FACE_BOUND('',#2333,.T.);
#2333 = EDGE_LOOP('',(#2334,#2335,#2336,#2342));
#2334 = ORIENTED_EDGE('',*,*,#2215,.T.);
#2335 = ORIENTED_EDGE('',*,*,#2277,.T.);
#2336 = ORIENTED_EDGE('',*,*,#2337,.T.);
#2337 = EDGE_CURVE('',#2278,#2248,#2338,.T.);
#2338 = LINE('',#2339,#2340);
#2339 = CARTESIAN_POINT('',(160.5,-64.,-4.E-02));
#2340 = VECTOR('',#2341,1.);
#2341 = DIRECTION('',(0.,-1.,0.));
#2342 = ORIENTED_EDGE('',*,*,#2255,.T.);
#2343 = FACE_BOUND('',#2344,.T.);
#2344 = EDGE_LOOP('',(#2345));
#2345 = ORIENTED_EDGE('',*,*,#2346,.F.);
#2346 = EDGE_CURVE('',#2347,#2347,#2349,.T.);
#2347 = VERTEX_POINT('',#2348);
#2348 = CARTESIAN_POINT('',(159.5,-65.475,-4.E-02));
#2349 = CIRCLE('',#2350,0.475);
#2350 = AXIS2_PLACEMENT_3D('',#2351,#2352,#2353);
#2351 = CARTESIAN_POINT('',(159.5,-65.,-4.E-02));
#2352 = DIRECTION('',(-0.,0.,-1.));
#2353 = DIRECTION('',(-0.,-1.,0.));
#2354 = PLANE('',#2355);
#2355 = AXIS2_PLACEMENT_3D('',#2356,#2357,#2358);
#2356 = CARTESIAN_POINT('',(0.,0.,-4.E-02));
#2357 = DIRECTION('',(-0.,-0.,-1.));
#2358 = DIRECTION('',(-1.,0.,0.));
#2359 = ADVANCED_FACE('',(#2360),#2366,.F.);
#2360 = FACE_BOUND('',#2361,.F.);
#2361 = EDGE_LOOP('',(#2362,#2363,#2364,#2365));
#2362 = ORIENTED_EDGE('',*,*,#2285,.T.);
#2363 = ORIENTED_EDGE('',*,*,#2337,.T.);
#2364 = ORIENTED_EDGE('',*,*,#2245,.F.);
#2365 = ORIENTED_EDGE('',*,*,#2309,.F.);
#2366 = PLANE('',#2367);
#2367 = AXIS2_PLACEMENT_3D('',#2368,#2369,#2370);
#2368 = CARTESIAN_POINT('',(160.5,-64.,0.));
#2369 = DIRECTION('',(-1.,-0.,-0.));
#2370 = DIRECTION('',(0.,-1.,0.));
#2371 = ADVANCED_FACE('',(#2372),#2383,.F.);
#2372 = FACE_BOUND('',#2373,.T.);
#2373 = EDGE_LOOP('',(#2374,#2375,#2381,#2382));
#2374 = ORIENTED_EDGE('',*,*,#2346,.T.);
#2375 = ORIENTED_EDGE('',*,*,#2376,.T.);
#2376 = EDGE_CURVE('',#2347,#2319,#2377,.T.);
#2377 = LINE('',#2378,#2379);
#2378 = CARTESIAN_POINT('',(159.5,-65.475,-4.6E-02));
#2379 = VECTOR('',#2380,1.);
#2380 = DIRECTION('',(0.,0.,1.));
#2381 = ORIENTED_EDGE('',*,*,#2318,.F.);
#2382 = ORIENTED_EDGE('',*,*,#2376,.F.);
#2383 = CYLINDRICAL_SURFACE('',#2384,0.475);
#2384 = AXIS2_PLACEMENT_3D('',#2385,#2386,#2387);
#2385 = CARTESIAN_POINT('',(159.5,-65.,-4.6E-02));
#2386 = DIRECTION('',(-0.,-0.,-1.));
#2387 = DIRECTION('',(-0.,-1.,0.));
#2388 = MANIFOLD_SOLID_BREP('',#2389);
#2389 = CLOSED_SHELL('',(#2390,#2423,#2443,#2463));
#2390 = ADVANCED_FACE('',(#2391),#2418,.T.);
#2391 = FACE_BOUND('',#2392,.F.);
#2392 = EDGE_LOOP('',(#2393,#2403,#2410,#2411));
#2393 = ORIENTED_EDGE('',*,*,#2394,.T.);
#2394 = EDGE_CURVE('',#2395,#2397,#2399,.T.);
#2395 = VERTEX_POINT('',#2396);
#2396 = CARTESIAN_POINT('',(159.5,-65.5,-4.E-02));
#2397 = VERTEX_POINT('',#2398);
#2398 = CARTESIAN_POINT('',(159.5,-65.5,1.55));
#2399 = LINE('',#2400,#2401);
#2400 = CARTESIAN_POINT('',(159.5,-65.5,-4.E-02));
#2401 = VECTOR('',#2402,1.);
#2402 = DIRECTION('',(0.,0.,1.));
#2403 = ORIENTED_EDGE('',*,*,#2404,.T.);
#2404 = EDGE_CURVE('',#2397,#2397,#2405,.T.);
#2405 = CIRCLE('',#2406,0.5);
#2406 = AXIS2_PLACEMENT_3D('',#2407,#2408,#2409);
#2407 = CARTESIAN_POINT('',(159.5,-65.,1.55));
#2408 = DIRECTION('',(0.,0.,1.));
#2409 = DIRECTION('',(-0.,-1.,0.));
#2410 = ORIENTED_EDGE('',*,*,#2394,.F.);
#2411 = ORIENTED_EDGE('',*,*,#2412,.F.);
#2412 = EDGE_CURVE('',#2395,#2395,#2413,.T.);
#2413 = CIRCLE('',#2414,0.5);
#2414 = AXIS2_PLACEMENT_3D('',#2415,#2416,#2417);
#2415 = CARTESIAN_POINT('',(159.5,-65.,-4.E-02));
#2416 = DIRECTION('',(0.,0.,1.));
#2417 = DIRECTION('',(-0.,-1.,0.));
#2418 = CYLINDRICAL_SURFACE('',#2419,0.5);
#2419 = AXIS2_PLACEMENT_3D('',#2420,#2421,#2422);
#2420 = CARTESIAN_POINT('',(159.5,-65.,-4.E-02));
#2421 = DIRECTION('',(-0.,-0.,-1.));
#2422 = DIRECTION('',(-0.,-1.,0.));
#2423 = ADVANCED_FACE('',(#2424,#2427),#2438,.F.);
#2424 = FACE_BOUND('',#2425,.F.);
#2425 = EDGE_LOOP('',(#2426));
#2426 = ORIENTED_EDGE('',*,*,#2412,.T.);
#2427 = FACE_BOUND('',#2428,.F.);
#2428 = EDGE_LOOP('',(#2429));
#2429 = ORIENTED_EDGE('',*,*,#2430,.T.);
#2430 = EDGE_CURVE('',#2431,#2431,#2433,.T.);
#2431 = VERTEX_POINT('',#2432);
#2432 = CARTESIAN_POINT('',(159.5,-65.475,-4.E-02));
#2433 = CIRCLE('',#2434,0.475);
#2434 = AXIS2_PLACEMENT_3D('',#2435,#2436,#2437);
#2435 = CARTESIAN_POINT('',(159.5,-65.,-4.E-02));
#2436 = DIRECTION('',(-0.,0.,-1.));
#2437 = DIRECTION('',(-0.,-1.,0.));
#2438 = PLANE('',#2439);
#2439 = AXIS2_PLACEMENT_3D('',#2440,#2441,#2442);
#2440 = CARTESIAN_POINT('',(159.5,-65.5,-4.E-02));
#2441 = DIRECTION('',(0.,0.,1.));
#2442 = DIRECTION('',(1.,0.,-0.));
#2443 = ADVANCED_FACE('',(#2444,#2447),#2458,.T.);
#2444 = FACE_BOUND('',#2445,.T.);
#2445 = EDGE_LOOP('',(#2446));
#2446 = ORIENTED_EDGE('',*,*,#2404,.T.);
#2447 = FACE_BOUND('',#2448,.T.);
#2448 = EDGE_LOOP('',(#2449));
#2449 = ORIENTED_EDGE('',*,*,#2450,.T.);
#2450 = EDGE_CURVE('',#2451,#2451,#2453,.T.);
#2451 = VERTEX_POINT('',#2452);
#2452 = CARTESIAN_POINT('',(159.5,-65.475,1.55));
#2453 = CIRCLE('',#2454,0.475);
#2454 = AXIS2_PLACEMENT_3D('',#2455,#2456,#2457);
#2455 = CARTESIAN_POINT('',(159.5,-65.,1.55));
#2456 = DIRECTION('',(-0.,0.,-1.));
#2457 = DIRECTION('',(-0.,-1.,0.));
#2458 = PLANE('',#2459);
#2459 = AXIS2_PLACEMENT_3D('',#2460,#2461,#2462);
#2460 = CARTESIAN_POINT('',(159.5,-65.5,1.55));
#2461 = DIRECTION('',(0.,0.,1.));
#2462 = DIRECTION('',(1.,0.,-0.));
#2463 = ADVANCED_FACE('',(#2464),#2475,.F.);
#2464 = FACE_BOUND('',#2465,.T.);
#2465 = EDGE_LOOP('',(#2466,#2467,#2473,#2474));
#2466 = ORIENTED_EDGE('',*,*,#2430,.T.);
#2467 = ORIENTED_EDGE('',*,*,#2468,.T.);
#2468 = EDGE_CURVE('',#2431,#2451,#2469,.T.);
#2469 = LINE('',#2470,#2471);
#2470 = CARTESIAN_POINT('',(159.5,-65.475,-4.6E-02));
#2471 = VECTOR('',#2472,1.);
#2472 = DIRECTION('',(0.,0.,1.));
#2473 = ORIENTED_EDGE('',*,*,#2450,.F.);
#2474 = ORIENTED_EDGE('',*,*,#2468,.F.);
#2475 = CYLINDRICAL_SURFACE('',#2476,0.475);
#2476 = AXIS2_PLACEMENT_3D('',#2477,#2478,#2479);
#2477 = CARTESIAN_POINT('',(159.5,-65.,-4.6E-02));
#2478 = DIRECTION('',(-0.,-0.,-1.));
#2479 = DIRECTION('',(-0.,-1.,0.));
#2480 = MANIFOLD_SOLID_BREP('',#2481);
#2481 = CLOSED_SHELL('',(#2482,#2522,#2553,#2584,#2612,#2640,#2652));
#2482 = ADVANCED_FACE('',(#2483),#2517,.T.);
#2483 = FACE_BOUND('',#2484,.T.);
#2484 = EDGE_LOOP('',(#2485,#2495,#2503,#2511));
#2485 = ORIENTED_EDGE('',*,*,#2486,.T.);
#2486 = EDGE_CURVE('',#2487,#2489,#2491,.T.);
#2487 = VERTEX_POINT('',#2488);
#2488 = CARTESIAN_POINT('',(158.5,-70.,1.51));
#2489 = VERTEX_POINT('',#2490);
#2490 = CARTESIAN_POINT('',(158.5,-70.,1.55));
#2491 = LINE('',#2492,#2493);
#2492 = CARTESIAN_POINT('',(158.5,-70.,1.51));
#2493 = VECTOR('',#2494,1.);
#2494 = DIRECTION('',(0.,0.,1.));
#2495 = ORIENTED_EDGE('',*,*,#2496,.T.);
#2496 = EDGE_CURVE('',#2489,#2497,#2499,.T.);
#2497 = VERTEX_POINT('',#2498);
#2498 = CARTESIAN_POINT('',(158.5,-68.,1.55));
#2499 = LINE('',#2500,#2501);
#2500 = CARTESIAN_POINT('',(158.5,-70.,1.55));
#2501 = VECTOR('',#2502,1.);
#2502 = DIRECTION('',(0.,1.,0.));
#2503 = ORIENTED_EDGE('',*,*,#2504,.F.);
#2504 = EDGE_CURVE('',#2505,#2497,#2507,.T.);
#2505 = VERTEX_POINT('',#2506);
#2506 = CARTESIAN_POINT('',(158.5,-68.,1.51));
#2507 = LINE('',#2508,#2509);
#2508 = CARTESIAN_POINT('',(158.5,-68.,1.51));
#2509 = VECTOR('',#2510,1.);
#2510 = DIRECTION('',(0.,0.,1.));
#2511 = ORIENTED_EDGE('',*,*,#2512,.F.);
#2512 = EDGE_CURVE('',#2487,#2505,#2513,.T.);
#2513 = LINE('',#2514,#2515);
#2514 = CARTESIAN_POINT('',(158.5,-70.,1.51));
#2515 = VECTOR('',#2516,1.);
#2516 = DIRECTION('',(0.,1.,0.));
#2517 = PLANE('',#2518);
#2518 = AXIS2_PLACEMENT_3D('',#2519,#2520,#2521);
#2519 = CARTESIAN_POINT('',(158.5,-70.,1.51));
#2520 = DIRECTION('',(-1.,0.,0.));
#2521 = DIRECTION('',(0.,1.,0.));
#2522 = ADVANCED_FACE('',(#2523),#2548,.T.);
#2523 = FACE_BOUND('',#2524,.T.);
#2524 = EDGE_LOOP('',(#2525,#2535,#2541,#2542));
#2525 = ORIENTED_EDGE('',*,*,#2526,.T.);
#2526 = EDGE_CURVE('',#2527,#2529,#2531,.T.);
#2527 = VERTEX_POINT('',#2528);
#2528 = CARTESIAN_POINT('',(160.5,-70.,1.51));
#2529 = VERTEX_POINT('',#2530);
#2530 = CARTESIAN_POINT('',(160.5,-70.,1.55));
#2531 = LINE('',#2532,#2533);
#2532 = CARTESIAN_POINT('',(160.5,-70.,1.51));
#2533 = VECTOR('',#2534,1.);
#2534 = DIRECTION('',(0.,0.,1.));
#2535 = ORIENTED_EDGE('',*,*,#2536,.T.);
#2536 = EDGE_CURVE('',#2529,#2489,#2537,.T.);
#2537 = LINE('',#2538,#2539);
#2538 = CARTESIAN_POINT('',(160.5,-70.,1.55));
#2539 = VECTOR('',#2540,1.);
#2540 = DIRECTION('',(-1.,0.,0.));
#2541 = ORIENTED_EDGE('',*,*,#2486,.F.);
#2542 = ORIENTED_EDGE('',*,*,#2543,.F.);
#2543 = EDGE_CURVE('',#2527,#2487,#2544,.T.);
#2544 = LINE('',#2545,#2546);
#2545 = CARTESIAN_POINT('',(160.5,-70.,1.51));
#2546 = VECTOR('',#2547,1.);
#2547 = DIRECTION('',(-1.,0.,0.));
#2548 = PLANE('',#2549);
#2549 = AXIS2_PLACEMENT_3D('',#2550,#2551,#2552);
#2550 = CARTESIAN_POINT('',(160.5,-70.,1.51));
#2551 = DIRECTION('',(0.,-1.,0.));
#2552 = DIRECTION('',(-1.,0.,0.));
#2553 = ADVANCED_FACE('',(#2554),#2579,.T.);
#2554 = FACE_BOUND('',#2555,.T.);
#2555 = EDGE_LOOP('',(#2556,#2557,#2565,#2573));
#2556 = ORIENTED_EDGE('',*,*,#2504,.T.);
#2557 = ORIENTED_EDGE('',*,*,#2558,.T.);
#2558 = EDGE_CURVE('',#2497,#2559,#2561,.T.);
#2559 = VERTEX_POINT('',#2560);
#2560 = CARTESIAN_POINT('',(160.5,-68.,1.55));
#2561 = LINE('',#2562,#2563);
#2562 = CARTESIAN_POINT('',(158.5,-68.,1.55));
#2563 = VECTOR('',#2564,1.);
#2564 = DIRECTION('',(1.,0.,0.));
#2565 = ORIENTED_EDGE('',*,*,#2566,.F.);
#2566 = EDGE_CURVE('',#2567,#2559,#2569,.T.);
#2567 = VERTEX_POINT('',#2568);
#2568 = CARTESIAN_POINT('',(160.5,-68.,1.51));
#2569 = LINE('',#2570,#2571);
#2570 = CARTESIAN_POINT('',(160.5,-68.,1.51));
#2571 = VECTOR('',#2572,1.);
#2572 = DIRECTION('',(0.,0.,1.));
#2573 = ORIENTED_EDGE('',*,*,#2574,.F.);
#2574 = EDGE_CURVE('',#2505,#2567,#2575,.T.);
#2575 = LINE('',#2576,#2577);
#2576 = CARTESIAN_POINT('',(158.5,-68.,1.51));
#2577 = VECTOR('',#2578,1.);
#2578 = DIRECTION('',(1.,0.,0.));
#2579 = PLANE('',#2580);
#2580 = AXIS2_PLACEMENT_3D('',#2581,#2582,#2583);
#2581 = CARTESIAN_POINT('',(158.5,-68.,1.51));
#2582 = DIRECTION('',(0.,1.,0.));
#2583 = DIRECTION('',(1.,0.,0.));
#2584 = ADVANCED_FACE('',(#2585,#2596),#2607,.F.);
#2585 = FACE_BOUND('',#2586,.F.);
#2586 = EDGE_LOOP('',(#2587,#2588,#2589,#2595));
#2587 = ORIENTED_EDGE('',*,*,#2512,.F.);
#2588 = ORIENTED_EDGE('',*,*,#2543,.F.);
#2589 = ORIENTED_EDGE('',*,*,#2590,.F.);
#2590 = EDGE_CURVE('',#2567,#2527,#2591,.T.);
#2591 = LINE('',#2592,#2593);
#2592 = CARTESIAN_POINT('',(160.5,-68.,1.51));
#2593 = VECTOR('',#2594,1.);
#2594 = DIRECTION('',(0.,-1.,0.));
#2595 = ORIENTED_EDGE('',*,*,#2574,.F.);
#2596 = FACE_BOUND('',#2597,.F.);
#2597 = EDGE_LOOP('',(#2598));
#2598 = ORIENTED_EDGE('',*,*,#2599,.T.);
#2599 = EDGE_CURVE('',#2600,#2600,#2602,.T.);
#2600 = VERTEX_POINT('',#2601);
#2601 = CARTESIAN_POINT('',(159.5,-69.475,1.51));
#2602 = CIRCLE('',#2603,0.475);
#2603 = AXIS2_PLACEMENT_3D('',#2604,#2605,#2606);
#2604 = CARTESIAN_POINT('',(159.5,-69.,1.51));
#2605 = DIRECTION('',(-0.,0.,-1.));
#2606 = DIRECTION('',(-0.,-1.,0.));
#2607 = PLANE('',#2608);
#2608 = AXIS2_PLACEMENT_3D('',#2609,#2610,#2611);
#2609 = CARTESIAN_POINT('',(0.,0.,1.51));
#2610 = DIRECTION('',(0.,0.,1.));
#2611 = DIRECTION('',(1.,0.,-0.));
#2612 = ADVANCED_FACE('',(#2613,#2624),#2635,.T.);
#2613 = FACE_BOUND('',#2614,.T.);
#2614 = EDGE_LOOP('',(#2615,#2616,#2617,#2623));
#2615 = ORIENTED_EDGE('',*,*,#2496,.F.);
#2616 = ORIENTED_EDGE('',*,*,#2536,.F.);
#2617 = ORIENTED_EDGE('',*,*,#2618,.F.);
#2618 = EDGE_CURVE('',#2559,#2529,#2619,.T.);
#2619 = LINE('',#2620,#2621);
#2620 = CARTESIAN_POINT('',(160.5,-68.,1.55));
#2621 = VECTOR('',#2622,1.);
#2622 = DIRECTION('',(0.,-1.,0.));
#2623 = ORIENTED_EDGE('',*,*,#2558,.F.);
#2624 = FACE_BOUND('',#2625,.T.);
#2625 = EDGE_LOOP('',(#2626));
#2626 = ORIENTED_EDGE('',*,*,#2627,.T.);
#2627 = EDGE_CURVE('',#2628,#2628,#2630,.T.);
#2628 = VERTEX_POINT('',#2629);
#2629 = CARTESIAN_POINT('',(159.5,-69.475,1.55));
#2630 = CIRCLE('',#2631,0.475);
#2631 = AXIS2_PLACEMENT_3D('',#2632,#2633,#2634);
#2632 = CARTESIAN_POINT('',(159.5,-69.,1.55));
#2633 = DIRECTION('',(-0.,0.,-1.));
#2634 = DIRECTION('',(-0.,-1.,0.));
#2635 = PLANE('',#2636);
#2636 = AXIS2_PLACEMENT_3D('',#2637,#2638,#2639);
#2637 = CARTESIAN_POINT('',(0.,0.,1.55));
#2638 = DIRECTION('',(0.,0.,1.));
#2639 = DIRECTION('',(1.,0.,-0.));
#2640 = ADVANCED_FACE('',(#2641),#2647,.T.);
#2641 = FACE_BOUND('',#2642,.T.);
#2642 = EDGE_LOOP('',(#2643,#2644,#2645,#2646));
#2643 = ORIENTED_EDGE('',*,*,#2566,.T.);
#2644 = ORIENTED_EDGE('',*,*,#2618,.T.);
#2645 = ORIENTED_EDGE('',*,*,#2526,.F.);
#2646 = ORIENTED_EDGE('',*,*,#2590,.F.);
#2647 = PLANE('',#2648);
#2648 = AXIS2_PLACEMENT_3D('',#2649,#2650,#2651);
#2649 = CARTESIAN_POINT('',(160.5,-68.,1.51));
#2650 = DIRECTION('',(1.,0.,-0.));
#2651 = DIRECTION('',(0.,-1.,0.));
#2652 = ADVANCED_FACE('',(#2653),#2664,.F.);
#2653 = FACE_BOUND('',#2654,.T.);
#2654 = EDGE_LOOP('',(#2655,#2656,#2662,#2663));
#2655 = ORIENTED_EDGE('',*,*,#2599,.T.);
#2656 = ORIENTED_EDGE('',*,*,#2657,.T.);
#2657 = EDGE_CURVE('',#2600,#2628,#2658,.T.);
#2658 = LINE('',#2659,#2660);
#2659 = CARTESIAN_POINT('',(159.5,-69.475,-4.6E-02));
#2660 = VECTOR('',#2661,1.);
#2661 = DIRECTION('',(0.,0.,1.));
#2662 = ORIENTED_EDGE('',*,*,#2627,.F.);
#2663 = ORIENTED_EDGE('',*,*,#2657,.F.);
#2664 = CYLINDRICAL_SURFACE('',#2665,0.475);
#2665 = AXIS2_PLACEMENT_3D('',#2666,#2667,#2668);
#2666 = CARTESIAN_POINT('',(159.5,-69.,-4.6E-02));
#2667 = DIRECTION('',(-0.,-0.,-1.));
#2668 = DIRECTION('',(-0.,-1.,0.));
#2669 = MANIFOLD_SOLID_BREP('',#2670);
#2670 = CLOSED_SHELL('',(#2671,#2711,#2742,#2773,#2801,#2829,#2841));
#2671 = ADVANCED_FACE('',(#2672),#2706,.F.);
#2672 = FACE_BOUND('',#2673,.F.);
#2673 = EDGE_LOOP('',(#2674,#2684,#2692,#2700));
#2674 = ORIENTED_EDGE('',*,*,#2675,.T.);
#2675 = EDGE_CURVE('',#2676,#2678,#2680,.T.);
#2676 = VERTEX_POINT('',#2677);
#2677 = CARTESIAN_POINT('',(158.5,-70.,0.));
#2678 = VERTEX_POINT('',#2679);
#2679 = CARTESIAN_POINT('',(158.5,-70.,-4.E-02));
#2680 = LINE('',#2681,#2682);
#2681 = CARTESIAN_POINT('',(158.5,-70.,0.));
#2682 = VECTOR('',#2683,1.);
#2683 = DIRECTION('',(0.,0.,-1.));
#2684 = ORIENTED_EDGE('',*,*,#2685,.T.);
#2685 = EDGE_CURVE('',#2678,#2686,#2688,.T.);
#2686 = VERTEX_POINT('',#2687);
#2687 = CARTESIAN_POINT('',(158.5,-68.,-4.E-02));
#2688 = LINE('',#2689,#2690);
#2689 = CARTESIAN_POINT('',(158.5,-70.,-4.E-02));
#2690 = VECTOR('',#2691,1.);
#2691 = DIRECTION('',(0.,1.,0.));
#2692 = ORIENTED_EDGE('',*,*,#2693,.F.);
#2693 = EDGE_CURVE('',#2694,#2686,#2696,.T.);
#2694 = VERTEX_POINT('',#2695);
#2695 = CARTESIAN_POINT('',(158.5,-68.,0.));
#2696 = LINE('',#2697,#2698);
#2697 = CARTESIAN_POINT('',(158.5,-68.,0.));
#2698 = VECTOR('',#2699,1.);
#2699 = DIRECTION('',(0.,0.,-1.));
#2700 = ORIENTED_EDGE('',*,*,#2701,.F.);
#2701 = EDGE_CURVE('',#2676,#2694,#2702,.T.);
#2702 = LINE('',#2703,#2704);
#2703 = CARTESIAN_POINT('',(158.5,-70.,0.));
#2704 = VECTOR('',#2705,1.);
#2705 = DIRECTION('',(0.,1.,0.));
#2706 = PLANE('',#2707);
#2707 = AXIS2_PLACEMENT_3D('',#2708,#2709,#2710);
#2708 = CARTESIAN_POINT('',(158.5,-70.,0.));
#2709 = DIRECTION('',(1.,-0.,0.));
#2710 = DIRECTION('',(0.,1.,0.));
#2711 = ADVANCED_FACE('',(#2712),#2737,.F.);
#2712 = FACE_BOUND('',#2713,.F.);
#2713 = EDGE_LOOP('',(#2714,#2724,#2730,#2731));
#2714 = ORIENTED_EDGE('',*,*,#2715,.T.);
#2715 = EDGE_CURVE('',#2716,#2718,#2720,.T.);
#2716 = VERTEX_POINT('',#2717);
#2717 = CARTESIAN_POINT('',(160.5,-70.,0.));
#2718 = VERTEX_POINT('',#2719);
#2719 = CARTESIAN_POINT('',(160.5,-70.,-4.E-02));
#2720 = LINE('',#2721,#2722);
#2721 = CARTESIAN_POINT('',(160.5,-70.,0.));
#2722 = VECTOR('',#2723,1.);
#2723 = DIRECTION('',(0.,0.,-1.));
#2724 = ORIENTED_EDGE('',*,*,#2725,.T.);
#2725 = EDGE_CURVE('',#2718,#2678,#2726,.T.);
#2726 = LINE('',#2727,#2728);
#2727 = CARTESIAN_POINT('',(160.5,-70.,-4.E-02));
#2728 = VECTOR('',#2729,1.);
#2729 = DIRECTION('',(-1.,0.,0.));
#2730 = ORIENTED_EDGE('',*,*,#2675,.F.);
#2731 = ORIENTED_EDGE('',*,*,#2732,.F.);
#2732 = EDGE_CURVE('',#2716,#2676,#2733,.T.);
#2733 = LINE('',#2734,#2735);
#2734 = CARTESIAN_POINT('',(160.5,-70.,0.));
#2735 = VECTOR('',#2736,1.);
#2736 = DIRECTION('',(-1.,0.,0.));
#2737 = PLANE('',#2738);
#2738 = AXIS2_PLACEMENT_3D('',#2739,#2740,#2741);
#2739 = CARTESIAN_POINT('',(160.5,-70.,0.));
#2740 = DIRECTION('',(0.,1.,0.));
#2741 = DIRECTION('',(-1.,0.,0.));
#2742 = ADVANCED_FACE('',(#2743),#2768,.F.);
#2743 = FACE_BOUND('',#2744,.F.);
#2744 = EDGE_LOOP('',(#2745,#2746,#2754,#2762));
#2745 = ORIENTED_EDGE('',*,*,#2693,.T.);
#2746 = ORIENTED_EDGE('',*,*,#2747,.T.);
#2747 = EDGE_CURVE('',#2686,#2748,#2750,.T.);
#2748 = VERTEX_POINT('',#2749);
#2749 = CARTESIAN_POINT('',(160.5,-68.,-4.E-02));
#2750 = LINE('',#2751,#2752);
#2751 = CARTESIAN_POINT('',(158.5,-68.,-4.E-02));
#2752 = VECTOR('',#2753,1.);
#2753 = DIRECTION('',(1.,0.,0.));
#2754 = ORIENTED_EDGE('',*,*,#2755,.F.);
#2755 = EDGE_CURVE('',#2756,#2748,#2758,.T.);
#2756 = VERTEX_POINT('',#2757);
#2757 = CARTESIAN_POINT('',(160.5,-68.,0.));
#2758 = LINE('',#2759,#2760);
#2759 = CARTESIAN_POINT('',(160.5,-68.,0.));
#2760 = VECTOR('',#2761,1.);
#2761 = DIRECTION('',(0.,0.,-1.));
#2762 = ORIENTED_EDGE('',*,*,#2763,.F.);
#2763 = EDGE_CURVE('',#2694,#2756,#2764,.T.);
#2764 = LINE('',#2765,#2766);
#2765 = CARTESIAN_POINT('',(158.5,-68.,0.));
#2766 = VECTOR('',#2767,1.);
#2767 = DIRECTION('',(1.,0.,0.));
#2768 = PLANE('',#2769);
#2769 = AXIS2_PLACEMENT_3D('',#2770,#2771,#2772);
#2770 = CARTESIAN_POINT('',(158.5,-68.,0.));
#2771 = DIRECTION('',(0.,-1.,0.));
#2772 = DIRECTION('',(1.,0.,0.));
#2773 = ADVANCED_FACE('',(#2774,#2785),#2796,.F.);
#2774 = FACE_BOUND('',#2775,.F.);
#2775 = EDGE_LOOP('',(#2776,#2777,#2778,#2784));
#2776 = ORIENTED_EDGE('',*,*,#2701,.T.);
#2777 = ORIENTED_EDGE('',*,*,#2763,.T.);
#2778 = ORIENTED_EDGE('',*,*,#2779,.T.);
#2779 = EDGE_CURVE('',#2756,#2716,#2780,.T.);
#2780 = LINE('',#2781,#2782);
#2781 = CARTESIAN_POINT('',(160.5,-68.,0.));
#2782 = VECTOR('',#2783,1.);
#2783 = DIRECTION('',(0.,-1.,0.));
#2784 = ORIENTED_EDGE('',*,*,#2732,.T.);
#2785 = FACE_BOUND('',#2786,.F.);
#2786 = EDGE_LOOP('',(#2787));
#2787 = ORIENTED_EDGE('',*,*,#2788,.F.);
#2788 = EDGE_CURVE('',#2789,#2789,#2791,.T.);
#2789 = VERTEX_POINT('',#2790);
#2790 = CARTESIAN_POINT('',(159.5,-69.475,0.));
#2791 = CIRCLE('',#2792,0.475);
#2792 = AXIS2_PLACEMENT_3D('',#2793,#2794,#2795);
#2793 = CARTESIAN_POINT('',(159.5,-69.,0.));
#2794 = DIRECTION('',(-0.,0.,-1.));
#2795 = DIRECTION('',(-0.,-1.,0.));
#2796 = PLANE('',#2797);
#2797 = AXIS2_PLACEMENT_3D('',#2798,#2799,#2800);
#2798 = CARTESIAN_POINT('',(0.,0.,0.));
#2799 = DIRECTION('',(-0.,-0.,-1.));
#2800 = DIRECTION('',(-1.,0.,0.));
#2801 = ADVANCED_FACE('',(#2802,#2813),#2824,.T.);
#2802 = FACE_BOUND('',#2803,.T.);
#2803 = EDGE_LOOP('',(#2804,#2805,#2806,#2812));
#2804 = ORIENTED_EDGE('',*,*,#2685,.T.);
#2805 = ORIENTED_EDGE('',*,*,#2747,.T.);
#2806 = ORIENTED_EDGE('',*,*,#2807,.T.);
#2807 = EDGE_CURVE('',#2748,#2718,#2808,.T.);
#2808 = LINE('',#2809,#2810);
#2809 = CARTESIAN_POINT('',(160.5,-68.,-4.E-02));
#2810 = VECTOR('',#2811,1.);
#2811 = DIRECTION('',(0.,-1.,0.));
#2812 = ORIENTED_EDGE('',*,*,#2725,.T.);
#2813 = FACE_BOUND('',#2814,.T.);
#2814 = EDGE_LOOP('',(#2815));
#2815 = ORIENTED_EDGE('',*,*,#2816,.F.);
#2816 = EDGE_CURVE('',#2817,#2817,#2819,.T.);
#2817 = VERTEX_POINT('',#2818);
#2818 = CARTESIAN_POINT('',(159.5,-69.475,-4.E-02));
#2819 = CIRCLE('',#2820,0.475);
#2820 = AXIS2_PLACEMENT_3D('',#2821,#2822,#2823);
#2821 = CARTESIAN_POINT('',(159.5,-69.,-4.E-02));
#2822 = DIRECTION('',(-0.,0.,-1.));
#2823 = DIRECTION('',(-0.,-1.,0.));
#2824 = PLANE('',#2825);
#2825 = AXIS2_PLACEMENT_3D('',#2826,#2827,#2828);
#2826 = CARTESIAN_POINT('',(0.,0.,-4.E-02));
#2827 = DIRECTION('',(-0.,-0.,-1.));
#2828 = DIRECTION('',(-1.,0.,0.));
#2829 = ADVANCED_FACE('',(#2830),#2836,.F.);
#2830 = FACE_BOUND('',#2831,.F.);
#2831 = EDGE_LOOP('',(#2832,#2833,#2834,#2835));
#2832 = ORIENTED_EDGE('',*,*,#2755,.T.);
#2833 = ORIENTED_EDGE('',*,*,#2807,.T.);
#2834 = ORIENTED_EDGE('',*,*,#2715,.F.);
#2835 = ORIENTED_EDGE('',*,*,#2779,.F.);
#2836 = PLANE('',#2837);
#2837 = AXIS2_PLACEMENT_3D('',#2838,#2839,#2840);
#2838 = CARTESIAN_POINT('',(160.5,-68.,0.));
#2839 = DIRECTION('',(-1.,-0.,-0.));
#2840 = DIRECTION('',(0.,-1.,0.));
#2841 = ADVANCED_FACE('',(#2842),#2853,.F.);
#2842 = FACE_BOUND('',#2843,.T.);
#2843 = EDGE_LOOP('',(#2844,#2845,#2851,#2852));
#2844 = ORIENTED_EDGE('',*,*,#2816,.T.);
#2845 = ORIENTED_EDGE('',*,*,#2846,.T.);
#2846 = EDGE_CURVE('',#2817,#2789,#2847,.T.);
#2847 = LINE('',#2848,#2849);
#2848 = CARTESIAN_POINT('',(159.5,-69.475,-4.6E-02));
#2849 = VECTOR('',#2850,1.);
#2850 = DIRECTION('',(0.,0.,1.));
#2851 = ORIENTED_EDGE('',*,*,#2788,.F.);
#2852 = ORIENTED_EDGE('',*,*,#2846,.F.);
#2853 = CYLINDRICAL_SURFACE('',#2854,0.475);
#2854 = AXIS2_PLACEMENT_3D('',#2855,#2856,#2857);
#2855 = CARTESIAN_POINT('',(159.5,-69.,-4.6E-02));
#2856 = DIRECTION('',(-0.,-0.,-1.));
#2857 = DIRECTION('',(-0.,-1.,0.));
#2858 = MANIFOLD_SOLID_BREP('',#2859);
#2859 = CLOSED_SHELL('',(#2860,#2893,#2913,#2933));
#2860 = ADVANCED_FACE('',(#2861),#2888,.T.);
#2861 = FACE_BOUND('',#2862,.F.);
#2862 = EDGE_LOOP('',(#2863,#2873,#2880,#2881));
#2863 = ORIENTED_EDGE('',*,*,#2864,.T.);
#2864 = EDGE_CURVE('',#2865,#2867,#2869,.T.);
#2865 = VERTEX_POINT('',#2866);
#2866 = CARTESIAN_POINT('',(159.5,-69.5,-4.E-02));
#2867 = VERTEX_POINT('',#2868);
#2868 = CARTESIAN_POINT('',(159.5,-69.5,1.55));
#2869 = LINE('',#2870,#2871);
#2870 = CARTESIAN_POINT('',(159.5,-69.5,-4.E-02));
#2871 = VECTOR('',#2872,1.);
#2872 = DIRECTION('',(0.,0.,1.));
#2873 = ORIENTED_EDGE('',*,*,#2874,.T.);
#2874 = EDGE_CURVE('',#2867,#2867,#2875,.T.);
#2875 = CIRCLE('',#2876,0.5);
#2876 = AXIS2_PLACEMENT_3D('',#2877,#2878,#2879);
#2877 = CARTESIAN_POINT('',(159.5,-69.,1.55));
#2878 = DIRECTION('',(0.,0.,1.));
#2879 = DIRECTION('',(-0.,-1.,0.));
#2880 = ORIENTED_EDGE('',*,*,#2864,.F.);
#2881 = ORIENTED_EDGE('',*,*,#2882,.F.);
#2882 = EDGE_CURVE('',#2865,#2865,#2883,.T.);
#2883 = CIRCLE('',#2884,0.5);
#2884 = AXIS2_PLACEMENT_3D('',#2885,#2886,#2887);
#2885 = CARTESIAN_POINT('',(159.5,-69.,-4.E-02));
#2886 = DIRECTION('',(0.,0.,1.));
#2887 = DIRECTION('',(-0.,-1.,0.));
#2888 = CYLINDRICAL_SURFACE('',#2889,0.5);
#2889 = AXIS2_PLACEMENT_3D('',#2890,#2891,#2892);
#2890 = CARTESIAN_POINT('',(159.5,-69.,-4.E-02));
#2891 = DIRECTION('',(-0.,-0.,-1.));
#2892 = DIRECTION('',(-0.,-1.,0.));
#2893 = ADVANCED_FACE('',(#2894,#2897),#2908,.F.);
#2894 = FACE_BOUND('',#2895,.F.);
#2895 = EDGE_LOOP('',(#2896));
#2896 = ORIENTED_EDGE('',*,*,#2882,.T.);
#2897 = FACE_BOUND('',#2898,.F.);
#2898 = EDGE_LOOP('',(#2899));
#2899 = ORIENTED_EDGE('',*,*,#2900,.T.);
#2900 = EDGE_CURVE('',#2901,#2901,#2903,.T.);
#2901 = VERTEX_POINT('',#2902);
#2902 = CARTESIAN_POINT('',(159.5,-69.475,-4.E-02));
#2903 = CIRCLE('',#2904,0.475);
#2904 = AXIS2_PLACEMENT_3D('',#2905,#2906,#2907);
#2905 = CARTESIAN_POINT('',(159.5,-69.,-4.E-02));
#2906 = DIRECTION('',(-0.,0.,-1.));
#2907 = DIRECTION('',(-0.,-1.,0.));
#2908 = PLANE('',#2909);
#2909 = AXIS2_PLACEMENT_3D('',#2910,#2911,#2912);
#2910 = CARTESIAN_POINT('',(159.5,-69.5,-4.E-02));
#2911 = DIRECTION('',(0.,0.,1.));
#2912 = DIRECTION('',(1.,0.,-0.));
#2913 = ADVANCED_FACE('',(#2914,#2917),#2928,.T.);
#2914 = FACE_BOUND('',#2915,.T.);
#2915 = EDGE_LOOP('',(#2916));
#2916 = ORIENTED_EDGE('',*,*,#2874,.T.);
#2917 = FACE_BOUND('',#2918,.T.);
#2918 = EDGE_LOOP('',(#2919));
#2919 = ORIENTED_EDGE('',*,*,#2920,.T.);
#2920 = EDGE_CURVE('',#2921,#2921,#2923,.T.);
#2921 = VERTEX_POINT('',#2922);
#2922 = CARTESIAN_POINT('',(159.5,-69.475,1.55));
#2923 = CIRCLE('',#2924,0.475);
#2924 = AXIS2_PLACEMENT_3D('',#2925,#2926,#2927);
#2925 = CARTESIAN_POINT('',(159.5,-69.,1.55));
#2926 = DIRECTION('',(-0.,0.,-1.));
#2927 = DIRECTION('',(-0.,-1.,0.));
#2928 = PLANE('',#2929);
#2929 = AXIS2_PLACEMENT_3D('',#2930,#2931,#2932);
#2930 = CARTESIAN_POINT('',(159.5,-69.5,1.55));
#2931 = DIRECTION('',(0.,0.,1.));
#2932 = DIRECTION('',(1.,0.,-0.));
#2933 = ADVANCED_FACE('',(#2934),#2945,.F.);
#2934 = FACE_BOUND('',#2935,.T.);
#2935 = EDGE_LOOP('',(#2936,#2937,#2943,#2944));
#2936 = ORIENTED_EDGE('',*,*,#2900,.T.);
#2937 = ORIENTED_EDGE('',*,*,#2938,.T.);
#2938 = EDGE_CURVE('',#2901,#2921,#2939,.T.);
#2939 = LINE('',#2940,#2941);
#2940 = CARTESIAN_POINT('',(159.5,-69.475,-4.6E-02));
#2941 = VECTOR('',#2942,1.);
#2942 = DIRECTION('',(0.,0.,1.));
#2943 = ORIENTED_EDGE('',*,*,#2920,.F.);
#2944 = ORIENTED_EDGE('',*,*,#2938,.F.);
#2945 = CYLINDRICAL_SURFACE('',#2946,0.475);
#2946 = AXIS2_PLACEMENT_3D('',#2947,#2948,#2949);
#2947 = CARTESIAN_POINT('',(159.5,-69.,-4.6E-02));
#2948 = DIRECTION('',(-0.,-0.,-1.));
#2949 = DIRECTION('',(-0.,-1.,0.));
#2950 = MANIFOLD_SOLID_BREP('',#2951);
#2951 = CLOSED_SHELL('',(#2952,#2994,#3025,#3056,#3110,#3164,#3176,#3198
    ,#3215,#3232));
#2952 = ADVANCED_FACE('',(#2953),#2989,.T.);
#2953 = FACE_BOUND('',#2954,.T.);
#2954 = EDGE_LOOP('',(#2955,#2965,#2974,#2982));
#2955 = ORIENTED_EDGE('',*,*,#2956,.T.);
#2956 = EDGE_CURVE('',#2957,#2959,#2961,.T.);
#2957 = VERTEX_POINT('',#2958);
#2958 = CARTESIAN_POINT('',(153.70975,-66.2665,1.51));
#2959 = VERTEX_POINT('',#2960);
#2960 = CARTESIAN_POINT('',(153.70975,-66.2665,1.55));
#2961 = LINE('',#2962,#2963);
#2962 = CARTESIAN_POINT('',(153.70975,-66.2665,1.51));
#2963 = VECTOR('',#2964,1.);
#2964 = DIRECTION('',(0.,0.,1.));
#2965 = ORIENTED_EDGE('',*,*,#2966,.T.);
#2966 = EDGE_CURVE('',#2959,#2967,#2969,.T.);
#2967 = VERTEX_POINT('',#2968);
#2968 = CARTESIAN_POINT('',(152.70175,-66.2665,1.55));
#2969 = CIRCLE('',#2970,0.504);
#2970 = AXIS2_PLACEMENT_3D('',#2971,#2972,#2973);
#2971 = CARTESIAN_POINT('',(153.20575,-66.26649976342,1.55));
#2972 = DIRECTION('',(-0.,0.,-1.));
#2973 = DIRECTION('',(1.,-4.694020128501E-07,-0.));
#2974 = ORIENTED_EDGE('',*,*,#2975,.F.);
#2975 = EDGE_CURVE('',#2976,#2967,#2978,.T.);
#2976 = VERTEX_POINT('',#2977);
#2977 = CARTESIAN_POINT('',(152.70175,-66.2665,1.51));
#2978 = LINE('',#2979,#2980);
#2979 = CARTESIAN_POINT('',(152.70175,-66.2665,1.51));
#2980 = VECTOR('',#2981,1.);
#2981 = DIRECTION('',(0.,0.,1.));
#2982 = ORIENTED_EDGE('',*,*,#2983,.F.);
#2983 = EDGE_CURVE('',#2957,#2976,#2984,.T.);
#2984 = CIRCLE('',#2985,0.504);
#2985 = AXIS2_PLACEMENT_3D('',#2986,#2987,#2988);
#2986 = CARTESIAN_POINT('',(153.20575,-66.26649976342,1.51));
#2987 = DIRECTION('',(-0.,0.,-1.));
#2988 = DIRECTION('',(1.,-4.694020128501E-07,-0.));
#2989 = CYLINDRICAL_SURFACE('',#2990,0.504);
#2990 = AXIS2_PLACEMENT_3D('',#2991,#2992,#2993);
#2991 = CARTESIAN_POINT('',(153.20575,-66.26649976342,1.51));
#2992 = DIRECTION('',(-0.,0.,-1.));
#2993 = DIRECTION('',(1.,-4.694020128501E-07,-0.));
#2994 = ADVANCED_FACE('',(#2995),#3020,.T.);
#2995 = FACE_BOUND('',#2996,.T.);
#2996 = EDGE_LOOP('',(#2997,#3007,#3013,#3014));
#2997 = ORIENTED_EDGE('',*,*,#2998,.T.);
#2998 = EDGE_CURVE('',#2999,#3001,#3003,.T.);
#2999 = VERTEX_POINT('',#3000);
#3000 = CARTESIAN_POINT('',(153.70975,-65.2585,1.51));
#3001 = VERTEX_POINT('',#3002);
#3002 = CARTESIAN_POINT('',(153.70975,-65.2585,1.55));
#3003 = LINE('',#3004,#3005);
#3004 = CARTESIAN_POINT('',(153.70975,-65.2585,1.51));
#3005 = VECTOR('',#3006,1.);
#3006 = DIRECTION('',(0.,0.,1.));
#3007 = ORIENTED_EDGE('',*,*,#3008,.T.);
#3008 = EDGE_CURVE('',#3001,#2959,#3009,.T.);
#3009 = LINE('',#3010,#3011);
#3010 = CARTESIAN_POINT('',(153.70975,-65.2585,1.55));
#3011 = VECTOR('',#3012,1.);
#3012 = DIRECTION('',(0.,-1.,0.));
#3013 = ORIENTED_EDGE('',*,*,#2956,.F.);
#3014 = ORIENTED_EDGE('',*,*,#3015,.F.);
#3015 = EDGE_CURVE('',#2999,#2957,#3016,.T.);
#3016 = LINE('',#3017,#3018);
#3017 = CARTESIAN_POINT('',(153.70975,-65.2585,1.51));
#3018 = VECTOR('',#3019,1.);
#3019 = DIRECTION('',(0.,-1.,0.));
#3020 = PLANE('',#3021);
#3021 = AXIS2_PLACEMENT_3D('',#3022,#3023,#3024);
#3022 = CARTESIAN_POINT('',(153.70975,-65.2585,1.51));
#3023 = DIRECTION('',(1.,0.,-0.));
#3024 = DIRECTION('',(0.,-1.,0.));
#3025 = ADVANCED_FACE('',(#3026),#3051,.T.);
#3026 = FACE_BOUND('',#3027,.T.);
#3027 = EDGE_LOOP('',(#3028,#3029,#3037,#3045));
#3028 = ORIENTED_EDGE('',*,*,#2975,.T.);
#3029 = ORIENTED_EDGE('',*,*,#3030,.T.);
#3030 = EDGE_CURVE('',#2967,#3031,#3033,.T.);
#3031 = VERTEX_POINT('',#3032);
#3032 = CARTESIAN_POINT('',(152.70175,-65.2585,1.55));
#3033 = LINE('',#3034,#3035);
#3034 = CARTESIAN_POINT('',(152.70175,-66.2665,1.55));
#3035 = VECTOR('',#3036,1.);
#3036 = DIRECTION('',(0.,1.,0.));
#3037 = ORIENTED_EDGE('',*,*,#3038,.F.);
#3038 = EDGE_CURVE('',#3039,#3031,#3041,.T.);
#3039 = VERTEX_POINT('',#3040);
#3040 = CARTESIAN_POINT('',(152.70175,-65.2585,1.51));
#3041 = LINE('',#3042,#3043);
#3042 = CARTESIAN_POINT('',(152.70175,-65.2585,1.51));
#3043 = VECTOR('',#3044,1.);
#3044 = DIRECTION('',(0.,0.,1.));
#3045 = ORIENTED_EDGE('',*,*,#3046,.F.);
#3046 = EDGE_CURVE('',#2976,#3039,#3047,.T.);
#3047 = LINE('',#3048,#3049);
#3048 = CARTESIAN_POINT('',(152.70175,-66.2665,1.51));
#3049 = VECTOR('',#3050,1.);
#3050 = DIRECTION('',(0.,1.,0.));
#3051 = PLANE('',#3052);
#3052 = AXIS2_PLACEMENT_3D('',#3053,#3054,#3055);
#3053 = CARTESIAN_POINT('',(152.70175,-66.2665,1.51));
#3054 = DIRECTION('',(-1.,0.,0.));
#3055 = DIRECTION('',(0.,1.,0.));
#3056 = ADVANCED_FACE('',(#3057,#3069),#3105,.F.);
#3057 = FACE_BOUND('',#3058,.F.);
#3058 = EDGE_LOOP('',(#3059,#3060,#3061,#3068));
#3059 = ORIENTED_EDGE('',*,*,#2983,.F.);
#3060 = ORIENTED_EDGE('',*,*,#3015,.F.);
#3061 = ORIENTED_EDGE('',*,*,#3062,.F.);
#3062 = EDGE_CURVE('',#3039,#2999,#3063,.T.);
#3063 = CIRCLE('',#3064,0.504000000001);
#3064 = AXIS2_PLACEMENT_3D('',#3065,#3066,#3067);
#3065 = CARTESIAN_POINT('',(153.20575,-65.25850113648,1.51));
#3066 = DIRECTION('',(0.,0.,-1.));
#3067 = DIRECTION('',(-0.999999999997,2.254924035848E-06,0.));
#3068 = ORIENTED_EDGE('',*,*,#3046,.F.);
#3069 = FACE_BOUND('',#3070,.F.);
#3070 = EDGE_LOOP('',(#3071,#3082,#3090,#3099));
#3071 = ORIENTED_EDGE('',*,*,#3072,.T.);
#3072 = EDGE_CURVE('',#3073,#3075,#3077,.T.);
#3073 = VERTEX_POINT('',#3074);
#3074 = CARTESIAN_POINT('',(153.43075,-66.2625,1.51));
#3075 = VERTEX_POINT('',#3076);
#3076 = CARTESIAN_POINT('',(152.98075,-66.2625,1.51));
#3077 = CIRCLE('',#3078,0.225);
#3078 = AXIS2_PLACEMENT_3D('',#3079,#3080,#3081);
#3079 = CARTESIAN_POINT('',(153.20575,-66.2625,1.51));
#3080 = DIRECTION('',(-0.,0.,-1.));
#3081 = DIRECTION('',(-1.,6.315935428979E-14,0.));
#3082 = ORIENTED_EDGE('',*,*,#3083,.T.);
#3083 = EDGE_CURVE('',#3075,#3084,#3086,.T.);
#3084 = VERTEX_POINT('',#3085);
#3085 = CARTESIAN_POINT('',(152.98075,-65.2625,1.51));
#3086 = LINE('',#3087,#3088);
#3087 = CARTESIAN_POINT('',(152.98075,-32.63125,1.51));
#3088 = VECTOR('',#3089,1.);
#3089 = DIRECTION('',(-0.,1.,0.));
#3090 = ORIENTED_EDGE('',*,*,#3091,.T.);
#3091 = EDGE_CURVE('',#3084,#3092,#3094,.T.);
#3092 = VERTEX_POINT('',#3093);
#3093 = CARTESIAN_POINT('',(153.43075,-65.2625,1.51));
#3094 = CIRCLE('',#3095,0.225);
#3095 = AXIS2_PLACEMENT_3D('',#3096,#3097,#3098);
#3096 = CARTESIAN_POINT('',(153.20575,-65.2625,1.51));
#3097 = DIRECTION('',(0.,-0.,-1.));
#3098 = DIRECTION('',(1.,-6.315935428979E-14,0.));
#3099 = ORIENTED_EDGE('',*,*,#3100,.T.);
#3100 = EDGE_CURVE('',#3092,#3073,#3101,.T.);
#3101 = LINE('',#3102,#3103);
#3102 = CARTESIAN_POINT('',(153.43075,-33.13125,1.51));
#3103 = VECTOR('',#3104,1.);
#3104 = DIRECTION('',(0.,-1.,0.));
#3105 = PLANE('',#3106);
#3106 = AXIS2_PLACEMENT_3D('',#3107,#3108,#3109);
#3107 = CARTESIAN_POINT('',(0.,0.,1.51));
#3108 = DIRECTION('',(0.,0.,1.));
#3109 = DIRECTION('',(1.,0.,-0.));
#3110 = ADVANCED_FACE('',(#3111,#3123),#3159,.T.);
#3111 = FACE_BOUND('',#3112,.T.);
#3112 = EDGE_LOOP('',(#3113,#3114,#3115,#3122));
#3113 = ORIENTED_EDGE('',*,*,#2966,.F.);
#3114 = ORIENTED_EDGE('',*,*,#3008,.F.);
#3115 = ORIENTED_EDGE('',*,*,#3116,.F.);
#3116 = EDGE_CURVE('',#3031,#3001,#3117,.T.);
#3117 = CIRCLE('',#3118,0.504000000001);
#3118 = AXIS2_PLACEMENT_3D('',#3119,#3120,#3121);
#3119 = CARTESIAN_POINT('',(153.20575,-65.25850113648,1.55));
#3120 = DIRECTION('',(0.,0.,-1.));
#3121 = DIRECTION('',(-0.999999999997,2.254924035848E-06,0.));
#3122 = ORIENTED_EDGE('',*,*,#3030,.F.);
#3123 = FACE_BOUND('',#3124,.T.);
#3124 = EDGE_LOOP('',(#3125,#3136,#3144,#3153));
#3125 = ORIENTED_EDGE('',*,*,#3126,.T.);
#3126 = EDGE_CURVE('',#3127,#3129,#3131,.T.);
#3127 = VERTEX_POINT('',#3128);
#3128 = CARTESIAN_POINT('',(153.43075,-66.2625,1.55));
#3129 = VERTEX_POINT('',#3130);
#3130 = CARTESIAN_POINT('',(152.98075,-66.2625,1.55));
#3131 = CIRCLE('',#3132,0.225);
#3132 = AXIS2_PLACEMENT_3D('',#3133,#3134,#3135);
#3133 = CARTESIAN_POINT('',(153.20575,-66.2625,1.55));
#3134 = DIRECTION('',(-0.,0.,-1.));
#3135 = DIRECTION('',(-1.,6.315935428979E-14,0.));
#3136 = ORIENTED_EDGE('',*,*,#3137,.T.);
#3137 = EDGE_CURVE('',#3129,#3138,#3140,.T.);
#3138 = VERTEX_POINT('',#3139);
#3139 = CARTESIAN_POINT('',(152.98075,-65.2625,1.55));
#3140 = LINE('',#3141,#3142);
#3141 = CARTESIAN_POINT('',(152.98075,-32.63125,1.55));
#3142 = VECTOR('',#3143,1.);
#3143 = DIRECTION('',(-0.,1.,0.));
#3144 = ORIENTED_EDGE('',*,*,#3145,.T.);
#3145 = EDGE_CURVE('',#3138,#3146,#3148,.T.);
#3146 = VERTEX_POINT('',#3147);
#3147 = CARTESIAN_POINT('',(153.43075,-65.2625,1.55));
#3148 = CIRCLE('',#3149,0.225);
#3149 = AXIS2_PLACEMENT_3D('',#3150,#3151,#3152);
#3150 = CARTESIAN_POINT('',(153.20575,-65.2625,1.55));
#3151 = DIRECTION('',(0.,-0.,-1.));
#3152 = DIRECTION('',(1.,-6.315935428979E-14,0.));
#3153 = ORIENTED_EDGE('',*,*,#3154,.T.);
#3154 = EDGE_CURVE('',#3146,#3127,#3155,.T.);
#3155 = LINE('',#3156,#3157);
#3156 = CARTESIAN_POINT('',(153.43075,-33.13125,1.55));
#3157 = VECTOR('',#3158,1.);
#3158 = DIRECTION('',(0.,-1.,0.));
#3159 = PLANE('',#3160);
#3160 = AXIS2_PLACEMENT_3D('',#3161,#3162,#3163);
#3161 = CARTESIAN_POINT('',(0.,0.,1.55));
#3162 = DIRECTION('',(0.,0.,1.));
#3163 = DIRECTION('',(1.,0.,-0.));
#3164 = ADVANCED_FACE('',(#3165),#3171,.T.);
#3165 = FACE_BOUND('',#3166,.T.);
#3166 = EDGE_LOOP('',(#3167,#3168,#3169,#3170));
#3167 = ORIENTED_EDGE('',*,*,#3038,.T.);
#3168 = ORIENTED_EDGE('',*,*,#3116,.T.);
#3169 = ORIENTED_EDGE('',*,*,#2998,.F.);
#3170 = ORIENTED_EDGE('',*,*,#3062,.F.);
#3171 = CYLINDRICAL_SURFACE('',#3172,0.504000000001);
#3172 = AXIS2_PLACEMENT_3D('',#3173,#3174,#3175);
#3173 = CARTESIAN_POINT('',(153.20575,-65.25850113648,1.51));
#3174 = DIRECTION('',(0.,0.,-1.));
#3175 = DIRECTION('',(-0.999999999997,2.254924035848E-06,0.));
#3176 = ADVANCED_FACE('',(#3177),#3193,.F.);
#3177 = FACE_BOUND('',#3178,.T.);
#3178 = EDGE_LOOP('',(#3179,#3180,#3186,#3187));
#3179 = ORIENTED_EDGE('',*,*,#3072,.T.);
#3180 = ORIENTED_EDGE('',*,*,#3181,.T.);
#3181 = EDGE_CURVE('',#3075,#3129,#3182,.T.);
#3182 = LINE('',#3183,#3184);
#3183 = CARTESIAN_POINT('',(152.98075,-66.2625,-4.6E-02));
#3184 = VECTOR('',#3185,1.);
#3185 = DIRECTION('',(0.,0.,1.));
#3186 = ORIENTED_EDGE('',*,*,#3126,.F.);
#3187 = ORIENTED_EDGE('',*,*,#3188,.F.);
#3188 = EDGE_CURVE('',#3073,#3127,#3189,.T.);
#3189 = LINE('',#3190,#3191);
#3190 = CARTESIAN_POINT('',(153.43075,-66.2625,-4.6E-02));
#3191 = VECTOR('',#3192,1.);
#3192 = DIRECTION('',(0.,0.,1.));
#3193 = CYLINDRICAL_SURFACE('',#3194,0.225);
#3194 = AXIS2_PLACEMENT_3D('',#3195,#3196,#3197);
#3195 = CARTESIAN_POINT('',(153.20575,-66.2625,-4.6E-02));
#3196 = DIRECTION('',(-0.,-0.,-1.));
#3197 = DIRECTION('',(-1.,6.315935428979E-14,-0.));
#3198 = ADVANCED_FACE('',(#3199),#3210,.T.);
#3199 = FACE_BOUND('',#3200,.T.);
#3200 = EDGE_LOOP('',(#3201,#3202,#3203,#3204));
#3201 = ORIENTED_EDGE('',*,*,#3100,.T.);
#3202 = ORIENTED_EDGE('',*,*,#3188,.T.);
#3203 = ORIENTED_EDGE('',*,*,#3154,.F.);
#3204 = ORIENTED_EDGE('',*,*,#3205,.F.);
#3205 = EDGE_CURVE('',#3092,#3146,#3206,.T.);
#3206 = LINE('',#3207,#3208);
#3207 = CARTESIAN_POINT('',(153.43075,-65.2625,-4.6E-02));
#3208 = VECTOR('',#3209,1.);
#3209 = DIRECTION('',(0.,0.,1.));
#3210 = PLANE('',#3211);
#3211 = AXIS2_PLACEMENT_3D('',#3212,#3213,#3214);
#3212 = CARTESIAN_POINT('',(153.43075,-66.2625,-4.6E-02));
#3213 = DIRECTION('',(-1.,0.,0.));
#3214 = DIRECTION('',(0.,1.,0.));
#3215 = ADVANCED_FACE('',(#3216),#3227,.F.);
#3216 = FACE_BOUND('',#3217,.T.);
#3217 = EDGE_LOOP('',(#3218,#3219,#3220,#3221));
#3218 = ORIENTED_EDGE('',*,*,#3091,.T.);
#3219 = ORIENTED_EDGE('',*,*,#3205,.T.);
#3220 = ORIENTED_EDGE('',*,*,#3145,.F.);
#3221 = ORIENTED_EDGE('',*,*,#3222,.F.);
#3222 = EDGE_CURVE('',#3084,#3138,#3223,.T.);
#3223 = LINE('',#3224,#3225);
#3224 = CARTESIAN_POINT('',(152.98075,-65.2625,-4.6E-02));
#3225 = VECTOR('',#3226,1.);
#3226 = DIRECTION('',(0.,0.,1.));
#3227 = CYLINDRICAL_SURFACE('',#3228,0.225);
#3228 = AXIS2_PLACEMENT_3D('',#3229,#3230,#3231);
#3229 = CARTESIAN_POINT('',(153.20575,-65.2625,-4.6E-02));
#3230 = DIRECTION('',(-0.,-0.,-1.));
#3231 = DIRECTION('',(1.,-6.315935428979E-14,0.));
#3232 = ADVANCED_FACE('',(#3233),#3239,.T.);
#3233 = FACE_BOUND('',#3234,.T.);
#3234 = EDGE_LOOP('',(#3235,#3236,#3237,#3238));
#3235 = ORIENTED_EDGE('',*,*,#3083,.T.);
#3236 = ORIENTED_EDGE('',*,*,#3222,.T.);
#3237 = ORIENTED_EDGE('',*,*,#3137,.F.);
#3238 = ORIENTED_EDGE('',*,*,#3181,.F.);
#3239 = PLANE('',#3240);
#3240 = AXIS2_PLACEMENT_3D('',#3241,#3242,#3243);
#3241 = CARTESIAN_POINT('',(152.98075,-65.2625,-4.6E-02));
#3242 = DIRECTION('',(1.,0.,-0.));
#3243 = DIRECTION('',(0.,-1.,0.));
#3244 = MANIFOLD_SOLID_BREP('',#3245);
#3245 = CLOSED_SHELL('',(#3246,#3288,#3319,#3350,#3404,#3458,#3470,#3492
    ,#3509,#3526));
#3246 = ADVANCED_FACE('',(#3247),#3283,.T.);
#3247 = FACE_BOUND('',#3248,.F.);
#3248 = EDGE_LOOP('',(#3249,#3259,#3268,#3276));
#3249 = ORIENTED_EDGE('',*,*,#3250,.T.);
#3250 = EDGE_CURVE('',#3251,#3253,#3255,.T.);
#3251 = VERTEX_POINT('',#3252);
#3252 = CARTESIAN_POINT('',(153.70975,-66.2665,0.));
#3253 = VERTEX_POINT('',#3254);
#3254 = CARTESIAN_POINT('',(153.70975,-66.2665,-4.E-02));
#3255 = LINE('',#3256,#3257);
#3256 = CARTESIAN_POINT('',(153.70975,-66.2665,0.));
#3257 = VECTOR('',#3258,1.);
#3258 = DIRECTION('',(0.,0.,-1.));
#3259 = ORIENTED_EDGE('',*,*,#3260,.T.);
#3260 = EDGE_CURVE('',#3253,#3261,#3263,.T.);
#3261 = VERTEX_POINT('',#3262);
#3262 = CARTESIAN_POINT('',(152.70175,-66.2665,-4.E-02));
#3263 = CIRCLE('',#3264,0.504);
#3264 = AXIS2_PLACEMENT_3D('',#3265,#3266,#3267);
#3265 = CARTESIAN_POINT('',(153.20575,-66.26649976342,-4.E-02));
#3266 = DIRECTION('',(-0.,0.,-1.));
#3267 = DIRECTION('',(1.,-4.694020128501E-07,-0.));
#3268 = ORIENTED_EDGE('',*,*,#3269,.F.);
#3269 = EDGE_CURVE('',#3270,#3261,#3272,.T.);
#3270 = VERTEX_POINT('',#3271);
#3271 = CARTESIAN_POINT('',(152.70175,-66.2665,0.));
#3272 = LINE('',#3273,#3274);
#3273 = CARTESIAN_POINT('',(152.70175,-66.2665,0.));
#3274 = VECTOR('',#3275,1.);
#3275 = DIRECTION('',(0.,0.,-1.));
#3276 = ORIENTED_EDGE('',*,*,#3277,.F.);
#3277 = EDGE_CURVE('',#3251,#3270,#3278,.T.);
#3278 = CIRCLE('',#3279,0.504);
#3279 = AXIS2_PLACEMENT_3D('',#3280,#3281,#3282);
#3280 = CARTESIAN_POINT('',(153.20575,-66.26649976342,0.));
#3281 = DIRECTION('',(-0.,0.,-1.));
#3282 = DIRECTION('',(1.,-4.694020128501E-07,-0.));
#3283 = CYLINDRICAL_SURFACE('',#3284,0.504);
#3284 = AXIS2_PLACEMENT_3D('',#3285,#3286,#3287);
#3285 = CARTESIAN_POINT('',(153.20575,-66.26649976342,0.));
#3286 = DIRECTION('',(0.,-0.,1.));
#3287 = DIRECTION('',(1.,-4.694020128501E-07,-0.));
#3288 = ADVANCED_FACE('',(#3289),#3314,.F.);
#3289 = FACE_BOUND('',#3290,.F.);
#3290 = EDGE_LOOP('',(#3291,#3301,#3307,#3308));
#3291 = ORIENTED_EDGE('',*,*,#3292,.T.);
#3292 = EDGE_CURVE('',#3293,#3295,#3297,.T.);
#3293 = VERTEX_POINT('',#3294);
#3294 = CARTESIAN_POINT('',(153.70975,-65.2585,0.));
#3295 = VERTEX_POINT('',#3296);
#3296 = CARTESIAN_POINT('',(153.70975,-65.2585,-4.E-02));
#3297 = LINE('',#3298,#3299);
#3298 = CARTESIAN_POINT('',(153.70975,-65.2585,0.));
#3299 = VECTOR('',#3300,1.);
#3300 = DIRECTION('',(0.,0.,-1.));
#3301 = ORIENTED_EDGE('',*,*,#3302,.T.);
#3302 = EDGE_CURVE('',#3295,#3253,#3303,.T.);
#3303 = LINE('',#3304,#3305);
#3304 = CARTESIAN_POINT('',(153.70975,-65.2585,-4.E-02));
#3305 = VECTOR('',#3306,1.);
#3306 = DIRECTION('',(0.,-1.,0.));
#3307 = ORIENTED_EDGE('',*,*,#3250,.F.);
#3308 = ORIENTED_EDGE('',*,*,#3309,.F.);
#3309 = EDGE_CURVE('',#3293,#3251,#3310,.T.);
#3310 = LINE('',#3311,#3312);
#3311 = CARTESIAN_POINT('',(153.70975,-65.2585,0.));
#3312 = VECTOR('',#3313,1.);
#3313 = DIRECTION('',(0.,-1.,0.));
#3314 = PLANE('',#3315);
#3315 = AXIS2_PLACEMENT_3D('',#3316,#3317,#3318);
#3316 = CARTESIAN_POINT('',(153.70975,-65.2585,0.));
#3317 = DIRECTION('',(-1.,-0.,-0.));
#3318 = DIRECTION('',(0.,-1.,0.));
#3319 = ADVANCED_FACE('',(#3320),#3345,.F.);
#3320 = FACE_BOUND('',#3321,.F.);
#3321 = EDGE_LOOP('',(#3322,#3323,#3331,#3339));
#3322 = ORIENTED_EDGE('',*,*,#3269,.T.);
#3323 = ORIENTED_EDGE('',*,*,#3324,.T.);
#3324 = EDGE_CURVE('',#3261,#3325,#3327,.T.);
#3325 = VERTEX_POINT('',#3326);
#3326 = CARTESIAN_POINT('',(152.70175,-65.2585,-4.E-02));
#3327 = LINE('',#3328,#3329);
#3328 = CARTESIAN_POINT('',(152.70175,-66.2665,-4.E-02));
#3329 = VECTOR('',#3330,1.);
#3330 = DIRECTION('',(0.,1.,0.));
#3331 = ORIENTED_EDGE('',*,*,#3332,.F.);
#3332 = EDGE_CURVE('',#3333,#3325,#3335,.T.);
#3333 = VERTEX_POINT('',#3334);
#3334 = CARTESIAN_POINT('',(152.70175,-65.2585,0.));
#3335 = LINE('',#3336,#3337);
#3336 = CARTESIAN_POINT('',(152.70175,-65.2585,0.));
#3337 = VECTOR('',#3338,1.);
#3338 = DIRECTION('',(0.,0.,-1.));
#3339 = ORIENTED_EDGE('',*,*,#3340,.F.);
#3340 = EDGE_CURVE('',#3270,#3333,#3341,.T.);
#3341 = LINE('',#3342,#3343);
#3342 = CARTESIAN_POINT('',(152.70175,-66.2665,0.));
#3343 = VECTOR('',#3344,1.);
#3344 = DIRECTION('',(0.,1.,0.));
#3345 = PLANE('',#3346);
#3346 = AXIS2_PLACEMENT_3D('',#3347,#3348,#3349);
#3347 = CARTESIAN_POINT('',(152.70175,-66.2665,0.));
#3348 = DIRECTION('',(1.,-0.,0.));
#3349 = DIRECTION('',(0.,1.,0.));
#3350 = ADVANCED_FACE('',(#3351,#3363),#3399,.F.);
#3351 = FACE_BOUND('',#3352,.F.);
#3352 = EDGE_LOOP('',(#3353,#3354,#3355,#3362));
#3353 = ORIENTED_EDGE('',*,*,#3277,.T.);
#3354 = ORIENTED_EDGE('',*,*,#3340,.T.);
#3355 = ORIENTED_EDGE('',*,*,#3356,.T.);
#3356 = EDGE_CURVE('',#3333,#3293,#3357,.T.);
#3357 = CIRCLE('',#3358,0.504000000001);
#3358 = AXIS2_PLACEMENT_3D('',#3359,#3360,#3361);
#3359 = CARTESIAN_POINT('',(153.20575,-65.25850113648,0.));
#3360 = DIRECTION('',(0.,0.,-1.));
#3361 = DIRECTION('',(-0.999999999997,2.254924035848E-06,0.));
#3362 = ORIENTED_EDGE('',*,*,#3309,.T.);
#3363 = FACE_BOUND('',#3364,.F.);
#3364 = EDGE_LOOP('',(#3365,#3376,#3384,#3393));
#3365 = ORIENTED_EDGE('',*,*,#3366,.F.);
#3366 = EDGE_CURVE('',#3367,#3369,#3371,.T.);
#3367 = VERTEX_POINT('',#3368);
#3368 = CARTESIAN_POINT('',(152.98075,-65.2625,0.));
#3369 = VERTEX_POINT('',#3370);
#3370 = CARTESIAN_POINT('',(153.43075,-65.2625,0.));
#3371 = CIRCLE('',#3372,0.225);
#3372 = AXIS2_PLACEMENT_3D('',#3373,#3374,#3375);
#3373 = CARTESIAN_POINT('',(153.20575,-65.2625,0.));
#3374 = DIRECTION('',(0.,-0.,-1.));
#3375 = DIRECTION('',(1.,-6.315935428979E-14,0.));
#3376 = ORIENTED_EDGE('',*,*,#3377,.T.);
#3377 = EDGE_CURVE('',#3367,#3378,#3380,.T.);
#3378 = VERTEX_POINT('',#3379);
#3379 = CARTESIAN_POINT('',(152.98075,-66.2625,0.));
#3380 = LINE('',#3381,#3382);
#3381 = CARTESIAN_POINT('',(152.98075,-32.63125,0.));
#3382 = VECTOR('',#3383,1.);
#3383 = DIRECTION('',(0.,-1.,0.));
#3384 = ORIENTED_EDGE('',*,*,#3385,.F.);
#3385 = EDGE_CURVE('',#3386,#3378,#3388,.T.);
#3386 = VERTEX_POINT('',#3387);
#3387 = CARTESIAN_POINT('',(153.43075,-66.2625,0.));
#3388 = CIRCLE('',#3389,0.225);
#3389 = AXIS2_PLACEMENT_3D('',#3390,#3391,#3392);
#3390 = CARTESIAN_POINT('',(153.20575,-66.2625,0.));
#3391 = DIRECTION('',(-0.,0.,-1.));
#3392 = DIRECTION('',(-1.,6.315935428979E-14,0.));
#3393 = ORIENTED_EDGE('',*,*,#3394,.T.);
#3394 = EDGE_CURVE('',#3386,#3369,#3395,.T.);
#3395 = LINE('',#3396,#3397);
#3396 = CARTESIAN_POINT('',(153.43075,-33.13125,0.));
#3397 = VECTOR('',#3398,1.);
#3398 = DIRECTION('',(0.,1.,-0.));
#3399 = PLANE('',#3400);
#3400 = AXIS2_PLACEMENT_3D('',#3401,#3402,#3403);
#3401 = CARTESIAN_POINT('',(0.,0.,0.));
#3402 = DIRECTION('',(-0.,-0.,-1.));
#3403 = DIRECTION('',(-1.,0.,0.));
#3404 = ADVANCED_FACE('',(#3405,#3417),#3453,.T.);
#3405 = FACE_BOUND('',#3406,.T.);
#3406 = EDGE_LOOP('',(#3407,#3408,#3409,#3416));
#3407 = ORIENTED_EDGE('',*,*,#3260,.T.);
#3408 = ORIENTED_EDGE('',*,*,#3324,.T.);
#3409 = ORIENTED_EDGE('',*,*,#3410,.T.);
#3410 = EDGE_CURVE('',#3325,#3295,#3411,.T.);
#3411 = CIRCLE('',#3412,0.504000000001);
#3412 = AXIS2_PLACEMENT_3D('',#3413,#3414,#3415);
#3413 = CARTESIAN_POINT('',(153.20575,-65.25850113648,-4.E-02));
#3414 = DIRECTION('',(0.,0.,-1.));
#3415 = DIRECTION('',(-0.999999999997,2.254924035848E-06,0.));
#3416 = ORIENTED_EDGE('',*,*,#3302,.T.);
#3417 = FACE_BOUND('',#3418,.T.);
#3418 = EDGE_LOOP('',(#3419,#3430,#3438,#3447));
#3419 = ORIENTED_EDGE('',*,*,#3420,.F.);
#3420 = EDGE_CURVE('',#3421,#3423,#3425,.T.);
#3421 = VERTEX_POINT('',#3422);
#3422 = CARTESIAN_POINT('',(152.98075,-65.2625,-4.E-02));
#3423 = VERTEX_POINT('',#3424);
#3424 = CARTESIAN_POINT('',(153.43075,-65.2625,-4.E-02));
#3425 = CIRCLE('',#3426,0.225);
#3426 = AXIS2_PLACEMENT_3D('',#3427,#3428,#3429);
#3427 = CARTESIAN_POINT('',(153.20575,-65.2625,-4.E-02));
#3428 = DIRECTION('',(0.,-0.,-1.));
#3429 = DIRECTION('',(1.,-6.315935428979E-14,0.));
#3430 = ORIENTED_EDGE('',*,*,#3431,.T.);
#3431 = EDGE_CURVE('',#3421,#3432,#3434,.T.);
#3432 = VERTEX_POINT('',#3433);
#3433 = CARTESIAN_POINT('',(152.98075,-66.2625,-4.E-02));
#3434 = LINE('',#3435,#3436);
#3435 = CARTESIAN_POINT('',(152.98075,-32.63125,-4.E-02));
#3436 = VECTOR('',#3437,1.);
#3437 = DIRECTION('',(0.,-1.,0.));
#3438 = ORIENTED_EDGE('',*,*,#3439,.F.);
#3439 = EDGE_CURVE('',#3440,#3432,#3442,.T.);
#3440 = VERTEX_POINT('',#3441);
#3441 = CARTESIAN_POINT('',(153.43075,-66.2625,-4.E-02));
#3442 = CIRCLE('',#3443,0.225);
#3443 = AXIS2_PLACEMENT_3D('',#3444,#3445,#3446);
#3444 = CARTESIAN_POINT('',(153.20575,-66.2625,-4.E-02));
#3445 = DIRECTION('',(-0.,0.,-1.));
#3446 = DIRECTION('',(-1.,6.315935428979E-14,0.));
#3447 = ORIENTED_EDGE('',*,*,#3448,.T.);
#3448 = EDGE_CURVE('',#3440,#3423,#3449,.T.);
#3449 = LINE('',#3450,#3451);
#3450 = CARTESIAN_POINT('',(153.43075,-33.13125,-4.E-02));
#3451 = VECTOR('',#3452,1.);
#3452 = DIRECTION('',(0.,1.,-0.));
#3453 = PLANE('',#3454);
#3454 = AXIS2_PLACEMENT_3D('',#3455,#3456,#3457);
#3455 = CARTESIAN_POINT('',(0.,0.,-4.E-02));
#3456 = DIRECTION('',(-0.,-0.,-1.));
#3457 = DIRECTION('',(-1.,0.,0.));
#3458 = ADVANCED_FACE('',(#3459),#3465,.T.);
#3459 = FACE_BOUND('',#3460,.F.);
#3460 = EDGE_LOOP('',(#3461,#3462,#3463,#3464));
#3461 = ORIENTED_EDGE('',*,*,#3332,.T.);
#3462 = ORIENTED_EDGE('',*,*,#3410,.T.);
#3463 = ORIENTED_EDGE('',*,*,#3292,.F.);
#3464 = ORIENTED_EDGE('',*,*,#3356,.F.);
#3465 = CYLINDRICAL_SURFACE('',#3466,0.504000000001);
#3466 = AXIS2_PLACEMENT_3D('',#3467,#3468,#3469);
#3467 = CARTESIAN_POINT('',(153.20575,-65.25850113648,0.));
#3468 = DIRECTION('',(-0.,-0.,1.));
#3469 = DIRECTION('',(-0.999999999997,2.254924035848E-06,0.));
#3470 = ADVANCED_FACE('',(#3471),#3487,.F.);
#3471 = FACE_BOUND('',#3472,.T.);
#3472 = EDGE_LOOP('',(#3473,#3474,#3480,#3481));
#3473 = ORIENTED_EDGE('',*,*,#3420,.T.);
#3474 = ORIENTED_EDGE('',*,*,#3475,.T.);
#3475 = EDGE_CURVE('',#3423,#3369,#3476,.T.);
#3476 = LINE('',#3477,#3478);
#3477 = CARTESIAN_POINT('',(153.43075,-65.2625,-4.6E-02));
#3478 = VECTOR('',#3479,1.);
#3479 = DIRECTION('',(0.,0.,1.));
#3480 = ORIENTED_EDGE('',*,*,#3366,.F.);
#3481 = ORIENTED_EDGE('',*,*,#3482,.F.);
#3482 = EDGE_CURVE('',#3421,#3367,#3483,.T.);
#3483 = LINE('',#3484,#3485);
#3484 = CARTESIAN_POINT('',(152.98075,-65.2625,-4.6E-02));
#3485 = VECTOR('',#3486,1.);
#3486 = DIRECTION('',(0.,0.,1.));
#3487 = CYLINDRICAL_SURFACE('',#3488,0.225);
#3488 = AXIS2_PLACEMENT_3D('',#3489,#3490,#3491);
#3489 = CARTESIAN_POINT('',(153.20575,-65.2625,-4.6E-02));
#3490 = DIRECTION('',(-0.,-0.,-1.));
#3491 = DIRECTION('',(1.,-6.315935428979E-14,0.));
#3492 = ADVANCED_FACE('',(#3493),#3504,.T.);
#3493 = FACE_BOUND('',#3494,.T.);
#3494 = EDGE_LOOP('',(#3495,#3496,#3502,#3503));
#3495 = ORIENTED_EDGE('',*,*,#3448,.F.);
#3496 = ORIENTED_EDGE('',*,*,#3497,.T.);
#3497 = EDGE_CURVE('',#3440,#3386,#3498,.T.);
#3498 = LINE('',#3499,#3500);
#3499 = CARTESIAN_POINT('',(153.43075,-66.2625,-4.6E-02));
#3500 = VECTOR('',#3501,1.);
#3501 = DIRECTION('',(0.,0.,1.));
#3502 = ORIENTED_EDGE('',*,*,#3394,.T.);
#3503 = ORIENTED_EDGE('',*,*,#3475,.F.);
#3504 = PLANE('',#3505);
#3505 = AXIS2_PLACEMENT_3D('',#3506,#3507,#3508);
#3506 = CARTESIAN_POINT('',(153.43075,-66.2625,-4.6E-02));
#3507 = DIRECTION('',(-1.,0.,0.));
#3508 = DIRECTION('',(0.,1.,0.));
#3509 = ADVANCED_FACE('',(#3510),#3521,.F.);
#3510 = FACE_BOUND('',#3511,.T.);
#3511 = EDGE_LOOP('',(#3512,#3513,#3519,#3520));
#3512 = ORIENTED_EDGE('',*,*,#3439,.T.);
#3513 = ORIENTED_EDGE('',*,*,#3514,.T.);
#3514 = EDGE_CURVE('',#3432,#3378,#3515,.T.);
#3515 = LINE('',#3516,#3517);
#3516 = CARTESIAN_POINT('',(152.98075,-66.2625,-4.6E-02));
#3517 = VECTOR('',#3518,1.);
#3518 = DIRECTION('',(0.,0.,1.));
#3519 = ORIENTED_EDGE('',*,*,#3385,.F.);
#3520 = ORIENTED_EDGE('',*,*,#3497,.F.);
#3521 = CYLINDRICAL_SURFACE('',#3522,0.225);
#3522 = AXIS2_PLACEMENT_3D('',#3523,#3524,#3525);
#3523 = CARTESIAN_POINT('',(153.20575,-66.2625,-4.6E-02));
#3524 = DIRECTION('',(-0.,-0.,-1.));
#3525 = DIRECTION('',(-1.,6.315935428979E-14,-0.));
#3526 = ADVANCED_FACE('',(#3527),#3533,.T.);
#3527 = FACE_BOUND('',#3528,.T.);
#3528 = EDGE_LOOP('',(#3529,#3530,#3531,#3532));
#3529 = ORIENTED_EDGE('',*,*,#3431,.F.);
#3530 = ORIENTED_EDGE('',*,*,#3482,.T.);
#3531 = ORIENTED_EDGE('',*,*,#3377,.T.);
#3532 = ORIENTED_EDGE('',*,*,#3514,.F.);
#3533 = PLANE('',#3534);
#3534 = AXIS2_PLACEMENT_3D('',#3535,#3536,#3537);
#3535 = CARTESIAN_POINT('',(152.98075,-65.2625,-4.6E-02));
#3536 = DIRECTION('',(1.,0.,-0.));
#3537 = DIRECTION('',(0.,-1.,0.));
#3538 = MANIFOLD_SOLID_BREP('',#3539);
#3539 = CLOSED_SHELL('',(#3540,#3580,#3613,#3646,#3699,#3752,#3764,#3786
    ,#3803,#3820));
#3540 = ADVANCED_FACE('',(#3541),#3575,.F.);
#3541 = FACE_BOUND('',#3542,.F.);
#3542 = EDGE_LOOP('',(#3543,#3553,#3561,#3569));
#3543 = ORIENTED_EDGE('',*,*,#3544,.T.);
#3544 = EDGE_CURVE('',#3545,#3547,#3549,.T.);
#3545 = VERTEX_POINT('',#3546);
#3546 = CARTESIAN_POINT('',(152.95575,-65.2625,-4.E-02));
#3547 = VERTEX_POINT('',#3548);
#3548 = CARTESIAN_POINT('',(152.95575,-65.2625,1.55));
#3549 = LINE('',#3550,#3551);
#3550 = CARTESIAN_POINT('',(152.95575,-65.2625,-4.E-02));
#3551 = VECTOR('',#3552,1.);
#3552 = DIRECTION('',(0.,0.,1.));
#3553 = ORIENTED_EDGE('',*,*,#3554,.T.);
#3554 = EDGE_CURVE('',#3547,#3555,#3557,.T.);
#3555 = VERTEX_POINT('',#3556);
#3556 = CARTESIAN_POINT('',(152.95575,-66.2625,1.55));
#3557 = LINE('',#3558,#3559);
#3558 = CARTESIAN_POINT('',(152.95575,-65.2625,1.55));
#3559 = VECTOR('',#3560,1.);
#3560 = DIRECTION('',(0.,-1.,0.));
#3561 = ORIENTED_EDGE('',*,*,#3562,.F.);
#3562 = EDGE_CURVE('',#3563,#3555,#3565,.T.);
#3563 = VERTEX_POINT('',#3564);
#3564 = CARTESIAN_POINT('',(152.95575,-66.2625,-4.E-02));
#3565 = LINE('',#3566,#3567);
#3566 = CARTESIAN_POINT('',(152.95575,-66.2625,-4.E-02));
#3567 = VECTOR('',#3568,1.);
#3568 = DIRECTION('',(0.,0.,1.));
#3569 = ORIENTED_EDGE('',*,*,#3570,.F.);
#3570 = EDGE_CURVE('',#3545,#3563,#3571,.T.);
#3571 = LINE('',#3572,#3573);
#3572 = CARTESIAN_POINT('',(152.95575,-65.2625,-4.E-02));
#3573 = VECTOR('',#3574,1.);
#3574 = DIRECTION('',(0.,-1.,0.));
#3575 = PLANE('',#3576);
#3576 = AXIS2_PLACEMENT_3D('',#3577,#3578,#3579);
#3577 = CARTESIAN_POINT('',(152.95575,-65.2625,-4.E-02));
#3578 = DIRECTION('',(1.,0.,-0.));
#3579 = DIRECTION('',(0.,-1.,0.));
#3580 = ADVANCED_FACE('',(#3581),#3608,.T.);
#3581 = FACE_BOUND('',#3582,.F.);
#3582 = EDGE_LOOP('',(#3583,#3593,#3600,#3601));
#3583 = ORIENTED_EDGE('',*,*,#3584,.T.);
#3584 = EDGE_CURVE('',#3585,#3587,#3589,.T.);
#3585 = VERTEX_POINT('',#3586);
#3586 = CARTESIAN_POINT('',(153.45575,-65.2625,-4.E-02));
#3587 = VERTEX_POINT('',#3588);
#3588 = CARTESIAN_POINT('',(153.45575,-65.2625,1.55));
#3589 = LINE('',#3590,#3591);
#3590 = CARTESIAN_POINT('',(153.45575,-65.2625,-4.E-02));
#3591 = VECTOR('',#3592,1.);
#3592 = DIRECTION('',(0.,0.,1.));
#3593 = ORIENTED_EDGE('',*,*,#3594,.T.);
#3594 = EDGE_CURVE('',#3587,#3547,#3595,.T.);
#3595 = CIRCLE('',#3596,0.25);
#3596 = AXIS2_PLACEMENT_3D('',#3597,#3598,#3599);
#3597 = CARTESIAN_POINT('',(153.20575,-65.2625,1.55));
#3598 = DIRECTION('',(0.,0.,1.));
#3599 = DIRECTION('',(1.,0.,-0.));
#3600 = ORIENTED_EDGE('',*,*,#3544,.F.);
#3601 = ORIENTED_EDGE('',*,*,#3602,.F.);
#3602 = EDGE_CURVE('',#3585,#3545,#3603,.T.);
#3603 = CIRCLE('',#3604,0.25);
#3604 = AXIS2_PLACEMENT_3D('',#3605,#3606,#3607);
#3605 = CARTESIAN_POINT('',(153.20575,-65.2625,-4.E-02));
#3606 = DIRECTION('',(0.,0.,1.));
#3607 = DIRECTION('',(1.,0.,-0.));
#3608 = CYLINDRICAL_SURFACE('',#3609,0.25);
#3609 = AXIS2_PLACEMENT_3D('',#3610,#3611,#3612);
#3610 = CARTESIAN_POINT('',(153.20575,-65.2625,-4.E-02));
#3611 = DIRECTION('',(-0.,-0.,-1.));
#3612 = DIRECTION('',(1.,0.,-0.));
#3613 = ADVANCED_FACE('',(#3614),#3641,.T.);
#3614 = FACE_BOUND('',#3615,.F.);
#3615 = EDGE_LOOP('',(#3616,#3617,#3626,#3634));
#3616 = ORIENTED_EDGE('',*,*,#3562,.T.);
#3617 = ORIENTED_EDGE('',*,*,#3618,.T.);
#3618 = EDGE_CURVE('',#3555,#3619,#3621,.T.);
#3619 = VERTEX_POINT('',#3620);
#3620 = CARTESIAN_POINT('',(153.45575,-66.2625,1.55));
#3621 = CIRCLE('',#3622,0.25);
#3622 = AXIS2_PLACEMENT_3D('',#3623,#3624,#3625);
#3623 = CARTESIAN_POINT('',(153.20575,-66.2625,1.55));
#3624 = DIRECTION('',(0.,0.,1.));
#3625 = DIRECTION('',(-1.,0.,-0.));
#3626 = ORIENTED_EDGE('',*,*,#3627,.F.);
#3627 = EDGE_CURVE('',#3628,#3619,#3630,.T.);
#3628 = VERTEX_POINT('',#3629);
#3629 = CARTESIAN_POINT('',(153.45575,-66.2625,-4.E-02));
#3630 = LINE('',#3631,#3632);
#3631 = CARTESIAN_POINT('',(153.45575,-66.2625,-4.E-02));
#3632 = VECTOR('',#3633,1.);
#3633 = DIRECTION('',(0.,0.,1.));
#3634 = ORIENTED_EDGE('',*,*,#3635,.F.);
#3635 = EDGE_CURVE('',#3563,#3628,#3636,.T.);
#3636 = CIRCLE('',#3637,0.25);
#3637 = AXIS2_PLACEMENT_3D('',#3638,#3639,#3640);
#3638 = CARTESIAN_POINT('',(153.20575,-66.2625,-4.E-02));
#3639 = DIRECTION('',(0.,0.,1.));
#3640 = DIRECTION('',(-1.,0.,-0.));
#3641 = CYLINDRICAL_SURFACE('',#3642,0.25);
#3642 = AXIS2_PLACEMENT_3D('',#3643,#3644,#3645);
#3643 = CARTESIAN_POINT('',(153.20575,-66.2625,-4.E-02));
#3644 = DIRECTION('',(-0.,-0.,-1.));
#3645 = DIRECTION('',(-1.,0.,-0.));
#3646 = ADVANCED_FACE('',(#3647,#3658),#3694,.F.);
#3647 = FACE_BOUND('',#3648,.F.);
#3648 = EDGE_LOOP('',(#3649,#3650,#3651,#3657));
#3649 = ORIENTED_EDGE('',*,*,#3570,.T.);
#3650 = ORIENTED_EDGE('',*,*,#3635,.T.);
#3651 = ORIENTED_EDGE('',*,*,#3652,.T.);
#3652 = EDGE_CURVE('',#3628,#3585,#3653,.T.);
#3653 = LINE('',#3654,#3655);
#3654 = CARTESIAN_POINT('',(153.45575,-66.2625,-4.E-02));
#3655 = VECTOR('',#3656,1.);
#3656 = DIRECTION('',(0.,1.,0.));
#3657 = ORIENTED_EDGE('',*,*,#3602,.T.);
#3658 = FACE_BOUND('',#3659,.F.);
#3659 = EDGE_LOOP('',(#3660,#3671,#3679,#3688));
#3660 = ORIENTED_EDGE('',*,*,#3661,.T.);
#3661 = EDGE_CURVE('',#3662,#3664,#3666,.T.);
#3662 = VERTEX_POINT('',#3663);
#3663 = CARTESIAN_POINT('',(153.43075,-66.2625,-4.E-02));
#3664 = VERTEX_POINT('',#3665);
#3665 = CARTESIAN_POINT('',(152.98075,-66.2625,-4.E-02));
#3666 = CIRCLE('',#3667,0.225);
#3667 = AXIS2_PLACEMENT_3D('',#3668,#3669,#3670);
#3668 = CARTESIAN_POINT('',(153.20575,-66.2625,-4.E-02));
#3669 = DIRECTION('',(-0.,0.,-1.));
#3670 = DIRECTION('',(-1.,6.315935428979E-14,0.));
#3671 = ORIENTED_EDGE('',*,*,#3672,.T.);
#3672 = EDGE_CURVE('',#3664,#3673,#3675,.T.);
#3673 = VERTEX_POINT('',#3674);
#3674 = CARTESIAN_POINT('',(152.98075,-65.2625,-4.E-02));
#3675 = LINE('',#3676,#3677);
#3676 = CARTESIAN_POINT('',(152.98075,-65.2625,-4.E-02));
#3677 = VECTOR('',#3678,1.);
#3678 = DIRECTION('',(-0.,1.,0.));
#3679 = ORIENTED_EDGE('',*,*,#3680,.T.);
#3680 = EDGE_CURVE('',#3673,#3681,#3683,.T.);
#3681 = VERTEX_POINT('',#3682);
#3682 = CARTESIAN_POINT('',(153.43075,-65.2625,-4.E-02));
#3683 = CIRCLE('',#3684,0.225);
#3684 = AXIS2_PLACEMENT_3D('',#3685,#3686,#3687);
#3685 = CARTESIAN_POINT('',(153.20575,-65.2625,-4.E-02));
#3686 = DIRECTION('',(0.,-0.,-1.));
#3687 = DIRECTION('',(1.,-6.315935428979E-14,0.));
#3688 = ORIENTED_EDGE('',*,*,#3689,.T.);
#3689 = EDGE_CURVE('',#3681,#3662,#3690,.T.);
#3690 = LINE('',#3691,#3692);
#3691 = CARTESIAN_POINT('',(153.43075,-65.7625,-4.E-02));
#3692 = VECTOR('',#3693,1.);
#3693 = DIRECTION('',(0.,-1.,0.));
#3694 = PLANE('',#3695);
#3695 = AXIS2_PLACEMENT_3D('',#3696,#3697,#3698);
#3696 = CARTESIAN_POINT('',(152.95575,-65.2625,-4.E-02));
#3697 = DIRECTION('',(0.,0.,1.));
#3698 = DIRECTION('',(1.,0.,-0.));
#3699 = ADVANCED_FACE('',(#3700,#3711),#3747,.T.);
#3700 = FACE_BOUND('',#3701,.T.);
#3701 = EDGE_LOOP('',(#3702,#3703,#3704,#3710));
#3702 = ORIENTED_EDGE('',*,*,#3554,.T.);
#3703 = ORIENTED_EDGE('',*,*,#3618,.T.);
#3704 = ORIENTED_EDGE('',*,*,#3705,.T.);
#3705 = EDGE_CURVE('',#3619,#3587,#3706,.T.);
#3706 = LINE('',#3707,#3708);
#3707 = CARTESIAN_POINT('',(153.45575,-66.2625,1.55));
#3708 = VECTOR('',#3709,1.);
#3709 = DIRECTION('',(0.,1.,0.));
#3710 = ORIENTED_EDGE('',*,*,#3594,.T.);
#3711 = FACE_BOUND('',#3712,.T.);
#3712 = EDGE_LOOP('',(#3713,#3724,#3732,#3741));
#3713 = ORIENTED_EDGE('',*,*,#3714,.T.);
#3714 = EDGE_CURVE('',#3715,#3717,#3719,.T.);
#3715 = VERTEX_POINT('',#3716);
#3716 = CARTESIAN_POINT('',(153.43075,-66.2625,1.55));
#3717 = VERTEX_POINT('',#3718);
#3718 = CARTESIAN_POINT('',(152.98075,-66.2625,1.55));
#3719 = CIRCLE('',#3720,0.225);
#3720 = AXIS2_PLACEMENT_3D('',#3721,#3722,#3723);
#3721 = CARTESIAN_POINT('',(153.20575,-66.2625,1.55));
#3722 = DIRECTION('',(-0.,0.,-1.));
#3723 = DIRECTION('',(-1.,6.315935428979E-14,0.));
#3724 = ORIENTED_EDGE('',*,*,#3725,.T.);
#3725 = EDGE_CURVE('',#3717,#3726,#3728,.T.);
#3726 = VERTEX_POINT('',#3727);
#3727 = CARTESIAN_POINT('',(152.98075,-65.2625,1.55));
#3728 = LINE('',#3729,#3730);
#3729 = CARTESIAN_POINT('',(152.98075,-65.2625,1.55));
#3730 = VECTOR('',#3731,1.);
#3731 = DIRECTION('',(-0.,1.,0.));
#3732 = ORIENTED_EDGE('',*,*,#3733,.T.);
#3733 = EDGE_CURVE('',#3726,#3734,#3736,.T.);
#3734 = VERTEX_POINT('',#3735);
#3735 = CARTESIAN_POINT('',(153.43075,-65.2625,1.55));
#3736 = CIRCLE('',#3737,0.225);
#3737 = AXIS2_PLACEMENT_3D('',#3738,#3739,#3740);
#3738 = CARTESIAN_POINT('',(153.20575,-65.2625,1.55));
#3739 = DIRECTION('',(0.,-0.,-1.));
#3740 = DIRECTION('',(1.,-6.315935428979E-14,0.));
#3741 = ORIENTED_EDGE('',*,*,#3742,.T.);
#3742 = EDGE_CURVE('',#3734,#3715,#3743,.T.);
#3743 = LINE('',#3744,#3745);
#3744 = CARTESIAN_POINT('',(153.43075,-65.7625,1.55));
#3745 = VECTOR('',#3746,1.);
#3746 = DIRECTION('',(0.,-1.,0.));
#3747 = PLANE('',#3748);
#3748 = AXIS2_PLACEMENT_3D('',#3749,#3750,#3751);
#3749 = CARTESIAN_POINT('',(152.95575,-65.2625,1.55));
#3750 = DIRECTION('',(0.,0.,1.));
#3751 = DIRECTION('',(1.,0.,-0.));
#3752 = ADVANCED_FACE('',(#3753),#3759,.F.);
#3753 = FACE_BOUND('',#3754,.F.);
#3754 = EDGE_LOOP('',(#3755,#3756,#3757,#3758));
#3755 = ORIENTED_EDGE('',*,*,#3627,.T.);
#3756 = ORIENTED_EDGE('',*,*,#3705,.T.);
#3757 = ORIENTED_EDGE('',*,*,#3584,.F.);
#3758 = ORIENTED_EDGE('',*,*,#3652,.F.);
#3759 = PLANE('',#3760);
#3760 = AXIS2_PLACEMENT_3D('',#3761,#3762,#3763);
#3761 = CARTESIAN_POINT('',(153.45575,-66.2625,-4.E-02));
#3762 = DIRECTION('',(-1.,0.,0.));
#3763 = DIRECTION('',(0.,1.,0.));
#3764 = ADVANCED_FACE('',(#3765),#3781,.F.);
#3765 = FACE_BOUND('',#3766,.T.);
#3766 = EDGE_LOOP('',(#3767,#3768,#3774,#3775));
#3767 = ORIENTED_EDGE('',*,*,#3661,.T.);
#3768 = ORIENTED_EDGE('',*,*,#3769,.T.);
#3769 = EDGE_CURVE('',#3664,#3717,#3770,.T.);
#3770 = LINE('',#3771,#3772);
#3771 = CARTESIAN_POINT('',(152.98075,-66.2625,-4.6E-02));
#3772 = VECTOR('',#3773,1.);
#3773 = DIRECTION('',(0.,0.,1.));
#3774 = ORIENTED_EDGE('',*,*,#3714,.F.);
#3775 = ORIENTED_EDGE('',*,*,#3776,.F.);
#3776 = EDGE_CURVE('',#3662,#3715,#3777,.T.);
#3777 = LINE('',#3778,#3779);
#3778 = CARTESIAN_POINT('',(153.43075,-66.2625,-4.6E-02));
#3779 = VECTOR('',#3780,1.);
#3780 = DIRECTION('',(0.,0.,1.));
#3781 = CYLINDRICAL_SURFACE('',#3782,0.225);
#3782 = AXIS2_PLACEMENT_3D('',#3783,#3784,#3785);
#3783 = CARTESIAN_POINT('',(153.20575,-66.2625,-4.6E-02));
#3784 = DIRECTION('',(-0.,-0.,-1.));
#3785 = DIRECTION('',(-1.,6.315935428979E-14,-0.));
#3786 = ADVANCED_FACE('',(#3787),#3798,.T.);
#3787 = FACE_BOUND('',#3788,.T.);
#3788 = EDGE_LOOP('',(#3789,#3790,#3791,#3792));
#3789 = ORIENTED_EDGE('',*,*,#3689,.T.);
#3790 = ORIENTED_EDGE('',*,*,#3776,.T.);
#3791 = ORIENTED_EDGE('',*,*,#3742,.F.);
#3792 = ORIENTED_EDGE('',*,*,#3793,.F.);
#3793 = EDGE_CURVE('',#3681,#3734,#3794,.T.);
#3794 = LINE('',#3795,#3796);
#3795 = CARTESIAN_POINT('',(153.43075,-65.2625,-4.6E-02));
#3796 = VECTOR('',#3797,1.);
#3797 = DIRECTION('',(0.,0.,1.));
#3798 = PLANE('',#3799);
#3799 = AXIS2_PLACEMENT_3D('',#3800,#3801,#3802);
#3800 = CARTESIAN_POINT('',(153.43075,-66.2625,-4.6E-02));
#3801 = DIRECTION('',(-1.,0.,0.));
#3802 = DIRECTION('',(0.,1.,0.));
#3803 = ADVANCED_FACE('',(#3804),#3815,.F.);
#3804 = FACE_BOUND('',#3805,.T.);
#3805 = EDGE_LOOP('',(#3806,#3807,#3808,#3809));
#3806 = ORIENTED_EDGE('',*,*,#3680,.T.);
#3807 = ORIENTED_EDGE('',*,*,#3793,.T.);
#3808 = ORIENTED_EDGE('',*,*,#3733,.F.);
#3809 = ORIENTED_EDGE('',*,*,#3810,.F.);
#3810 = EDGE_CURVE('',#3673,#3726,#3811,.T.);
#3811 = LINE('',#3812,#3813);
#3812 = CARTESIAN_POINT('',(152.98075,-65.2625,-4.6E-02));
#3813 = VECTOR('',#3814,1.);
#3814 = DIRECTION('',(0.,0.,1.));
#3815 = CYLINDRICAL_SURFACE('',#3816,0.225);
#3816 = AXIS2_PLACEMENT_3D('',#3817,#3818,#3819);
#3817 = CARTESIAN_POINT('',(153.20575,-65.2625,-4.6E-02));
#3818 = DIRECTION('',(-0.,-0.,-1.));
#3819 = DIRECTION('',(1.,-6.315935428979E-14,0.));
#3820 = ADVANCED_FACE('',(#3821),#3827,.T.);
#3821 = FACE_BOUND('',#3822,.T.);
#3822 = EDGE_LOOP('',(#3823,#3824,#3825,#3826));
#3823 = ORIENTED_EDGE('',*,*,#3672,.T.);
#3824 = ORIENTED_EDGE('',*,*,#3810,.T.);
#3825 = ORIENTED_EDGE('',*,*,#3725,.F.);
#3826 = ORIENTED_EDGE('',*,*,#3769,.F.);
#3827 = PLANE('',#3828);
#3828 = AXIS2_PLACEMENT_3D('',#3829,#3830,#3831);
#3829 = CARTESIAN_POINT('',(152.98075,-65.2625,-4.6E-02));
#3830 = DIRECTION('',(1.,0.,-0.));
#3831 = DIRECTION('',(0.,-1.,0.));
#3832 = MANIFOLD_SOLID_BREP('',#3833);
#3833 = CLOSED_SHELL('',(#3834,#3876,#3907,#3938,#3992,#4046,#4058,#4080
    ,#4097,#4114));
#3834 = ADVANCED_FACE('',(#3835),#3871,.T.);
#3835 = FACE_BOUND('',#3836,.T.);
#3836 = EDGE_LOOP('',(#3837,#3847,#3856,#3864));
#3837 = ORIENTED_EDGE('',*,*,#3838,.T.);
#3838 = EDGE_CURVE('',#3839,#3841,#3843,.T.);
#3839 = VERTEX_POINT('',#3840);
#3840 = CARTESIAN_POINT('',(154.50175,-64.1665,1.51));
#3841 = VERTEX_POINT('',#3842);
#3842 = CARTESIAN_POINT('',(154.50175,-64.1665,1.55));
#3843 = LINE('',#3844,#3845);
#3844 = CARTESIAN_POINT('',(154.50175,-64.1665,1.51));
#3845 = VECTOR('',#3846,1.);
#3846 = DIRECTION('',(0.,0.,1.));
#3847 = ORIENTED_EDGE('',*,*,#3848,.T.);
#3848 = EDGE_CURVE('',#3841,#3849,#3851,.T.);
#3849 = VERTEX_POINT('',#3850);
#3850 = CARTESIAN_POINT('',(154.50175,-63.1585,1.55));
#3851 = CIRCLE('',#3852,0.504);
#3852 = AXIS2_PLACEMENT_3D('',#3853,#3854,#3855);
#3853 = CARTESIAN_POINT('',(154.50175023657,-63.6625,1.55));
#3854 = DIRECTION('',(0.,0.,-1.));
#3855 = DIRECTION('',(-4.694020692423E-07,-1.,-0.));
#3856 = ORIENTED_EDGE('',*,*,#3857,.F.);
#3857 = EDGE_CURVE('',#3858,#3849,#3860,.T.);
#3858 = VERTEX_POINT('',#3859);
#3859 = CARTESIAN_POINT('',(154.50175,-63.1585,1.51));
#3860 = LINE('',#3861,#3862);
#3861 = CARTESIAN_POINT('',(154.50175,-63.1585,1.51));
#3862 = VECTOR('',#3863,1.);
#3863 = DIRECTION('',(0.,0.,1.));
#3864 = ORIENTED_EDGE('',*,*,#3865,.F.);
#3865 = EDGE_CURVE('',#3839,#3858,#3866,.T.);
#3866 = CIRCLE('',#3867,0.504);
#3867 = AXIS2_PLACEMENT_3D('',#3868,#3869,#3870);
#3868 = CARTESIAN_POINT('',(154.50175023657,-63.6625,1.51));
#3869 = DIRECTION('',(0.,0.,-1.));
#3870 = DIRECTION('',(-4.694020692423E-07,-1.,-0.));
#3871 = CYLINDRICAL_SURFACE('',#3872,0.504);
#3872 = AXIS2_PLACEMENT_3D('',#3873,#3874,#3875);
#3873 = CARTESIAN_POINT('',(154.50175023657,-63.6625,1.51));
#3874 = DIRECTION('',(0.,0.,-1.));
#3875 = DIRECTION('',(-4.694020692423E-07,-1.,-0.));
#3876 = ADVANCED_FACE('',(#3877),#3902,.T.);
#3877 = FACE_BOUND('',#3878,.T.);
#3878 = EDGE_LOOP('',(#3879,#3889,#3895,#3896));
#3879 = ORIENTED_EDGE('',*,*,#3880,.T.);
#3880 = EDGE_CURVE('',#3881,#3883,#3885,.T.);
#3881 = VERTEX_POINT('',#3882);
#3882 = CARTESIAN_POINT('',(155.50975,-64.1665,1.51));
#3883 = VERTEX_POINT('',#3884);
#3884 = CARTESIAN_POINT('',(155.50975,-64.1665,1.55));
#3885 = LINE('',#3886,#3887);
#3886 = CARTESIAN_POINT('',(155.50975,-64.1665,1.51));
#3887 = VECTOR('',#3888,1.);
#3888 = DIRECTION('',(0.,0.,1.));
#3889 = ORIENTED_EDGE('',*,*,#3890,.T.);
#3890 = EDGE_CURVE('',#3883,#3841,#3891,.T.);
#3891 = LINE('',#3892,#3893);
#3892 = CARTESIAN_POINT('',(155.50975,-64.1665,1.55));
#3893 = VECTOR('',#3894,1.);
#3894 = DIRECTION('',(-1.,0.,0.));
#3895 = ORIENTED_EDGE('',*,*,#3838,.F.);
#3896 = ORIENTED_EDGE('',*,*,#3897,.F.);
#3897 = EDGE_CURVE('',#3881,#3839,#3898,.T.);
#3898 = LINE('',#3899,#3900);
#3899 = CARTESIAN_POINT('',(155.50975,-64.1665,1.51));
#3900 = VECTOR('',#3901,1.);
#3901 = DIRECTION('',(-1.,0.,0.));
#3902 = PLANE('',#3903);
#3903 = AXIS2_PLACEMENT_3D('',#3904,#3905,#3906);
#3904 = CARTESIAN_POINT('',(155.50975,-64.1665,1.51));
#3905 = DIRECTION('',(0.,-1.,0.));
#3906 = DIRECTION('',(-1.,0.,0.));
#3907 = ADVANCED_FACE('',(#3908),#3933,.T.);
#3908 = FACE_BOUND('',#3909,.T.);
#3909 = EDGE_LOOP('',(#3910,#3911,#3919,#3927));
#3910 = ORIENTED_EDGE('',*,*,#3857,.T.);
#3911 = ORIENTED_EDGE('',*,*,#3912,.T.);
#3912 = EDGE_CURVE('',#3849,#3913,#3915,.T.);
#3913 = VERTEX_POINT('',#3914);
#3914 = CARTESIAN_POINT('',(155.50975,-63.1585,1.55));
#3915 = LINE('',#3916,#3917);
#3916 = CARTESIAN_POINT('',(154.50175,-63.1585,1.55));
#3917 = VECTOR('',#3918,1.);
#3918 = DIRECTION('',(1.,0.,0.));
#3919 = ORIENTED_EDGE('',*,*,#3920,.F.);
#3920 = EDGE_CURVE('',#3921,#3913,#3923,.T.);
#3921 = VERTEX_POINT('',#3922);
#3922 = CARTESIAN_POINT('',(155.50975,-63.1585,1.51));
#3923 = LINE('',#3924,#3925);
#3924 = CARTESIAN_POINT('',(155.50975,-63.1585,1.51));
#3925 = VECTOR('',#3926,1.);
#3926 = DIRECTION('',(0.,0.,1.));
#3927 = ORIENTED_EDGE('',*,*,#3928,.F.);
#3928 = EDGE_CURVE('',#3858,#3921,#3929,.T.);
#3929 = LINE('',#3930,#3931);
#3930 = CARTESIAN_POINT('',(154.50175,-63.1585,1.51));
#3931 = VECTOR('',#3932,1.);
#3932 = DIRECTION('',(1.,0.,0.));
#3933 = PLANE('',#3934);
#3934 = AXIS2_PLACEMENT_3D('',#3935,#3936,#3937);
#3935 = CARTESIAN_POINT('',(154.50175,-63.1585,1.51));
#3936 = DIRECTION('',(0.,1.,0.));
#3937 = DIRECTION('',(1.,0.,0.));
#3938 = ADVANCED_FACE('',(#3939,#3951),#3987,.F.);
#3939 = FACE_BOUND('',#3940,.F.);
#3940 = EDGE_LOOP('',(#3941,#3942,#3943,#3950));
#3941 = ORIENTED_EDGE('',*,*,#3865,.F.);
#3942 = ORIENTED_EDGE('',*,*,#3897,.F.);
#3943 = ORIENTED_EDGE('',*,*,#3944,.F.);
#3944 = EDGE_CURVE('',#3921,#3881,#3945,.T.);
#3945 = CIRCLE('',#3946,0.504);
#3946 = AXIS2_PLACEMENT_3D('',#3947,#3948,#3949);
#3947 = CARTESIAN_POINT('',(155.50974976342,-63.6625,1.51));
#3948 = DIRECTION('',(0.,0.,-1.));
#3949 = DIRECTION('',(4.694020692423E-07,1.,0.));
#3950 = ORIENTED_EDGE('',*,*,#3928,.F.);
#3951 = FACE_BOUND('',#3952,.F.);
#3952 = EDGE_LOOP('',(#3953,#3964,#3972,#3981));
#3953 = ORIENTED_EDGE('',*,*,#3954,.T.);
#3954 = EDGE_CURVE('',#3955,#3957,#3959,.T.);
#3955 = VERTEX_POINT('',#3956);
#3956 = CARTESIAN_POINT('',(155.50575,-63.4375,1.51));
#3957 = VERTEX_POINT('',#3958);
#3958 = CARTESIAN_POINT('',(155.50575,-63.8875,1.51));
#3959 = CIRCLE('',#3960,0.225);
#3960 = AXIS2_PLACEMENT_3D('',#3961,#3962,#3963);
#3961 = CARTESIAN_POINT('',(155.50575,-63.6625,1.51));
#3962 = DIRECTION('',(-0.,0.,-1.));
#3963 = DIRECTION('',(1.263187085796E-13,-1.,-0.));
#3964 = ORIENTED_EDGE('',*,*,#3965,.T.);
#3965 = EDGE_CURVE('',#3957,#3966,#3968,.T.);
#3966 = VERTEX_POINT('',#3967);
#3967 = CARTESIAN_POINT('',(154.50575,-63.8875,1.51));
#3968 = LINE('',#3969,#3970);
#3969 = CARTESIAN_POINT('',(77.252875,-63.8875,1.51));
#3970 = VECTOR('',#3971,1.);
#3971 = DIRECTION('',(-1.,0.,0.));
#3972 = ORIENTED_EDGE('',*,*,#3973,.T.);
#3973 = EDGE_CURVE('',#3966,#3974,#3976,.T.);
#3974 = VERTEX_POINT('',#3975);
#3975 = CARTESIAN_POINT('',(154.50575,-63.4375,1.51));
#3976 = CIRCLE('',#3977,0.225);
#3977 = AXIS2_PLACEMENT_3D('',#3978,#3979,#3980);
#3978 = CARTESIAN_POINT('',(154.50575,-63.6625,1.51));
#3979 = DIRECTION('',(-0.,0.,-1.));
#3980 = DIRECTION('',(-1.263187085796E-13,1.,0.));
#3981 = ORIENTED_EDGE('',*,*,#3982,.T.);
#3982 = EDGE_CURVE('',#3974,#3955,#3983,.T.);
#3983 = LINE('',#3984,#3985);
#3984 = CARTESIAN_POINT('',(77.752875,-63.4375,1.51));
#3985 = VECTOR('',#3986,1.);
#3986 = DIRECTION('',(1.,0.,-0.));
#3987 = PLANE('',#3988);
#3988 = AXIS2_PLACEMENT_3D('',#3989,#3990,#3991);
#3989 = CARTESIAN_POINT('',(0.,0.,1.51));
#3990 = DIRECTION('',(0.,0.,1.));
#3991 = DIRECTION('',(1.,0.,-0.));
#3992 = ADVANCED_FACE('',(#3993,#4005),#4041,.T.);
#3993 = FACE_BOUND('',#3994,.T.);
#3994 = EDGE_LOOP('',(#3995,#3996,#3997,#4004));
#3995 = ORIENTED_EDGE('',*,*,#3848,.F.);
#3996 = ORIENTED_EDGE('',*,*,#3890,.F.);
#3997 = ORIENTED_EDGE('',*,*,#3998,.F.);
#3998 = EDGE_CURVE('',#3913,#3883,#3999,.T.);
#3999 = CIRCLE('',#4000,0.504);
#4000 = AXIS2_PLACEMENT_3D('',#4001,#4002,#4003);
#4001 = CARTESIAN_POINT('',(155.50974976342,-63.6625,1.55));
#4002 = DIRECTION('',(0.,0.,-1.));
#4003 = DIRECTION('',(4.694020692423E-07,1.,0.));
#4004 = ORIENTED_EDGE('',*,*,#3912,.F.);
#4005 = FACE_BOUND('',#4006,.T.);
#4006 = EDGE_LOOP('',(#4007,#4018,#4026,#4035));
#4007 = ORIENTED_EDGE('',*,*,#4008,.T.);
#4008 = EDGE_CURVE('',#4009,#4011,#4013,.T.);
#4009 = VERTEX_POINT('',#4010);
#4010 = CARTESIAN_POINT('',(155.50575,-63.4375,1.55));
#4011 = VERTEX_POINT('',#4012);
#4012 = CARTESIAN_POINT('',(155.50575,-63.8875,1.55));
#4013 = CIRCLE('',#4014,0.225);
#4014 = AXIS2_PLACEMENT_3D('',#4015,#4016,#4017);
#4015 = CARTESIAN_POINT('',(155.50575,-63.6625,1.55));
#4016 = DIRECTION('',(-0.,0.,-1.));
#4017 = DIRECTION('',(1.263187085796E-13,-1.,-0.));
#4018 = ORIENTED_EDGE('',*,*,#4019,.T.);
#4019 = EDGE_CURVE('',#4011,#4020,#4022,.T.);
#4020 = VERTEX_POINT('',#4021);
#4021 = CARTESIAN_POINT('',(154.50575,-63.8875,1.55));
#4022 = LINE('',#4023,#4024);
#4023 = CARTESIAN_POINT('',(77.252875,-63.8875,1.55));
#4024 = VECTOR('',#4025,1.);
#4025 = DIRECTION('',(-1.,0.,0.));
#4026 = ORIENTED_EDGE('',*,*,#4027,.T.);
#4027 = EDGE_CURVE('',#4020,#4028,#4030,.T.);
#4028 = VERTEX_POINT('',#4029);
#4029 = CARTESIAN_POINT('',(154.50575,-63.4375,1.55));
#4030 = CIRCLE('',#4031,0.225);
#4031 = AXIS2_PLACEMENT_3D('',#4032,#4033,#4034);
#4032 = CARTESIAN_POINT('',(154.50575,-63.6625,1.55));
#4033 = DIRECTION('',(-0.,0.,-1.));
#4034 = DIRECTION('',(-1.263187085796E-13,1.,0.));
#4035 = ORIENTED_EDGE('',*,*,#4036,.T.);
#4036 = EDGE_CURVE('',#4028,#4009,#4037,.T.);
#4037 = LINE('',#4038,#4039);
#4038 = CARTESIAN_POINT('',(77.752875,-63.4375,1.55));
#4039 = VECTOR('',#4040,1.);
#4040 = DIRECTION('',(1.,0.,-0.));
#4041 = PLANE('',#4042);
#4042 = AXIS2_PLACEMENT_3D('',#4043,#4044,#4045);
#4043 = CARTESIAN_POINT('',(0.,0.,1.55));
#4044 = DIRECTION('',(0.,0.,1.));
#4045 = DIRECTION('',(1.,0.,-0.));
#4046 = ADVANCED_FACE('',(#4047),#4053,.T.);
#4047 = FACE_BOUND('',#4048,.T.);
#4048 = EDGE_LOOP('',(#4049,#4050,#4051,#4052));
#4049 = ORIENTED_EDGE('',*,*,#3920,.T.);
#4050 = ORIENTED_EDGE('',*,*,#3998,.T.);
#4051 = ORIENTED_EDGE('',*,*,#3880,.F.);
#4052 = ORIENTED_EDGE('',*,*,#3944,.F.);
#4053 = CYLINDRICAL_SURFACE('',#4054,0.504);
#4054 = AXIS2_PLACEMENT_3D('',#4055,#4056,#4057);
#4055 = CARTESIAN_POINT('',(155.50974976342,-63.6625,1.51));
#4056 = DIRECTION('',(0.,0.,-1.));
#4057 = DIRECTION('',(4.694020692423E-07,1.,0.));
#4058 = ADVANCED_FACE('',(#4059),#4075,.F.);
#4059 = FACE_BOUND('',#4060,.T.);
#4060 = EDGE_LOOP('',(#4061,#4062,#4068,#4069));
#4061 = ORIENTED_EDGE('',*,*,#3954,.T.);
#4062 = ORIENTED_EDGE('',*,*,#4063,.T.);
#4063 = EDGE_CURVE('',#3957,#4011,#4064,.T.);
#4064 = LINE('',#4065,#4066);
#4065 = CARTESIAN_POINT('',(155.50575,-63.8875,-4.6E-02));
#4066 = VECTOR('',#4067,1.);
#4067 = DIRECTION('',(0.,0.,1.));
#4068 = ORIENTED_EDGE('',*,*,#4008,.F.);
#4069 = ORIENTED_EDGE('',*,*,#4070,.F.);
#4070 = EDGE_CURVE('',#3955,#4009,#4071,.T.);
#4071 = LINE('',#4072,#4073);
#4072 = CARTESIAN_POINT('',(155.50575,-63.4375,-4.6E-02));
#4073 = VECTOR('',#4074,1.);
#4074 = DIRECTION('',(0.,0.,1.));
#4075 = CYLINDRICAL_SURFACE('',#4076,0.225);
#4076 = AXIS2_PLACEMENT_3D('',#4077,#4078,#4079);
#4077 = CARTESIAN_POINT('',(155.50575,-63.6625,-4.6E-02));
#4078 = DIRECTION('',(-0.,0.,-1.));
#4079 = DIRECTION('',(1.263187085796E-13,-1.,-0.));
#4080 = ADVANCED_FACE('',(#4081),#4092,.T.);
#4081 = FACE_BOUND('',#4082,.T.);
#4082 = EDGE_LOOP('',(#4083,#4084,#4085,#4086));
#4083 = ORIENTED_EDGE('',*,*,#3982,.T.);
#4084 = ORIENTED_EDGE('',*,*,#4070,.T.);
#4085 = ORIENTED_EDGE('',*,*,#4036,.F.);
#4086 = ORIENTED_EDGE('',*,*,#4087,.F.);
#4087 = EDGE_CURVE('',#3974,#4028,#4088,.T.);
#4088 = LINE('',#4089,#4090);
#4089 = CARTESIAN_POINT('',(154.50575,-63.4375,-4.6E-02));
#4090 = VECTOR('',#4091,1.);
#4091 = DIRECTION('',(0.,0.,1.));
#4092 = PLANE('',#4093);
#4093 = AXIS2_PLACEMENT_3D('',#4094,#4095,#4096);
#4094 = CARTESIAN_POINT('',(155.50575,-63.4375,-4.6E-02));
#4095 = DIRECTION('',(0.,-1.,0.));
#4096 = DIRECTION('',(-1.,0.,0.));
#4097 = ADVANCED_FACE('',(#4098),#4109,.F.);
#4098 = FACE_BOUND('',#4099,.T.);
#4099 = EDGE_LOOP('',(#4100,#4101,#4102,#4103));
#4100 = ORIENTED_EDGE('',*,*,#3973,.T.);
#4101 = ORIENTED_EDGE('',*,*,#4087,.T.);
#4102 = ORIENTED_EDGE('',*,*,#4027,.F.);
#4103 = ORIENTED_EDGE('',*,*,#4104,.F.);
#4104 = EDGE_CURVE('',#3966,#4020,#4105,.T.);
#4105 = LINE('',#4106,#4107);
#4106 = CARTESIAN_POINT('',(154.50575,-63.8875,-4.6E-02));
#4107 = VECTOR('',#4108,1.);
#4108 = DIRECTION('',(0.,0.,1.));
#4109 = CYLINDRICAL_SURFACE('',#4110,0.225);
#4110 = AXIS2_PLACEMENT_3D('',#4111,#4112,#4113);
#4111 = CARTESIAN_POINT('',(154.50575,-63.6625,-4.6E-02));
#4112 = DIRECTION('',(-0.,-0.,-1.));
#4113 = DIRECTION('',(-1.263187085796E-13,1.,0.));
#4114 = ADVANCED_FACE('',(#4115),#4121,.T.);
#4115 = FACE_BOUND('',#4116,.T.);
#4116 = EDGE_LOOP('',(#4117,#4118,#4119,#4120));
#4117 = ORIENTED_EDGE('',*,*,#3965,.T.);
#4118 = ORIENTED_EDGE('',*,*,#4104,.T.);
#4119 = ORIENTED_EDGE('',*,*,#4019,.F.);
#4120 = ORIENTED_EDGE('',*,*,#4063,.F.);
#4121 = PLANE('',#4122);
#4122 = AXIS2_PLACEMENT_3D('',#4123,#4124,#4125);
#4123 = CARTESIAN_POINT('',(154.50575,-63.8875,-4.6E-02));
#4124 = DIRECTION('',(0.,1.,0.));
#4125 = DIRECTION('',(1.,0.,0.));
#4126 = MANIFOLD_SOLID_BREP('',#4127);
#4127 = CLOSED_SHELL('',(#4128,#4170,#4201,#4232,#4286,#4340,#4352,#4374
    ,#4391,#4408));
#4128 = ADVANCED_FACE('',(#4129),#4165,.T.);
#4129 = FACE_BOUND('',#4130,.F.);
#4130 = EDGE_LOOP('',(#4131,#4141,#4150,#4158));
#4131 = ORIENTED_EDGE('',*,*,#4132,.T.);
#4132 = EDGE_CURVE('',#4133,#4135,#4137,.T.);
#4133 = VERTEX_POINT('',#4134);
#4134 = CARTESIAN_POINT('',(154.50175,-64.1665,0.));
#4135 = VERTEX_POINT('',#4136);
#4136 = CARTESIAN_POINT('',(154.50175,-64.1665,-4.E-02));
#4137 = LINE('',#4138,#4139);
#4138 = CARTESIAN_POINT('',(154.50175,-64.1665,0.));
#4139 = VECTOR('',#4140,1.);
#4140 = DIRECTION('',(0.,0.,-1.));
#4141 = ORIENTED_EDGE('',*,*,#4142,.T.);
#4142 = EDGE_CURVE('',#4135,#4143,#4145,.T.);
#4143 = VERTEX_POINT('',#4144);
#4144 = CARTESIAN_POINT('',(154.50175,-63.1585,-4.E-02));
#4145 = CIRCLE('',#4146,0.504);
#4146 = AXIS2_PLACEMENT_3D('',#4147,#4148,#4149);
#4147 = CARTESIAN_POINT('',(154.50175023657,-63.6625,-4.E-02));
#4148 = DIRECTION('',(0.,0.,-1.));
#4149 = DIRECTION('',(-4.694020692423E-07,-1.,-0.));
#4150 = ORIENTED_EDGE('',*,*,#4151,.F.);
#4151 = EDGE_CURVE('',#4152,#4143,#4154,.T.);
#4152 = VERTEX_POINT('',#4153);
#4153 = CARTESIAN_POINT('',(154.50175,-63.1585,0.));
#4154 = LINE('',#4155,#4156);
#4155 = CARTESIAN_POINT('',(154.50175,-63.1585,0.));
#4156 = VECTOR('',#4157,1.);
#4157 = DIRECTION('',(0.,0.,-1.));
#4158 = ORIENTED_EDGE('',*,*,#4159,.F.);
#4159 = EDGE_CURVE('',#4133,#4152,#4160,.T.);
#4160 = CIRCLE('',#4161,0.504);
#4161 = AXIS2_PLACEMENT_3D('',#4162,#4163,#4164);
#4162 = CARTESIAN_POINT('',(154.50175023657,-63.6625,0.));
#4163 = DIRECTION('',(0.,0.,-1.));
#4164 = DIRECTION('',(-4.694020692423E-07,-1.,-0.));
#4165 = CYLINDRICAL_SURFACE('',#4166,0.504);
#4166 = AXIS2_PLACEMENT_3D('',#4167,#4168,#4169);
#4167 = CARTESIAN_POINT('',(154.50175023657,-63.6625,0.));
#4168 = DIRECTION('',(-0.,-0.,1.));
#4169 = DIRECTION('',(-4.694020692423E-07,-1.,-0.));
#4170 = ADVANCED_FACE('',(#4171),#4196,.F.);
#4171 = FACE_BOUND('',#4172,.F.);
#4172 = EDGE_LOOP('',(#4173,#4183,#4189,#4190));
#4173 = ORIENTED_EDGE('',*,*,#4174,.T.);
#4174 = EDGE_CURVE('',#4175,#4177,#4179,.T.);
#4175 = VERTEX_POINT('',#4176);
#4176 = CARTESIAN_POINT('',(155.50975,-64.1665,0.));
#4177 = VERTEX_POINT('',#4178);
#4178 = CARTESIAN_POINT('',(155.50975,-64.1665,-4.E-02));
#4179 = LINE('',#4180,#4181);
#4180 = CARTESIAN_POINT('',(155.50975,-64.1665,0.));
#4181 = VECTOR('',#4182,1.);
#4182 = DIRECTION('',(0.,0.,-1.));
#4183 = ORIENTED_EDGE('',*,*,#4184,.T.);
#4184 = EDGE_CURVE('',#4177,#4135,#4185,.T.);
#4185 = LINE('',#4186,#4187);
#4186 = CARTESIAN_POINT('',(155.50975,-64.1665,-4.E-02));
#4187 = VECTOR('',#4188,1.);
#4188 = DIRECTION('',(-1.,0.,0.));
#4189 = ORIENTED_EDGE('',*,*,#4132,.F.);
#4190 = ORIENTED_EDGE('',*,*,#4191,.F.);
#4191 = EDGE_CURVE('',#4175,#4133,#4192,.T.);
#4192 = LINE('',#4193,#4194);
#4193 = CARTESIAN_POINT('',(155.50975,-64.1665,0.));
#4194 = VECTOR('',#4195,1.);
#4195 = DIRECTION('',(-1.,0.,0.));
#4196 = PLANE('',#4197);
#4197 = AXIS2_PLACEMENT_3D('',#4198,#4199,#4200);
#4198 = CARTESIAN_POINT('',(155.50975,-64.1665,0.));
#4199 = DIRECTION('',(0.,1.,0.));
#4200 = DIRECTION('',(-1.,0.,0.));
#4201 = ADVANCED_FACE('',(#4202),#4227,.F.);
#4202 = FACE_BOUND('',#4203,.F.);
#4203 = EDGE_LOOP('',(#4204,#4205,#4213,#4221));
#4204 = ORIENTED_EDGE('',*,*,#4151,.T.);
#4205 = ORIENTED_EDGE('',*,*,#4206,.T.);
#4206 = EDGE_CURVE('',#4143,#4207,#4209,.T.);
#4207 = VERTEX_POINT('',#4208);
#4208 = CARTESIAN_POINT('',(155.50975,-63.1585,-4.E-02));
#4209 = LINE('',#4210,#4211);
#4210 = CARTESIAN_POINT('',(154.50175,-63.1585,-4.E-02));
#4211 = VECTOR('',#4212,1.);
#4212 = DIRECTION('',(1.,0.,0.));
#4213 = ORIENTED_EDGE('',*,*,#4214,.F.);
#4214 = EDGE_CURVE('',#4215,#4207,#4217,.T.);
#4215 = VERTEX_POINT('',#4216);
#4216 = CARTESIAN_POINT('',(155.50975,-63.1585,0.));
#4217 = LINE('',#4218,#4219);
#4218 = CARTESIAN_POINT('',(155.50975,-63.1585,0.));
#4219 = VECTOR('',#4220,1.);
#4220 = DIRECTION('',(0.,0.,-1.));
#4221 = ORIENTED_EDGE('',*,*,#4222,.F.);
#4222 = EDGE_CURVE('',#4152,#4215,#4223,.T.);
#4223 = LINE('',#4224,#4225);
#4224 = CARTESIAN_POINT('',(154.50175,-63.1585,0.));
#4225 = VECTOR('',#4226,1.);
#4226 = DIRECTION('',(1.,0.,0.));
#4227 = PLANE('',#4228);
#4228 = AXIS2_PLACEMENT_3D('',#4229,#4230,#4231);
#4229 = CARTESIAN_POINT('',(154.50175,-63.1585,0.));
#4230 = DIRECTION('',(0.,-1.,0.));
#4231 = DIRECTION('',(1.,0.,0.));
#4232 = ADVANCED_FACE('',(#4233,#4245),#4281,.F.);
#4233 = FACE_BOUND('',#4234,.F.);
#4234 = EDGE_LOOP('',(#4235,#4236,#4237,#4244));
#4235 = ORIENTED_EDGE('',*,*,#4159,.T.);
#4236 = ORIENTED_EDGE('',*,*,#4222,.T.);
#4237 = ORIENTED_EDGE('',*,*,#4238,.T.);
#4238 = EDGE_CURVE('',#4215,#4175,#4239,.T.);
#4239 = CIRCLE('',#4240,0.504);
#4240 = AXIS2_PLACEMENT_3D('',#4241,#4242,#4243);
#4241 = CARTESIAN_POINT('',(155.50974976342,-63.6625,0.));
#4242 = DIRECTION('',(0.,0.,-1.));
#4243 = DIRECTION('',(4.694020692423E-07,1.,0.));
#4244 = ORIENTED_EDGE('',*,*,#4191,.T.);
#4245 = FACE_BOUND('',#4246,.F.);
#4246 = EDGE_LOOP('',(#4247,#4258,#4266,#4275));
#4247 = ORIENTED_EDGE('',*,*,#4248,.F.);
#4248 = EDGE_CURVE('',#4249,#4251,#4253,.T.);
#4249 = VERTEX_POINT('',#4250);
#4250 = CARTESIAN_POINT('',(154.50575,-63.8875,0.));
#4251 = VERTEX_POINT('',#4252);
#4252 = CARTESIAN_POINT('',(154.50575,-63.4375,0.));
#4253 = CIRCLE('',#4254,0.225);
#4254 = AXIS2_PLACEMENT_3D('',#4255,#4256,#4257);
#4255 = CARTESIAN_POINT('',(154.50575,-63.6625,0.));
#4256 = DIRECTION('',(-0.,0.,-1.));
#4257 = DIRECTION('',(-1.263187085796E-13,1.,0.));
#4258 = ORIENTED_EDGE('',*,*,#4259,.T.);
#4259 = EDGE_CURVE('',#4249,#4260,#4262,.T.);
#4260 = VERTEX_POINT('',#4261);
#4261 = CARTESIAN_POINT('',(155.50575,-63.8875,0.));
#4262 = LINE('',#4263,#4264);
#4263 = CARTESIAN_POINT('',(77.252875,-63.8875,0.));
#4264 = VECTOR('',#4265,1.);
#4265 = DIRECTION('',(1.,0.,0.));
#4266 = ORIENTED_EDGE('',*,*,#4267,.F.);
#4267 = EDGE_CURVE('',#4268,#4260,#4270,.T.);
#4268 = VERTEX_POINT('',#4269);
#4269 = CARTESIAN_POINT('',(155.50575,-63.4375,0.));
#4270 = CIRCLE('',#4271,0.225);
#4271 = AXIS2_PLACEMENT_3D('',#4272,#4273,#4274);
#4272 = CARTESIAN_POINT('',(155.50575,-63.6625,0.));
#4273 = DIRECTION('',(-0.,0.,-1.));
#4274 = DIRECTION('',(1.263187085796E-13,-1.,-0.));
#4275 = ORIENTED_EDGE('',*,*,#4276,.T.);
#4276 = EDGE_CURVE('',#4268,#4251,#4277,.T.);
#4277 = LINE('',#4278,#4279);
#4278 = CARTESIAN_POINT('',(77.752875,-63.4375,0.));
#4279 = VECTOR('',#4280,1.);
#4280 = DIRECTION('',(-1.,0.,0.));
#4281 = PLANE('',#4282);
#4282 = AXIS2_PLACEMENT_3D('',#4283,#4284,#4285);
#4283 = CARTESIAN_POINT('',(0.,0.,0.));
#4284 = DIRECTION('',(-0.,-0.,-1.));
#4285 = DIRECTION('',(-1.,0.,0.));
#4286 = ADVANCED_FACE('',(#4287,#4299),#4335,.T.);
#4287 = FACE_BOUND('',#4288,.T.);
#4288 = EDGE_LOOP('',(#4289,#4290,#4291,#4298));
#4289 = ORIENTED_EDGE('',*,*,#4142,.T.);
#4290 = ORIENTED_EDGE('',*,*,#4206,.T.);
#4291 = ORIENTED_EDGE('',*,*,#4292,.T.);
#4292 = EDGE_CURVE('',#4207,#4177,#4293,.T.);
#4293 = CIRCLE('',#4294,0.504);
#4294 = AXIS2_PLACEMENT_3D('',#4295,#4296,#4297);
#4295 = CARTESIAN_POINT('',(155.50974976342,-63.6625,-4.E-02));
#4296 = DIRECTION('',(0.,0.,-1.));
#4297 = DIRECTION('',(4.694020692423E-07,1.,0.));
#4298 = ORIENTED_EDGE('',*,*,#4184,.T.);
#4299 = FACE_BOUND('',#4300,.T.);
#4300 = EDGE_LOOP('',(#4301,#4312,#4320,#4329));
#4301 = ORIENTED_EDGE('',*,*,#4302,.F.);
#4302 = EDGE_CURVE('',#4303,#4305,#4307,.T.);
#4303 = VERTEX_POINT('',#4304);
#4304 = CARTESIAN_POINT('',(154.50575,-63.8875,-4.E-02));
#4305 = VERTEX_POINT('',#4306);
#4306 = CARTESIAN_POINT('',(154.50575,-63.4375,-4.E-02));
#4307 = CIRCLE('',#4308,0.225);
#4308 = AXIS2_PLACEMENT_3D('',#4309,#4310,#4311);
#4309 = CARTESIAN_POINT('',(154.50575,-63.6625,-4.E-02));
#4310 = DIRECTION('',(-0.,0.,-1.));
#4311 = DIRECTION('',(-1.263187085796E-13,1.,0.));
#4312 = ORIENTED_EDGE('',*,*,#4313,.T.);
#4313 = EDGE_CURVE('',#4303,#4314,#4316,.T.);
#4314 = VERTEX_POINT('',#4315);
#4315 = CARTESIAN_POINT('',(155.50575,-63.8875,-4.E-02));
#4316 = LINE('',#4317,#4318);
#4317 = CARTESIAN_POINT('',(77.252875,-63.8875,-4.E-02));
#4318 = VECTOR('',#4319,1.);
#4319 = DIRECTION('',(1.,0.,0.));
#4320 = ORIENTED_EDGE('',*,*,#4321,.F.);
#4321 = EDGE_CURVE('',#4322,#4314,#4324,.T.);
#4322 = VERTEX_POINT('',#4323);
#4323 = CARTESIAN_POINT('',(155.50575,-63.4375,-4.E-02));
#4324 = CIRCLE('',#4325,0.225);
#4325 = AXIS2_PLACEMENT_3D('',#4326,#4327,#4328);
#4326 = CARTESIAN_POINT('',(155.50575,-63.6625,-4.E-02));
#4327 = DIRECTION('',(-0.,0.,-1.));
#4328 = DIRECTION('',(1.263187085796E-13,-1.,-0.));
#4329 = ORIENTED_EDGE('',*,*,#4330,.T.);
#4330 = EDGE_CURVE('',#4322,#4305,#4331,.T.);
#4331 = LINE('',#4332,#4333);
#4332 = CARTESIAN_POINT('',(77.752875,-63.4375,-4.E-02));
#4333 = VECTOR('',#4334,1.);
#4334 = DIRECTION('',(-1.,0.,0.));
#4335 = PLANE('',#4336);
#4336 = AXIS2_PLACEMENT_3D('',#4337,#4338,#4339);
#4337 = CARTESIAN_POINT('',(0.,0.,-4.E-02));
#4338 = DIRECTION('',(-0.,-0.,-1.));
#4339 = DIRECTION('',(-1.,0.,0.));
#4340 = ADVANCED_FACE('',(#4341),#4347,.T.);
#4341 = FACE_BOUND('',#4342,.F.);
#4342 = EDGE_LOOP('',(#4343,#4344,#4345,#4346));
#4343 = ORIENTED_EDGE('',*,*,#4214,.T.);
#4344 = ORIENTED_EDGE('',*,*,#4292,.T.);
#4345 = ORIENTED_EDGE('',*,*,#4174,.F.);
#4346 = ORIENTED_EDGE('',*,*,#4238,.F.);
#4347 = CYLINDRICAL_SURFACE('',#4348,0.504);
#4348 = AXIS2_PLACEMENT_3D('',#4349,#4350,#4351);
#4349 = CARTESIAN_POINT('',(155.50974976342,-63.6625,0.));
#4350 = DIRECTION('',(-0.,-0.,1.));
#4351 = DIRECTION('',(4.694020692423E-07,1.,0.));
#4352 = ADVANCED_FACE('',(#4353),#4369,.F.);
#4353 = FACE_BOUND('',#4354,.T.);
#4354 = EDGE_LOOP('',(#4355,#4356,#4362,#4363));
#4355 = ORIENTED_EDGE('',*,*,#4302,.T.);
#4356 = ORIENTED_EDGE('',*,*,#4357,.T.);
#4357 = EDGE_CURVE('',#4305,#4251,#4358,.T.);
#4358 = LINE('',#4359,#4360);
#4359 = CARTESIAN_POINT('',(154.50575,-63.4375,-4.6E-02));
#4360 = VECTOR('',#4361,1.);
#4361 = DIRECTION('',(0.,0.,1.));
#4362 = ORIENTED_EDGE('',*,*,#4248,.F.);
#4363 = ORIENTED_EDGE('',*,*,#4364,.F.);
#4364 = EDGE_CURVE('',#4303,#4249,#4365,.T.);
#4365 = LINE('',#4366,#4367);
#4366 = CARTESIAN_POINT('',(154.50575,-63.8875,-4.6E-02));
#4367 = VECTOR('',#4368,1.);
#4368 = DIRECTION('',(0.,0.,1.));
#4369 = CYLINDRICAL_SURFACE('',#4370,0.225);
#4370 = AXIS2_PLACEMENT_3D('',#4371,#4372,#4373);
#4371 = CARTESIAN_POINT('',(154.50575,-63.6625,-4.6E-02));
#4372 = DIRECTION('',(-0.,-0.,-1.));
#4373 = DIRECTION('',(-1.263187085796E-13,1.,0.));
#4374 = ADVANCED_FACE('',(#4375),#4386,.T.);
#4375 = FACE_BOUND('',#4376,.T.);
#4376 = EDGE_LOOP('',(#4377,#4378,#4384,#4385));
#4377 = ORIENTED_EDGE('',*,*,#4330,.F.);
#4378 = ORIENTED_EDGE('',*,*,#4379,.T.);
#4379 = EDGE_CURVE('',#4322,#4268,#4380,.T.);
#4380 = LINE('',#4381,#4382);
#4381 = CARTESIAN_POINT('',(155.50575,-63.4375,-4.6E-02));
#4382 = VECTOR('',#4383,1.);
#4383 = DIRECTION('',(0.,0.,1.));
#4384 = ORIENTED_EDGE('',*,*,#4276,.T.);
#4385 = ORIENTED_EDGE('',*,*,#4357,.F.);
#4386 = PLANE('',#4387);
#4387 = AXIS2_PLACEMENT_3D('',#4388,#4389,#4390);
#4388 = CARTESIAN_POINT('',(155.50575,-63.4375,-4.6E-02));
#4389 = DIRECTION('',(0.,-1.,0.));
#4390 = DIRECTION('',(-1.,0.,0.));
#4391 = ADVANCED_FACE('',(#4392),#4403,.F.);
#4392 = FACE_BOUND('',#4393,.T.);
#4393 = EDGE_LOOP('',(#4394,#4395,#4401,#4402));
#4394 = ORIENTED_EDGE('',*,*,#4321,.T.);
#4395 = ORIENTED_EDGE('',*,*,#4396,.T.);
#4396 = EDGE_CURVE('',#4314,#4260,#4397,.T.);
#4397 = LINE('',#4398,#4399);
#4398 = CARTESIAN_POINT('',(155.50575,-63.8875,-4.6E-02));
#4399 = VECTOR('',#4400,1.);
#4400 = DIRECTION('',(0.,0.,1.));
#4401 = ORIENTED_EDGE('',*,*,#4267,.F.);
#4402 = ORIENTED_EDGE('',*,*,#4379,.F.);
#4403 = CYLINDRICAL_SURFACE('',#4404,0.225);
#4404 = AXIS2_PLACEMENT_3D('',#4405,#4406,#4407);
#4405 = CARTESIAN_POINT('',(155.50575,-63.6625,-4.6E-02));
#4406 = DIRECTION('',(-0.,0.,-1.));
#4407 = DIRECTION('',(1.263187085796E-13,-1.,-0.));
#4408 = ADVANCED_FACE('',(#4409),#4415,.T.);
#4409 = FACE_BOUND('',#4410,.T.);
#4410 = EDGE_LOOP('',(#4411,#4412,#4413,#4414));
#4411 = ORIENTED_EDGE('',*,*,#4313,.F.);
#4412 = ORIENTED_EDGE('',*,*,#4364,.T.);
#4413 = ORIENTED_EDGE('',*,*,#4259,.T.);
#4414 = ORIENTED_EDGE('',*,*,#4396,.F.);
#4415 = PLANE('',#4416);
#4416 = AXIS2_PLACEMENT_3D('',#4417,#4418,#4419);
#4417 = CARTESIAN_POINT('',(154.50575,-63.8875,-4.6E-02));
#4418 = DIRECTION('',(0.,1.,0.));
#4419 = DIRECTION('',(1.,0.,0.));
#4420 = MANIFOLD_SOLID_BREP('',#4421);
#4421 = CLOSED_SHELL('',(#4422,#4462,#4495,#4528,#4581,#4634,#4646,#4668
    ,#4685,#4702));
#4422 = ADVANCED_FACE('',(#4423),#4457,.F.);
#4423 = FACE_BOUND('',#4424,.F.);
#4424 = EDGE_LOOP('',(#4425,#4435,#4443,#4451));
#4425 = ORIENTED_EDGE('',*,*,#4426,.T.);
#4426 = EDGE_CURVE('',#4427,#4429,#4431,.T.);
#4427 = VERTEX_POINT('',#4428);
#4428 = CARTESIAN_POINT('',(154.50575,-63.9125,-4.E-02));
#4429 = VERTEX_POINT('',#4430);
#4430 = CARTESIAN_POINT('',(154.50575,-63.9125,1.55));
#4431 = LINE('',#4432,#4433);
#4432 = CARTESIAN_POINT('',(154.50575,-63.9125,-4.E-02));
#4433 = VECTOR('',#4434,1.);
#4434 = DIRECTION('',(0.,0.,1.));
#4435 = ORIENTED_EDGE('',*,*,#4436,.T.);
#4436 = EDGE_CURVE('',#4429,#4437,#4439,.T.);
#4437 = VERTEX_POINT('',#4438);
#4438 = CARTESIAN_POINT('',(155.50575,-63.9125,1.55));
#4439 = LINE('',#4440,#4441);
#4440 = CARTESIAN_POINT('',(154.50575,-63.9125,1.55));
#4441 = VECTOR('',#4442,1.);
#4442 = DIRECTION('',(1.,0.,0.));
#4443 = ORIENTED_EDGE('',*,*,#4444,.F.);
#4444 = EDGE_CURVE('',#4445,#4437,#4447,.T.);
#4445 = VERTEX_POINT('',#4446);
#4446 = CARTESIAN_POINT('',(155.50575,-63.9125,-4.E-02));
#4447 = LINE('',#4448,#4449);
#4448 = CARTESIAN_POINT('',(155.50575,-63.9125,-4.E-02));
#4449 = VECTOR('',#4450,1.);
#4450 = DIRECTION('',(0.,0.,1.));
#4451 = ORIENTED_EDGE('',*,*,#4452,.F.);
#4452 = EDGE_CURVE('',#4427,#4445,#4453,.T.);
#4453 = LINE('',#4454,#4455);
#4454 = CARTESIAN_POINT('',(154.50575,-63.9125,-4.E-02));
#4455 = VECTOR('',#4456,1.);
#4456 = DIRECTION('',(1.,0.,0.));
#4457 = PLANE('',#4458);
#4458 = AXIS2_PLACEMENT_3D('',#4459,#4460,#4461);
#4459 = CARTESIAN_POINT('',(154.50575,-63.9125,-4.E-02));
#4460 = DIRECTION('',(0.,1.,0.));
#4461 = DIRECTION('',(1.,0.,0.));
#4462 = ADVANCED_FACE('',(#4463),#4490,.T.);
#4463 = FACE_BOUND('',#4464,.F.);
#4464 = EDGE_LOOP('',(#4465,#4475,#4482,#4483));
#4465 = ORIENTED_EDGE('',*,*,#4466,.T.);
#4466 = EDGE_CURVE('',#4467,#4469,#4471,.T.);
#4467 = VERTEX_POINT('',#4468);
#4468 = CARTESIAN_POINT('',(154.50575,-63.4125,-4.E-02));
#4469 = VERTEX_POINT('',#4470);
#4470 = CARTESIAN_POINT('',(154.50575,-63.4125,1.55));
#4471 = LINE('',#4472,#4473);
#4472 = CARTESIAN_POINT('',(154.50575,-63.4125,-4.E-02));
#4473 = VECTOR('',#4474,1.);
#4474 = DIRECTION('',(0.,0.,1.));
#4475 = ORIENTED_EDGE('',*,*,#4476,.T.);
#4476 = EDGE_CURVE('',#4469,#4429,#4477,.T.);
#4477 = CIRCLE('',#4478,0.25);
#4478 = AXIS2_PLACEMENT_3D('',#4479,#4480,#4481);
#4479 = CARTESIAN_POINT('',(154.50575,-63.6625,1.55));
#4480 = DIRECTION('',(0.,-0.,1.));
#4481 = DIRECTION('',(0.,1.,0.));
#4482 = ORIENTED_EDGE('',*,*,#4426,.F.);
#4483 = ORIENTED_EDGE('',*,*,#4484,.F.);
#4484 = EDGE_CURVE('',#4467,#4427,#4485,.T.);
#4485 = CIRCLE('',#4486,0.25);
#4486 = AXIS2_PLACEMENT_3D('',#4487,#4488,#4489);
#4487 = CARTESIAN_POINT('',(154.50575,-63.6625,-4.E-02));
#4488 = DIRECTION('',(0.,-0.,1.));
#4489 = DIRECTION('',(0.,1.,0.));
#4490 = CYLINDRICAL_SURFACE('',#4491,0.25);
#4491 = AXIS2_PLACEMENT_3D('',#4492,#4493,#4494);
#4492 = CARTESIAN_POINT('',(154.50575,-63.6625,-4.E-02));
#4493 = DIRECTION('',(-0.,0.,-1.));
#4494 = DIRECTION('',(0.,1.,0.));
#4495 = ADVANCED_FACE('',(#4496),#4523,.T.);
#4496 = FACE_BOUND('',#4497,.F.);
#4497 = EDGE_LOOP('',(#4498,#4499,#4508,#4516));
#4498 = ORIENTED_EDGE('',*,*,#4444,.T.);
#4499 = ORIENTED_EDGE('',*,*,#4500,.T.);
#4500 = EDGE_CURVE('',#4437,#4501,#4503,.T.);
#4501 = VERTEX_POINT('',#4502);
#4502 = CARTESIAN_POINT('',(155.50575,-63.4125,1.55));
#4503 = CIRCLE('',#4504,0.25);
#4504 = AXIS2_PLACEMENT_3D('',#4505,#4506,#4507);
#4505 = CARTESIAN_POINT('',(155.50575,-63.6625,1.55));
#4506 = DIRECTION('',(0.,0.,1.));
#4507 = DIRECTION('',(-0.,-1.,0.));
#4508 = ORIENTED_EDGE('',*,*,#4509,.F.);
#4509 = EDGE_CURVE('',#4510,#4501,#4512,.T.);
#4510 = VERTEX_POINT('',#4511);
#4511 = CARTESIAN_POINT('',(155.50575,-63.4125,-4.E-02));
#4512 = LINE('',#4513,#4514);
#4513 = CARTESIAN_POINT('',(155.50575,-63.4125,-4.E-02));
#4514 = VECTOR('',#4515,1.);
#4515 = DIRECTION('',(0.,0.,1.));
#4516 = ORIENTED_EDGE('',*,*,#4517,.F.);
#4517 = EDGE_CURVE('',#4445,#4510,#4518,.T.);
#4518 = CIRCLE('',#4519,0.25);
#4519 = AXIS2_PLACEMENT_3D('',#4520,#4521,#4522);
#4520 = CARTESIAN_POINT('',(155.50575,-63.6625,-4.E-02));
#4521 = DIRECTION('',(0.,0.,1.));
#4522 = DIRECTION('',(-0.,-1.,0.));
#4523 = CYLINDRICAL_SURFACE('',#4524,0.25);
#4524 = AXIS2_PLACEMENT_3D('',#4525,#4526,#4527);
#4525 = CARTESIAN_POINT('',(155.50575,-63.6625,-4.E-02));
#4526 = DIRECTION('',(-0.,-0.,-1.));
#4527 = DIRECTION('',(-0.,-1.,0.));
#4528 = ADVANCED_FACE('',(#4529,#4540),#4576,.F.);
#4529 = FACE_BOUND('',#4530,.F.);
#4530 = EDGE_LOOP('',(#4531,#4532,#4533,#4539));
#4531 = ORIENTED_EDGE('',*,*,#4452,.T.);
#4532 = ORIENTED_EDGE('',*,*,#4517,.T.);
#4533 = ORIENTED_EDGE('',*,*,#4534,.T.);
#4534 = EDGE_CURVE('',#4510,#4467,#4535,.T.);
#4535 = LINE('',#4536,#4537);
#4536 = CARTESIAN_POINT('',(155.50575,-63.4125,-4.E-02));
#4537 = VECTOR('',#4538,1.);
#4538 = DIRECTION('',(-1.,0.,0.));
#4539 = ORIENTED_EDGE('',*,*,#4484,.T.);
#4540 = FACE_BOUND('',#4541,.F.);
#4541 = EDGE_LOOP('',(#4542,#4553,#4561,#4570));
#4542 = ORIENTED_EDGE('',*,*,#4543,.T.);
#4543 = EDGE_CURVE('',#4544,#4546,#4548,.T.);
#4544 = VERTEX_POINT('',#4545);
#4545 = CARTESIAN_POINT('',(155.50575,-63.4375,-4.E-02));
#4546 = VERTEX_POINT('',#4547);
#4547 = CARTESIAN_POINT('',(155.50575,-63.8875,-4.E-02));
#4548 = CIRCLE('',#4549,0.225);
#4549 = AXIS2_PLACEMENT_3D('',#4550,#4551,#4552);
#4550 = CARTESIAN_POINT('',(155.50575,-63.6625,-4.E-02));
#4551 = DIRECTION('',(-0.,0.,-1.));
#4552 = DIRECTION('',(1.263187085796E-13,-1.,-0.));
#4553 = ORIENTED_EDGE('',*,*,#4554,.T.);
#4554 = EDGE_CURVE('',#4546,#4555,#4557,.T.);
#4555 = VERTEX_POINT('',#4556);
#4556 = CARTESIAN_POINT('',(154.50575,-63.8875,-4.E-02));
#4557 = LINE('',#4558,#4559);
#4558 = CARTESIAN_POINT('',(154.50575,-63.8875,-4.E-02));
#4559 = VECTOR('',#4560,1.);
#4560 = DIRECTION('',(-1.,0.,0.));
#4561 = ORIENTED_EDGE('',*,*,#4562,.T.);
#4562 = EDGE_CURVE('',#4555,#4563,#4565,.T.);
#4563 = VERTEX_POINT('',#4564);
#4564 = CARTESIAN_POINT('',(154.50575,-63.4375,-4.E-02));
#4565 = CIRCLE('',#4566,0.225);
#4566 = AXIS2_PLACEMENT_3D('',#4567,#4568,#4569);
#4567 = CARTESIAN_POINT('',(154.50575,-63.6625,-4.E-02));
#4568 = DIRECTION('',(-0.,0.,-1.));
#4569 = DIRECTION('',(-1.263187085796E-13,1.,0.));
#4570 = ORIENTED_EDGE('',*,*,#4571,.T.);
#4571 = EDGE_CURVE('',#4563,#4544,#4572,.T.);
#4572 = LINE('',#4573,#4574);
#4573 = CARTESIAN_POINT('',(155.00575,-63.4375,-4.E-02));
#4574 = VECTOR('',#4575,1.);
#4575 = DIRECTION('',(1.,0.,-0.));
#4576 = PLANE('',#4577);
#4577 = AXIS2_PLACEMENT_3D('',#4578,#4579,#4580);
#4578 = CARTESIAN_POINT('',(154.50575,-63.9125,-4.E-02));
#4579 = DIRECTION('',(0.,0.,1.));
#4580 = DIRECTION('',(1.,0.,-0.));
#4581 = ADVANCED_FACE('',(#4582,#4593),#4629,.T.);
#4582 = FACE_BOUND('',#4583,.T.);
#4583 = EDGE_LOOP('',(#4584,#4585,#4586,#4592));
#4584 = ORIENTED_EDGE('',*,*,#4436,.T.);
#4585 = ORIENTED_EDGE('',*,*,#4500,.T.);
#4586 = ORIENTED_EDGE('',*,*,#4587,.T.);
#4587 = EDGE_CURVE('',#4501,#4469,#4588,.T.);
#4588 = LINE('',#4589,#4590);
#4589 = CARTESIAN_POINT('',(155.50575,-63.4125,1.55));
#4590 = VECTOR('',#4591,1.);
#4591 = DIRECTION('',(-1.,0.,0.));
#4592 = ORIENTED_EDGE('',*,*,#4476,.T.);
#4593 = FACE_BOUND('',#4594,.T.);
#4594 = EDGE_LOOP('',(#4595,#4606,#4614,#4623));
#4595 = ORIENTED_EDGE('',*,*,#4596,.T.);
#4596 = EDGE_CURVE('',#4597,#4599,#4601,.T.);
#4597 = VERTEX_POINT('',#4598);
#4598 = CARTESIAN_POINT('',(155.50575,-63.4375,1.55));
#4599 = VERTEX_POINT('',#4600);
#4600 = CARTESIAN_POINT('',(155.50575,-63.8875,1.55));
#4601 = CIRCLE('',#4602,0.225);
#4602 = AXIS2_PLACEMENT_3D('',#4603,#4604,#4605);
#4603 = CARTESIAN_POINT('',(155.50575,-63.6625,1.55));
#4604 = DIRECTION('',(-0.,0.,-1.));
#4605 = DIRECTION('',(1.263187085796E-13,-1.,-0.));
#4606 = ORIENTED_EDGE('',*,*,#4607,.T.);
#4607 = EDGE_CURVE('',#4599,#4608,#4610,.T.);
#4608 = VERTEX_POINT('',#4609);
#4609 = CARTESIAN_POINT('',(154.50575,-63.8875,1.55));
#4610 = LINE('',#4611,#4612);
#4611 = CARTESIAN_POINT('',(154.50575,-63.8875,1.55));
#4612 = VECTOR('',#4613,1.);
#4613 = DIRECTION('',(-1.,0.,0.));
#4614 = ORIENTED_EDGE('',*,*,#4615,.T.);
#4615 = EDGE_CURVE('',#4608,#4616,#4618,.T.);
#4616 = VERTEX_POINT('',#4617);
#4617 = CARTESIAN_POINT('',(154.50575,-63.4375,1.55));
#4618 = CIRCLE('',#4619,0.225);
#4619 = AXIS2_PLACEMENT_3D('',#4620,#4621,#4622);
#4620 = CARTESIAN_POINT('',(154.50575,-63.6625,1.55));
#4621 = DIRECTION('',(-0.,0.,-1.));
#4622 = DIRECTION('',(-1.263187085796E-13,1.,0.));
#4623 = ORIENTED_EDGE('',*,*,#4624,.T.);
#4624 = EDGE_CURVE('',#4616,#4597,#4625,.T.);
#4625 = LINE('',#4626,#4627);
#4626 = CARTESIAN_POINT('',(155.00575,-63.4375,1.55));
#4627 = VECTOR('',#4628,1.);
#4628 = DIRECTION('',(1.,0.,-0.));
#4629 = PLANE('',#4630);
#4630 = AXIS2_PLACEMENT_3D('',#4631,#4632,#4633);
#4631 = CARTESIAN_POINT('',(154.50575,-63.9125,1.55));
#4632 = DIRECTION('',(0.,0.,1.));
#4633 = DIRECTION('',(1.,0.,-0.));
#4634 = ADVANCED_FACE('',(#4635),#4641,.F.);
#4635 = FACE_BOUND('',#4636,.F.);
#4636 = EDGE_LOOP('',(#4637,#4638,#4639,#4640));
#4637 = ORIENTED_EDGE('',*,*,#4509,.T.);
#4638 = ORIENTED_EDGE('',*,*,#4587,.T.);
#4639 = ORIENTED_EDGE('',*,*,#4466,.F.);
#4640 = ORIENTED_EDGE('',*,*,#4534,.F.);
#4641 = PLANE('',#4642);
#4642 = AXIS2_PLACEMENT_3D('',#4643,#4644,#4645);
#4643 = CARTESIAN_POINT('',(155.50575,-63.4125,-4.E-02));
#4644 = DIRECTION('',(0.,-1.,0.));
#4645 = DIRECTION('',(-1.,0.,0.));
#4646 = ADVANCED_FACE('',(#4647),#4663,.F.);
#4647 = FACE_BOUND('',#4648,.T.);
#4648 = EDGE_LOOP('',(#4649,#4650,#4656,#4657));
#4649 = ORIENTED_EDGE('',*,*,#4543,.T.);
#4650 = ORIENTED_EDGE('',*,*,#4651,.T.);
#4651 = EDGE_CURVE('',#4546,#4599,#4652,.T.);
#4652 = LINE('',#4653,#4654);
#4653 = CARTESIAN_POINT('',(155.50575,-63.8875,-4.6E-02));
#4654 = VECTOR('',#4655,1.);
#4655 = DIRECTION('',(0.,0.,1.));
#4656 = ORIENTED_EDGE('',*,*,#4596,.F.);
#4657 = ORIENTED_EDGE('',*,*,#4658,.F.);
#4658 = EDGE_CURVE('',#4544,#4597,#4659,.T.);
#4659 = LINE('',#4660,#4661);
#4660 = CARTESIAN_POINT('',(155.50575,-63.4375,-4.6E-02));
#4661 = VECTOR('',#4662,1.);
#4662 = DIRECTION('',(0.,0.,1.));
#4663 = CYLINDRICAL_SURFACE('',#4664,0.225);
#4664 = AXIS2_PLACEMENT_3D('',#4665,#4666,#4667);
#4665 = CARTESIAN_POINT('',(155.50575,-63.6625,-4.6E-02));
#4666 = DIRECTION('',(-0.,0.,-1.));
#4667 = DIRECTION('',(1.263187085796E-13,-1.,-0.));
#4668 = ADVANCED_FACE('',(#4669),#4680,.T.);
#4669 = FACE_BOUND('',#4670,.T.);
#4670 = EDGE_LOOP('',(#4671,#4672,#4673,#4674));
#4671 = ORIENTED_EDGE('',*,*,#4571,.T.);
#4672 = ORIENTED_EDGE('',*,*,#4658,.T.);
#4673 = ORIENTED_EDGE('',*,*,#4624,.F.);
#4674 = ORIENTED_EDGE('',*,*,#4675,.F.);
#4675 = EDGE_CURVE('',#4563,#4616,#4676,.T.);
#4676 = LINE('',#4677,#4678);
#4677 = CARTESIAN_POINT('',(154.50575,-63.4375,-4.6E-02));
#4678 = VECTOR('',#4679,1.);
#4679 = DIRECTION('',(0.,0.,1.));
#4680 = PLANE('',#4681);
#4681 = AXIS2_PLACEMENT_3D('',#4682,#4683,#4684);
#4682 = CARTESIAN_POINT('',(155.50575,-63.4375,-4.6E-02));
#4683 = DIRECTION('',(0.,-1.,0.));
#4684 = DIRECTION('',(-1.,0.,0.));
#4685 = ADVANCED_FACE('',(#4686),#4697,.F.);
#4686 = FACE_BOUND('',#4687,.T.);
#4687 = EDGE_LOOP('',(#4688,#4689,#4690,#4691));
#4688 = ORIENTED_EDGE('',*,*,#4562,.T.);
#4689 = ORIENTED_EDGE('',*,*,#4675,.T.);
#4690 = ORIENTED_EDGE('',*,*,#4615,.F.);
#4691 = ORIENTED_EDGE('',*,*,#4692,.F.);
#4692 = EDGE_CURVE('',#4555,#4608,#4693,.T.);
#4693 = LINE('',#4694,#4695);
#4694 = CARTESIAN_POINT('',(154.50575,-63.8875,-4.6E-02));
#4695 = VECTOR('',#4696,1.);
#4696 = DIRECTION('',(0.,0.,1.));
#4697 = CYLINDRICAL_SURFACE('',#4698,0.225);
#4698 = AXIS2_PLACEMENT_3D('',#4699,#4700,#4701);
#4699 = CARTESIAN_POINT('',(154.50575,-63.6625,-4.6E-02));
#4700 = DIRECTION('',(-0.,-0.,-1.));
#4701 = DIRECTION('',(-1.263187085796E-13,1.,0.));
#4702 = ADVANCED_FACE('',(#4703),#4709,.T.);
#4703 = FACE_BOUND('',#4704,.T.);
#4704 = EDGE_LOOP('',(#4705,#4706,#4707,#4708));
#4705 = ORIENTED_EDGE('',*,*,#4554,.T.);
#4706 = ORIENTED_EDGE('',*,*,#4692,.T.);
#4707 = ORIENTED_EDGE('',*,*,#4607,.F.);
#4708 = ORIENTED_EDGE('',*,*,#4651,.F.);
#4709 = PLANE('',#4710);
#4710 = AXIS2_PLACEMENT_3D('',#4711,#4712,#4713);
#4711 = CARTESIAN_POINT('',(154.50575,-63.8875,-4.6E-02));
#4712 = DIRECTION('',(0.,1.,0.));
#4713 = DIRECTION('',(1.,0.,0.));
#4714 = ( GEOMETRIC_REPRESENTATION_CONTEXT(3) 
GLOBAL_UNCERTAINTY_ASSIGNED_CONTEXT((#4718)) 
GLOBAL_UNIT_ASSIGNED_CONTEXT((#4715,#4716,#4717)) REPRESENTATION_CONTEXT
('Context #1','3D Context with UNIT and UNCERTAINTY') );
#4715 = ( LENGTH_UNIT() NAMED_UNIT(*) SI_UNIT(.MILLI.,.METRE.) );
#4716 = ( NAMED_UNIT(*) PLANE_ANGLE_UNIT() SI_UNIT($,.RADIAN.) );
#4717 = ( NAMED_UNIT(*) SI_UNIT($,.STERADIAN.) SOLID_ANGLE_UNIT() );
#4718 = UNCERTAINTY_MEASURE_WITH_UNIT(LENGTH_MEASURE(1.E-07),#4715,
  'distance_accuracy_value','confusion accuracy');
#4719 = CONTEXT_DEPENDENT_SHAPE_REPRESENTATION(#4720,#4722);
#4720 = ( REPRESENTATION_RELATIONSHIP('','',#1127,#10) 
REPRESENTATION_RELATIONSHIP_WITH_TRANSFORMATION(#4721) 
SHAPE_REPRESENTATION_RELATIONSHIP() );
#4721 = ITEM_DEFINED_TRANSFORMATION('','',#11,#19);
#4722 = PRODUCT_DEFINITION_SHAPE('Placement','Placement of an item',
  #4723);
#4723 = NEXT_ASSEMBLY_USAGE_OCCURRENCE('2','=>[0:1:1:3]','',#5,#1122,$);
#4724 = PRODUCT_RELATED_PRODUCT_CATEGORY('part',$,(#1124));
#4725 = SHAPE_DEFINITION_REPRESENTATION(#4726,#4732);
#4726 = PRODUCT_DEFINITION_SHAPE('','',#4727);
#4727 = PRODUCT_DEFINITION('design','',#4728,#4731);
#4728 = PRODUCT_DEFINITION_FORMATION('','',#4729);
#4729 = PRODUCT('Cedexis - Audio Jack_silkscreen',
  'Cedexis - Audio Jack_silkscreen','',(#4730));
#4730 = PRODUCT_CONTEXT('',#2,'mechanical');
#4731 = PRODUCT_DEFINITION_CONTEXT('part definition',#2,'design');
#4732 = SHAPE_REPRESENTATION('',(#11,#4733,#4784,#4835,#5017,#5319,#5534
    ,#5695,#5837,#5931,#6116,#6242,#6354,#6599,#6651,#6736,#6870,#6961,
    #7136,#7438,#7599,#7858,#8050,#8585,#8637,#8749,#8916,#8990,#9247,
    #9414,#9483,#9552),#9811);
#4733 = SHELL_BASED_SURFACE_MODEL('',(#4734));
#4734 = OPEN_SHELL('',(#4735));
#4735 = ADVANCED_FACE('',(#4736),#4779,.T.);
#4736 = FACE_BOUND('',#4737,.F.);
#4737 = EDGE_LOOP('',(#4738,#4749,#4757,#4765,#4773));
#4738 = ORIENTED_EDGE('',*,*,#4739,.T.);
#4739 = EDGE_CURVE('',#4740,#4742,#4744,.T.);
#4740 = VERTEX_POINT('',#4741);
#4741 = CARTESIAN_POINT('',(152.397084,-67.0082,1.585));
#4742 = VERTEX_POINT('',#4743);
#4743 = CARTESIAN_POINT('',(152.51925,-67.0325,1.585));
#4744 = CIRCLE('',#4745,6.349983287265E-02);
#4745 = AXIS2_PLACEMENT_3D('',#4746,#4747,#4748);
#4746 = CARTESIAN_POINT('',(152.45575016712,-67.03250040348,1.585));
#4747 = DIRECTION('',(0.,0.,-1.));
#4748 = DIRECTION('',(-0.923879079277,0.382684526568,0.));
#4749 = ORIENTED_EDGE('',*,*,#4750,.T.);
#4750 = EDGE_CURVE('',#4742,#4751,#4753,.T.);
#4751 = VERTEX_POINT('',#4752);
#4752 = CARTESIAN_POINT('',(152.51925,-71.75,1.585));
#4753 = LINE('',#4754,#4755);
#4754 = CARTESIAN_POINT('',(152.51925,-67.0325,1.585));
#4755 = VECTOR('',#4756,1.);
#4756 = DIRECTION('',(0.,-1.,0.));
#4757 = ORIENTED_EDGE('',*,*,#4758,.T.);
#4758 = EDGE_CURVE('',#4751,#4759,#4761,.T.);
#4759 = VERTEX_POINT('',#4760);
#4760 = CARTESIAN_POINT('',(152.39225,-71.75,1.585));
#4761 = LINE('',#4762,#4763);
#4762 = CARTESIAN_POINT('',(152.51925,-71.75,1.585));
#4763 = VECTOR('',#4764,1.);
#4764 = DIRECTION('',(-1.,0.,0.));
#4765 = ORIENTED_EDGE('',*,*,#4766,.T.);
#4766 = EDGE_CURVE('',#4759,#4767,#4769,.T.);
#4767 = VERTEX_POINT('',#4768);
#4768 = CARTESIAN_POINT('',(152.39225,-67.0325,1.585));
#4769 = LINE('',#4770,#4771);
#4770 = CARTESIAN_POINT('',(152.39225,-71.75,1.585));
#4771 = VECTOR('',#4772,1.);
#4772 = DIRECTION('',(0.,1.,0.));
#4773 = ORIENTED_EDGE('',*,*,#4774,.T.);
#4774 = EDGE_CURVE('',#4767,#4740,#4775,.T.);
#4775 = LINE('',#4776,#4777);
#4776 = CARTESIAN_POINT('',(152.39225,-67.0325,1.585));
#4777 = VECTOR('',#4778,1.);
#4778 = DIRECTION('',(0.195106996365,0.980781963522,0.));
#4779 = PLANE('',#4780);
#4780 = AXIS2_PLACEMENT_3D('',#4781,#4782,#4783);
#4781 = CARTESIAN_POINT('',(0.,0.,1.585));
#4782 = DIRECTION('',(0.,0.,1.));
#4783 = DIRECTION('',(1.,0.,-0.));
#4784 = SHELL_BASED_SURFACE_MODEL('',(#4785));
#4785 = OPEN_SHELL('',(#4786));
#4786 = ADVANCED_FACE('',(#4787),#4830,.T.);
#4787 = FACE_BOUND('',#4788,.F.);
#4788 = EDGE_LOOP('',(#4789,#4800,#4808,#4816,#4824));
#4789 = ORIENTED_EDGE('',*,*,#4790,.T.);
#4790 = EDGE_CURVE('',#4791,#4793,#4795,.T.);
#4791 = VERTEX_POINT('',#4792);
#4792 = CARTESIAN_POINT('',(157.497084,-67.0082,1.585));
#4793 = VERTEX_POINT('',#4794);
#4794 = CARTESIAN_POINT('',(157.61925,-67.0325,1.585));
#4795 = CIRCLE('',#4796,6.349983287265E-02);
#4796 = AXIS2_PLACEMENT_3D('',#4797,#4798,#4799);
#4797 = CARTESIAN_POINT('',(157.55575016712,-67.03250040348,1.585));
#4798 = DIRECTION('',(0.,0.,-1.));
#4799 = DIRECTION('',(-0.923879079277,0.382684526568,0.));
#4800 = ORIENTED_EDGE('',*,*,#4801,.T.);
#4801 = EDGE_CURVE('',#4793,#4802,#4804,.T.);
#4802 = VERTEX_POINT('',#4803);
#4803 = CARTESIAN_POINT('',(157.61925,-71.75,1.585));
#4804 = LINE('',#4805,#4806);
#4805 = CARTESIAN_POINT('',(157.61925,-67.0325,1.585));
#4806 = VECTOR('',#4807,1.);
#4807 = DIRECTION('',(0.,-1.,0.));
#4808 = ORIENTED_EDGE('',*,*,#4809,.T.);
#4809 = EDGE_CURVE('',#4802,#4810,#4812,.T.);
#4810 = VERTEX_POINT('',#4811);
#4811 = CARTESIAN_POINT('',(157.49225,-71.75,1.585));
#4812 = LINE('',#4813,#4814);
#4813 = CARTESIAN_POINT('',(157.61925,-71.75,1.585));
#4814 = VECTOR('',#4815,1.);
#4815 = DIRECTION('',(-1.,0.,0.));
#4816 = ORIENTED_EDGE('',*,*,#4817,.T.);
#4817 = EDGE_CURVE('',#4810,#4818,#4820,.T.);
#4818 = VERTEX_POINT('',#4819);
#4819 = CARTESIAN_POINT('',(157.49225,-67.0325,1.585));
#4820 = LINE('',#4821,#4822);
#4821 = CARTESIAN_POINT('',(157.49225,-71.75,1.585));
#4822 = VECTOR('',#4823,1.);
#4823 = DIRECTION('',(0.,1.,0.));
#4824 = ORIENTED_EDGE('',*,*,#4825,.T.);
#4825 = EDGE_CURVE('',#4818,#4791,#4826,.T.);
#4826 = LINE('',#4827,#4828);
#4827 = CARTESIAN_POINT('',(157.49225,-67.0325,1.585));
#4828 = VECTOR('',#4829,1.);
#4829 = DIRECTION('',(0.195106996364,0.980781963522,0.));
#4830 = PLANE('',#4831);
#4831 = AXIS2_PLACEMENT_3D('',#4832,#4833,#4834);
#4832 = CARTESIAN_POINT('',(0.,0.,1.585));
#4833 = DIRECTION('',(0.,0.,1.));
#4834 = DIRECTION('',(1.,0.,-0.));
#4835 = SHELL_BASED_SURFACE_MODEL('',(#4836));
#4836 = OPEN_SHELL('',(#4837));
#4837 = ADVANCED_FACE('',(#4838),#5012,.T.);
#4838 = FACE_BOUND('',#4839,.F.);
#4839 = EDGE_LOOP('',(#4840,#4851,#4859,#4867,#4875,#4883,#4891,#4899,
    #4907,#4915,#4923,#4932,#4940,#4948,#4956,#4964,#4972,#4981,#4989,
    #4998,#5006));
#4840 = ORIENTED_EDGE('',*,*,#4841,.T.);
#4841 = EDGE_CURVE('',#4842,#4844,#4846,.T.);
#4842 = VERTEX_POINT('',#4843);
#4843 = CARTESIAN_POINT('',(161.842926,-71.037756,1.585));
#4844 = VERTEX_POINT('',#4845);
#4845 = CARTESIAN_POINT('',(161.92556,-70.996438,1.585));
#4846 = CIRCLE('',#4847,5.000017128914E-02);
#4847 = AXIS2_PLACEMENT_3D('',#4848,#4849,#4850);
#4848 = CARTESIAN_POINT('',(161.89280036568,-71.03421131714,1.585));
#4849 = DIRECTION('',(0.,0.,-1.));
#4850 = DIRECTION('',(-0.997483896527,-7.089341414916E-02,-0.));
#4851 = ORIENTED_EDGE('',*,*,#4852,.T.);
#4852 = EDGE_CURVE('',#4844,#4853,#4855,.T.);
#4853 = VERTEX_POINT('',#4854);
#4854 = CARTESIAN_POINT('',(161.966092,-71.068993,1.585));
#4855 = LINE('',#4856,#4857);
#4856 = CARTESIAN_POINT('',(161.92556,-70.996438,1.585));
#4857 = VECTOR('',#4858,1.);
#4858 = DIRECTION('',(0.487698109714,-0.873012344575,0.));
#4859 = ORIENTED_EDGE('',*,*,#4860,.T.);
#4860 = EDGE_CURVE('',#4853,#4861,#4863,.T.);
#4861 = VERTEX_POINT('',#4862);
#4862 = CARTESIAN_POINT('',(161.971371,-71.091353,1.585));
#4863 = LINE('',#4864,#4865);
#4864 = CARTESIAN_POINT('',(161.966092,-71.068993,1.585));
#4865 = VECTOR('',#4866,1.);
#4866 = DIRECTION('',(0.229774360279,-0.973243927984,0.));
#4867 = ORIENTED_EDGE('',*,*,#4868,.T.);
#4868 = EDGE_CURVE('',#4861,#4869,#4871,.T.);
#4869 = VERTEX_POINT('',#4870);
#4870 = CARTESIAN_POINT('',(161.969128,-71.216912,1.585));
#4871 = LINE('',#4872,#4873);
#4872 = CARTESIAN_POINT('',(161.971371,-71.091353,1.585));
#4873 = VECTOR('',#4874,1.);
#4874 = DIRECTION('',(-1.786126191892E-02,-0.999840474937,0.));
#4875 = ORIENTED_EDGE('',*,*,#4876,.T.);
#4876 = EDGE_CURVE('',#4869,#4877,#4879,.T.);
#4877 = VERTEX_POINT('',#4878);
#4878 = CARTESIAN_POINT('',(161.928155,-71.298138,1.585));
#4879 = LINE('',#4880,#4881);
#4880 = CARTESIAN_POINT('',(161.969128,-71.216912,1.585));
#4881 = VECTOR('',#4882,1.);
#4882 = DIRECTION('',(-0.450376499365,-0.892838736178,0.));
#4883 = ORIENTED_EDGE('',*,*,#4884,.T.);
#4884 = EDGE_CURVE('',#4877,#4885,#4887,.T.);
#4885 = VERTEX_POINT('',#4886);
#4886 = CARTESIAN_POINT('',(161.886589,-71.336074,1.585));
#4887 = LINE('',#4888,#4889);
#4888 = CARTESIAN_POINT('',(161.928155,-71.298138,1.585));
#4889 = VECTOR('',#4890,1.);
#4890 = DIRECTION('',(-0.738623204322,-0.674118507413,0.));
#4891 = ORIENTED_EDGE('',*,*,#4892,.T.);
#4892 = EDGE_CURVE('',#4885,#4893,#4895,.T.);
#4893 = VERTEX_POINT('',#4894);
#4894 = CARTESIAN_POINT('',(161.81063,-71.369799,1.585));
#4895 = LINE('',#4896,#4897);
#4896 = CARTESIAN_POINT('',(161.886589,-71.336074,1.585));
#4897 = VECTOR('',#4898,1.);
#4898 = DIRECTION('',(-0.913965794536,-0.405791235018,0.));
#4899 = ORIENTED_EDGE('',*,*,#4900,.T.);
#4900 = EDGE_CURVE('',#4893,#4901,#4903,.T.);
#4901 = VERTEX_POINT('',#4902);
#4902 = CARTESIAN_POINT('',(161.624384,-71.367682,1.585));
#4903 = LINE('',#4904,#4905);
#4904 = CARTESIAN_POINT('',(161.81063,-71.369799,1.585));
#4905 = VECTOR('',#4906,1.);
#4906 = DIRECTION('',(-0.999935405472,1.136595284399E-02,0.));
#4907 = ORIENTED_EDGE('',*,*,#4908,.T.);
#4908 = EDGE_CURVE('',#4901,#4909,#4911,.T.);
#4909 = VERTEX_POINT('',#4910);
#4910 = CARTESIAN_POINT('',(161.543159,-71.326709,1.585));
#4911 = LINE('',#4912,#4913);
#4912 = CARTESIAN_POINT('',(161.624384,-71.367682,1.585));
#4913 = VECTOR('',#4914,1.);
#4914 = DIRECTION('',(-0.892836506532,0.450380919448,0.));
#4915 = ORIENTED_EDGE('',*,*,#4916,.T.);
#4916 = EDGE_CURVE('',#4909,#4917,#4919,.T.);
#4917 = VERTEX_POINT('',#4918);
#4918 = CARTESIAN_POINT('',(161.505221,-71.285143,1.585));
#4919 = LINE('',#4920,#4921);
#4920 = CARTESIAN_POINT('',(161.543159,-71.326709,1.585));
#4921 = VECTOR('',#4922,1.);
#4922 = DIRECTION('',(-0.674137895949,0.73860550854,0.));
#4923 = ORIENTED_EDGE('',*,*,#4924,.T.);
#4924 = EDGE_CURVE('',#4917,#4925,#4927,.T.);
#4925 = VERTEX_POINT('',#4926);
#4926 = CARTESIAN_POINT('',(161.517182,-70.996438,1.585));
#4927 = CIRCLE('',#4928,0.244173326928);
#4928 = AXIS2_PLACEMENT_3D('',#4929,#4930,#4931);
#4929 = CARTESIAN_POINT('',(161.70787587556,-71.14893868657,1.585));
#4930 = DIRECTION('',(0.,0.,-1.));
#4931 = DIRECTION('',(-0.829963199134,-0.557818149654,-0.));
#4932 = ORIENTED_EDGE('',*,*,#4933,.T.);
#4933 = EDGE_CURVE('',#4925,#4934,#4936,.T.);
#4934 = VERTEX_POINT('',#4935);
#4935 = CARTESIAN_POINT('',(161.553487,-70.984337,1.585));
#4936 = LINE('',#4937,#4938);
#4937 = CARTESIAN_POINT('',(161.517182,-70.996438,1.585));
#4938 = VECTOR('',#4939,1.);
#4939 = DIRECTION('',(0.948688524135,0.316212087331,0.));
#4940 = ORIENTED_EDGE('',*,*,#4941,.T.);
#4941 = EDGE_CURVE('',#4934,#4942,#4944,.T.);
#4942 = VERTEX_POINT('',#4943);
#4943 = CARTESIAN_POINT('',(161.587715,-71.001451,1.585));
#4944 = LINE('',#4945,#4946);
#4945 = CARTESIAN_POINT('',(161.553487,-70.984337,1.585));
#4946 = VECTOR('',#4947,1.);
#4947 = DIRECTION('',(0.894427191,-0.4472135955,0.));
#4948 = ORIENTED_EDGE('',*,*,#4949,.T.);
#4949 = EDGE_CURVE('',#4942,#4950,#4952,.T.);
#4950 = VERTEX_POINT('',#4951);
#4951 = CARTESIAN_POINT('',(161.599816,-71.037755,1.585));
#4952 = LINE('',#4953,#4954);
#4953 = CARTESIAN_POINT('',(161.587715,-71.001451,1.585));
#4954 = VECTOR('',#4955,1.);
#4955 = DIRECTION('',(0.31621992649,-0.94868591119,0.));
#4956 = ORIENTED_EDGE('',*,*,#4957,.T.);
#4957 = EDGE_CURVE('',#4950,#4958,#4960,.T.);
#4958 = VERTEX_POINT('',#4959);
#4959 = CARTESIAN_POINT('',(161.571371,-71.103155,1.585));
#4960 = LINE('',#4961,#4962);
#4961 = CARTESIAN_POINT('',(161.599816,-71.037755,1.585));
#4962 = VECTOR('',#4963,1.);
#4963 = DIRECTION('',(-0.398846596309,-0.917017662105,0.));
#4964 = ORIENTED_EDGE('',*,*,#4965,.T.);
#4965 = EDGE_CURVE('',#4958,#4966,#4968,.T.);
#4966 = VERTEX_POINT('',#4967);
#4967 = CARTESIAN_POINT('',(161.571371,-71.193835,1.585));
#4968 = LINE('',#4969,#4970);
#4969 = CARTESIAN_POINT('',(161.571371,-71.103155,1.585));
#4970 = VECTOR('',#4971,1.);
#4971 = DIRECTION('',(0.,-1.,0.));
#4972 = ORIENTED_EDGE('',*,*,#4973,.T.);
#4973 = EDGE_CURVE('',#4966,#4974,#4976,.T.);
#4974 = VERTEX_POINT('',#4975);
#4975 = CARTESIAN_POINT('',(161.64746,-71.269925,1.585));
#4976 = CIRCLE('',#4977,0.106477267695);
#4977 = AXIS2_PLACEMENT_3D('',#4978,#4979,#4980);
#4978 = CARTESIAN_POINT('',(161.6743874689,-71.16690888497,1.585));
#4979 = DIRECTION('',(0.,0.,1.));
#4980 = DIRECTION('',(-0.967497299047,-0.252881348336,0.));
#4981 = ORIENTED_EDGE('',*,*,#4982,.T.);
#4982 = EDGE_CURVE('',#4974,#4983,#4985,.T.);
#4983 = VERTEX_POINT('',#4984);
#4984 = CARTESIAN_POINT('',(161.795282,-71.269925,1.585));
#4985 = LINE('',#4986,#4987);
#4986 = CARTESIAN_POINT('',(161.64746,-71.269925,1.585));
#4987 = VECTOR('',#4988,1.);
#4988 = DIRECTION('',(1.,0.,0.));
#4989 = ORIENTED_EDGE('',*,*,#4990,.T.);
#4990 = EDGE_CURVE('',#4983,#4991,#4993,.T.);
#4991 = VERTEX_POINT('',#4992);
#4992 = CARTESIAN_POINT('',(161.871371,-71.193836,1.585));
#4993 = CIRCLE('',#4994,0.106488764847);
#4994 = AXIS2_PLACEMENT_3D('',#4995,#4996,#4997);
#4995 = CARTESIAN_POINT('',(161.7683453909,-71.1668993909,1.585));
#4996 = DIRECTION('',(0.,0.,1.));
#4997 = DIRECTION('',(0.252952592064,-0.967478674787,0.));
#4998 = ORIENTED_EDGE('',*,*,#4999,.T.);
#4999 = EDGE_CURVE('',#4991,#5000,#5002,.T.);
#5000 = VERTEX_POINT('',#5001);
#5001 = CARTESIAN_POINT('',(161.871371,-71.103156,1.585));
#5002 = LINE('',#5003,#5004);
#5003 = CARTESIAN_POINT('',(161.871371,-71.193836,1.585));
#5004 = VECTOR('',#5005,1.);
#5005 = DIRECTION('',(0.,1.,0.));
#5006 = ORIENTED_EDGE('',*,*,#5007,.T.);
#5007 = EDGE_CURVE('',#5000,#4842,#5008,.T.);
#5008 = LINE('',#5009,#5010);
#5009 = CARTESIAN_POINT('',(161.871371,-71.103156,1.585));
#5010 = VECTOR('',#5011,1.);
#5011 = DIRECTION('',(-0.398846596309,0.917017662105,0.));
#5012 = PLANE('',#5013);
#5013 = AXIS2_PLACEMENT_3D('',#5014,#5015,#5016);
#5014 = CARTESIAN_POINT('',(0.,0.,1.585));
#5015 = DIRECTION('',(0.,0.,1.));
#5016 = DIRECTION('',(1.,0.,-0.));
#5017 = SHELL_BASED_SURFACE_MODEL('',(#5018));
#5018 = OPEN_SHELL('',(#5019));
#5019 = ADVANCED_FACE('',(#5020),#5314,.T.);
#5020 = FACE_BOUND('',#5021,.F.);
#5021 = EDGE_LOOP('',(#5022,#5032,#5040,#5048,#5056,#5065,#5073,#5081,
    #5090,#5098,#5106,#5114,#5122,#5130,#5138,#5146,#5154,#5162,#5170,
    #5178,#5186,#5194,#5202,#5211,#5219,#5227,#5236,#5244,#5252,#5260,
    #5268,#5276,#5284,#5292,#5300,#5308));
#5022 = ORIENTED_EDGE('',*,*,#5023,.T.);
#5023 = EDGE_CURVE('',#5024,#5026,#5028,.T.);
#5024 = VERTEX_POINT('',#5025);
#5025 = CARTESIAN_POINT('',(158.736072,-70.694159,1.585));
#5026 = VERTEX_POINT('',#5027);
#5027 = CARTESIAN_POINT('',(158.777639,-70.65622,1.585));
#5028 = LINE('',#5029,#5030);
#5029 = CARTESIAN_POINT('',(158.736072,-70.694159,1.585));
#5030 = VECTOR('',#5031,1.);
#5031 = DIRECTION('',(0.738604736297,0.67413874204,0.));
#5032 = ORIENTED_EDGE('',*,*,#5033,.T.);
#5033 = EDGE_CURVE('',#5026,#5034,#5036,.T.);
#5034 = VERTEX_POINT('',#5035);
#5035 = CARTESIAN_POINT('',(158.853598,-70.622497,1.585));
#5036 = LINE('',#5037,#5038);
#5037 = CARTESIAN_POINT('',(158.777639,-70.65622,1.585));
#5038 = VECTOR('',#5039,1.);
#5039 = DIRECTION('',(0.913974719507,0.405771132663,0.));
#5040 = ORIENTED_EDGE('',*,*,#5041,.T.);
#5041 = EDGE_CURVE('',#5034,#5042,#5044,.T.);
#5042 = VERTEX_POINT('',#5043);
#5043 = CARTESIAN_POINT('',(159.007861,-70.623934,1.585));
#5044 = LINE('',#5045,#5046);
#5045 = CARTESIAN_POINT('',(158.853598,-70.622497,1.585));
#5046 = VECTOR('',#5047,1.);
#5047 = DIRECTION('',(0.999956615786,-9.314856167032E-03,0.));
#5048 = ORIENTED_EDGE('',*,*,#5049,.T.);
#5049 = EDGE_CURVE('',#5042,#5050,#5052,.T.);
#5050 = VERTEX_POINT('',#5051);
#5051 = CARTESIAN_POINT('',(159.101524,-70.653508,1.585));
#5052 = LINE('',#5053,#5054);
#5053 = CARTESIAN_POINT('',(159.007861,-70.623934,1.585));
#5054 = VECTOR('',#5055,1.);
#5055 = DIRECTION('',(0.953593743183,-0.301096285202,0.));
#5056 = ORIENTED_EDGE('',*,*,#5057,.T.);
#5057 = EDGE_CURVE('',#5050,#5058,#5060,.T.);
#5058 = VERTEX_POINT('',#5059);
#5059 = CARTESIAN_POINT('',(159.069901,-70.748376,1.585));
#5060 = CIRCLE('',#5061,4.999987888471E-02);
#5061 = AXIS2_PLACEMENT_3D('',#5062,#5063,#5064);
#5062 = CARTESIAN_POINT('',(159.08571296092,-70.70094215364,1.585));
#5063 = DIRECTION('',(0.,0.,-1.));
#5064 = DIRECTION('',(0.316221547584,0.948685370839,0.));
#5065 = ORIENTED_EDGE('',*,*,#5066,.T.);
#5066 = EDGE_CURVE('',#5058,#5067,#5069,.T.);
#5067 = VERTEX_POINT('',#5068);
#5068 = CARTESIAN_POINT('',(158.991886,-70.722371,1.585));
#5069 = LINE('',#5070,#5071);
#5070 = CARTESIAN_POINT('',(159.069901,-70.748376,1.585));
#5071 = VECTOR('',#5072,1.);
#5072 = DIRECTION('',(-0.948683298051,0.316227766017,0.));
#5073 = ORIENTED_EDGE('',*,*,#5074,.T.);
#5074 = EDGE_CURVE('',#5067,#5075,#5077,.T.);
#5075 = VERTEX_POINT('',#5076);
#5076 = CARTESIAN_POINT('',(158.868945,-70.722371,1.585));
#5077 = LINE('',#5078,#5079);
#5078 = CARTESIAN_POINT('',(158.991886,-70.722371,1.585));
#5079 = VECTOR('',#5080,1.);
#5080 = DIRECTION('',(-1.,0.,0.));
#5081 = ORIENTED_EDGE('',*,*,#5082,.T.);
#5082 = EDGE_CURVE('',#5075,#5083,#5085,.T.);
#5083 = VERTEX_POINT('',#5084);
#5084 = CARTESIAN_POINT('',(158.792856,-70.79846,1.585));
#5085 = CIRCLE('',#5086,0.106474305737);
#5086 = AXIS2_PLACEMENT_3D('',#5087,#5088,#5089);
#5087 = CARTESIAN_POINT('',(158.89586976127,-70.82538476127,1.585));
#5088 = DIRECTION('',(0.,0.,1.));
#5089 = DIRECTION('',(-0.252875668831,0.96749878352,0.));
#5090 = ORIENTED_EDGE('',*,*,#5091,.T.);
#5091 = EDGE_CURVE('',#5083,#5092,#5094,.T.);
#5092 = VERTEX_POINT('',#5093);
#5093 = CARTESIAN_POINT('',(158.792856,-70.831996,1.585));
#5094 = LINE('',#5095,#5096);
#5095 = CARTESIAN_POINT('',(158.792856,-70.79846,1.585));
#5096 = VECTOR('',#5097,1.);
#5097 = DIRECTION('',(0.,-1.,0.));
#5098 = ORIENTED_EDGE('',*,*,#5099,.T.);
#5099 = EDGE_CURVE('',#5092,#5100,#5102,.T.);
#5100 = VERTEX_POINT('',#5101);
#5101 = CARTESIAN_POINT('',(158.812519,-70.871323,1.585));
#5102 = LINE('',#5103,#5104);
#5103 = CARTESIAN_POINT('',(158.792856,-70.831996,1.585));
#5104 = VECTOR('',#5105,1.);
#5105 = DIRECTION('',(0.447204498096,-0.894431739644,0.));
#5106 = ORIENTED_EDGE('',*,*,#5107,.T.);
#5107 = EDGE_CURVE('',#5100,#5108,#5110,.T.);
#5108 = VERTEX_POINT('',#5109);
#5109 = CARTESIAN_POINT('',(158.829617,-70.888421,1.585));
#5110 = LINE('',#5111,#5112);
#5111 = CARTESIAN_POINT('',(158.812519,-70.871323,1.585));
#5112 = VECTOR('',#5113,1.);
#5113 = DIRECTION('',(0.707106781187,-0.707106781186,0.));
#5114 = ORIENTED_EDGE('',*,*,#5115,.T.);
#5115 = EDGE_CURVE('',#5108,#5116,#5118,.T.);
#5116 = VERTEX_POINT('',#5117);
#5117 = CARTESIAN_POINT('',(158.874593,-70.910909,1.585));
#5118 = LINE('',#5119,#5120);
#5119 = CARTESIAN_POINT('',(158.829617,-70.888421,1.585));
#5120 = VECTOR('',#5121,1.);
#5121 = DIRECTION('',(0.894427191,-0.4472135955,0.));
#5122 = ORIENTED_EDGE('',*,*,#5123,.T.);
#5123 = EDGE_CURVE('',#5116,#5124,#5126,.T.);
#5124 = VERTEX_POINT('',#5125);
#5125 = CARTESIAN_POINT('',(158.993788,-70.941935,1.585));
#5126 = LINE('',#5127,#5128);
#5127 = CARTESIAN_POINT('',(158.874593,-70.910909,1.585));
#5128 = VECTOR('',#5129,1.);
#5129 = DIRECTION('',(0.967752671098,-0.251902297693,0.));
#5130 = ORIENTED_EDGE('',*,*,#5131,.T.);
#5131 = EDGE_CURVE('',#5124,#5132,#5134,.T.);
#5132 = VERTEX_POINT('',#5133);
#5133 = CARTESIAN_POINT('',(159.063927,-70.979873,1.585));
#5134 = LINE('',#5135,#5136);
#5135 = CARTESIAN_POINT('',(158.993788,-70.941935,1.585));
#5136 = VECTOR('',#5137,1.);
#5137 = DIRECTION('',(0.879575191587,-0.475759899891,0.));
#5138 = ORIENTED_EDGE('',*,*,#5139,.T.);
#5139 = EDGE_CURVE('',#5132,#5140,#5142,.T.);
#5140 = VERTEX_POINT('',#5141);
#5141 = CARTESIAN_POINT('',(159.101863,-71.021439,1.585));
#5142 = LINE('',#5143,#5144);
#5143 = CARTESIAN_POINT('',(159.063927,-70.979873,1.585));
#5144 = VECTOR('',#5145,1.);
#5145 = DIRECTION('',(0.674118507414,-0.738623204322,0.));
#5146 = ORIENTED_EDGE('',*,*,#5147,.T.);
#5147 = EDGE_CURVE('',#5140,#5148,#5150,.T.);
#5148 = VERTEX_POINT('',#5149);
#5149 = CARTESIAN_POINT('',(159.135587,-71.097398,1.585));
#5150 = LINE('',#5151,#5152);
#5151 = CARTESIAN_POINT('',(159.101863,-71.021439,1.585));
#5152 = VECTOR('',#5153,1.);
#5153 = DIRECTION('',(0.405781183914,-0.913970257055,0.));
#5154 = ORIENTED_EDGE('',*,*,#5155,.T.);
#5155 = EDGE_CURVE('',#5148,#5156,#5158,.T.);
#5156 = VERTEX_POINT('',#5157);
#5157 = CARTESIAN_POINT('',(159.131907,-71.177219,1.585));
#5158 = LINE('',#5159,#5160);
#5159 = CARTESIAN_POINT('',(159.135587,-71.097398,1.585));
#5160 = VECTOR('',#5161,1.);
#5161 = DIRECTION('',(-4.605423762742E-02,-0.998938940675,0.));
#5162 = ORIENTED_EDGE('',*,*,#5163,.T.);
#5163 = EDGE_CURVE('',#5156,#5164,#5166,.T.);
#5164 = VERTEX_POINT('',#5165);
#5165 = CARTESIAN_POINT('',(159.092498,-71.250583,1.585));
#5166 = LINE('',#5167,#5168);
#5167 = CARTESIAN_POINT('',(159.131907,-71.177219,1.585));
#5168 = VECTOR('',#5169,1.);
#5169 = DIRECTION('',(-0.473218108712,-0.880945299997,0.));
#5170 = ORIENTED_EDGE('',*,*,#5171,.T.);
#5171 = EDGE_CURVE('',#5164,#5172,#5174,.T.);
#5172 = VERTEX_POINT('',#5173);
#5173 = CARTESIAN_POINT('',(159.050932,-71.288521,1.585));
#5174 = LINE('',#5175,#5176);
#5175 = CARTESIAN_POINT('',(159.092498,-71.250583,1.585));
#5176 = VECTOR('',#5177,1.);
#5177 = DIRECTION('',(-0.73860550854,-0.674137895948,0.));
#5178 = ORIENTED_EDGE('',*,*,#5179,.T.);
#5179 = EDGE_CURVE('',#5172,#5180,#5182,.T.);
#5180 = VERTEX_POINT('',#5181);
#5181 = CARTESIAN_POINT('',(158.974972,-71.322245,1.585));
#5182 = LINE('',#5183,#5184);
#5183 = CARTESIAN_POINT('',(159.050932,-71.288521,1.585));
#5184 = VECTOR('',#5185,1.);
#5185 = DIRECTION('',(-0.91397223826,-0.405776721473,0.));
#5186 = ORIENTED_EDGE('',*,*,#5187,.T.);
#5187 = EDGE_CURVE('',#5180,#5188,#5190,.T.);
#5188 = VERTEX_POINT('',#5189);
#5189 = CARTESIAN_POINT('',(158.81276,-71.319805,1.585));
#5190 = LINE('',#5191,#5192);
#5191 = CARTESIAN_POINT('',(158.974972,-71.322245,1.585));
#5192 = VECTOR('',#5193,1.);
#5193 = DIRECTION('',(-0.999886887654,1.504034230433E-02,0.));
#5194 = ORIENTED_EDGE('',*,*,#5195,.T.);
#5195 = EDGE_CURVE('',#5188,#5196,#5198,.T.);
#5196 = VERTEX_POINT('',#5197);
#5197 = CARTESIAN_POINT('',(158.727045,-71.291234,1.585));
#5198 = LINE('',#5199,#5200);
#5199 = CARTESIAN_POINT('',(158.81276,-71.319805,1.585));
#5200 = VECTOR('',#5201,1.);
#5201 = DIRECTION('',(-0.948685511608,0.316221125266,0.));
#5202 = ORIENTED_EDGE('',*,*,#5203,.T.);
#5203 = EDGE_CURVE('',#5196,#5204,#5206,.T.);
#5204 = VERTEX_POINT('',#5205);
#5205 = CARTESIAN_POINT('',(158.758667,-71.196366,1.585));
#5206 = CIRCLE('',#5207,4.999972076936E-02);
#5207 = AXIS2_PLACEMENT_3D('',#5208,#5209,#5210);
#5208 = CARTESIAN_POINT('',(158.74285588885,-71.24379996295,1.585));
#5209 = DIRECTION('',(0.,0.,-1.));
#5210 = DIRECTION('',(-0.316219543028,-0.948686039007,-0.));
#5211 = ORIENTED_EDGE('',*,*,#5212,.T.);
#5212 = EDGE_CURVE('',#5204,#5213,#5215,.T.);
#5213 = VERTEX_POINT('',#5214);
#5214 = CARTESIAN_POINT('',(158.836684,-71.222371,1.585));
#5215 = LINE('',#5216,#5217);
#5216 = CARTESIAN_POINT('',(158.758667,-71.196366,1.585));
#5217 = VECTOR('',#5218,1.);
#5218 = DIRECTION('',(0.94868573002,-0.316220470015,0.));
#5219 = ORIENTED_EDGE('',*,*,#5220,.T.);
#5220 = EDGE_CURVE('',#5213,#5221,#5223,.T.);
#5221 = VERTEX_POINT('',#5222);
#5222 = CARTESIAN_POINT('',(158.959624,-71.222371,1.585));
#5223 = LINE('',#5224,#5225);
#5224 = CARTESIAN_POINT('',(158.836684,-71.222371,1.585));
#5225 = VECTOR('',#5226,1.);
#5226 = DIRECTION('',(1.,0.,0.));
#5227 = ORIENTED_EDGE('',*,*,#5228,.T.);
#5228 = EDGE_CURVE('',#5221,#5229,#5231,.T.);
#5229 = VERTEX_POINT('',#5230);
#5230 = CARTESIAN_POINT('',(159.035713,-71.146282,1.585));
#5231 = CIRCLE('',#5232,0.10647947861);
#5232 = AXIS2_PLACEMENT_3D('',#5233,#5234,#5235);
#5233 = CARTESIAN_POINT('',(158.932695,-71.119353,1.585));
#5234 = DIRECTION('',(0.,0.,1.));
#5235 = DIRECTION('',(0.252903191784,-0.967491589413,0.));
#5236 = ORIENTED_EDGE('',*,*,#5237,.T.);
#5237 = EDGE_CURVE('',#5229,#5238,#5240,.T.);
#5238 = VERTEX_POINT('',#5239);
#5239 = CARTESIAN_POINT('',(159.035713,-71.112745,1.585));
#5240 = LINE('',#5241,#5242);
#5241 = CARTESIAN_POINT('',(159.035713,-71.146282,1.585));
#5242 = VECTOR('',#5243,1.);
#5243 = DIRECTION('',(0.,1.,0.));
#5244 = ORIENTED_EDGE('',*,*,#5245,.T.);
#5245 = EDGE_CURVE('',#5238,#5246,#5248,.T.);
#5246 = VERTEX_POINT('',#5247);
#5247 = CARTESIAN_POINT('',(159.016049,-71.073418,1.585));
#5248 = LINE('',#5249,#5250);
#5249 = CARTESIAN_POINT('',(159.035713,-71.112745,1.585));
#5250 = VECTOR('',#5251,1.);
#5251 = DIRECTION('',(-0.447222692765,0.89442264231,0.));
#5252 = ORIENTED_EDGE('',*,*,#5253,.T.);
#5253 = EDGE_CURVE('',#5246,#5254,#5256,.T.);
#5254 = VERTEX_POINT('',#5255);
#5255 = CARTESIAN_POINT('',(158.998952,-71.05632,1.585));
#5256 = LINE('',#5257,#5258);
#5257 = CARTESIAN_POINT('',(159.016049,-71.073418,1.585));
#5258 = VECTOR('',#5259,1.);
#5259 = DIRECTION('',(-0.707086102224,0.707127459544,0.));
#5260 = ORIENTED_EDGE('',*,*,#5261,.T.);
#5261 = EDGE_CURVE('',#5254,#5262,#5264,.T.);
#5262 = VERTEX_POINT('',#5263);
#5263 = CARTESIAN_POINT('',(158.953975,-71.033832,1.585));
#5264 = LINE('',#5265,#5266);
#5265 = CARTESIAN_POINT('',(158.998952,-71.05632,1.585));
#5266 = VECTOR('',#5267,1.);
#5267 = DIRECTION('',(-0.894431168247,0.447205640917,0.));
#5268 = ORIENTED_EDGE('',*,*,#5269,.T.);
#5269 = EDGE_CURVE('',#5262,#5270,#5272,.T.);
#5270 = VERTEX_POINT('',#5271);
#5271 = CARTESIAN_POINT('',(158.834782,-71.002807,1.585));
#5272 = LINE('',#5273,#5274);
#5273 = CARTESIAN_POINT('',(158.953975,-71.033832,1.585));
#5274 = VECTOR('',#5275,1.);
#5275 = DIRECTION('',(-0.96775361998,0.251898652269,0.));
#5276 = ORIENTED_EDGE('',*,*,#5277,.T.);
#5277 = EDGE_CURVE('',#5270,#5278,#5280,.T.);
#5278 = VERTEX_POINT('',#5279);
#5279 = CARTESIAN_POINT('',(158.764643,-70.964869,1.585));
#5280 = LINE('',#5281,#5282);
#5281 = CARTESIAN_POINT('',(158.834782,-71.002807,1.585));
#5282 = VECTOR('',#5283,1.);
#5283 = DIRECTION('',(-0.879575191587,0.475759899891,0.));
#5284 = ORIENTED_EDGE('',*,*,#5285,.T.);
#5285 = EDGE_CURVE('',#5278,#5286,#5288,.T.);
#5286 = VERTEX_POINT('',#5287);
#5287 = CARTESIAN_POINT('',(158.726707,-70.923303,1.585));
#5288 = LINE('',#5289,#5290);
#5289 = CARTESIAN_POINT('',(158.764643,-70.964869,1.585));
#5290 = VECTOR('',#5291,1.);
#5291 = DIRECTION('',(-0.674118507414,0.738623204322,0.));
#5292 = ORIENTED_EDGE('',*,*,#5293,.T.);
#5293 = EDGE_CURVE('',#5286,#5294,#5296,.T.);
#5294 = VERTEX_POINT('',#5295);
#5295 = CARTESIAN_POINT('',(158.692982,-70.847345,1.585));
#5296 = LINE('',#5297,#5298);
#5297 = CARTESIAN_POINT('',(158.726707,-70.923303,1.585));
#5298 = VECTOR('',#5299,1.);
#5299 = DIRECTION('',(-0.405795697615,0.913963813177,0.));
#5300 = ORIENTED_EDGE('',*,*,#5301,.T.);
#5301 = EDGE_CURVE('',#5294,#5302,#5304,.T.);
#5302 = VERTEX_POINT('',#5303);
#5303 = CARTESIAN_POINT('',(158.696662,-70.767523,1.585));
#5304 = LINE('',#5305,#5306);
#5305 = CARTESIAN_POINT('',(158.692982,-70.847345,1.585));
#5306 = VECTOR('',#5307,1.);
#5307 = DIRECTION('',(4.605366188976E-02,0.998938967218,0.));
#5308 = ORIENTED_EDGE('',*,*,#5309,.T.);
#5309 = EDGE_CURVE('',#5302,#5024,#5310,.T.);
#5310 = LINE('',#5311,#5312);
#5311 = CARTESIAN_POINT('',(158.696662,-70.767523,1.585));
#5312 = VECTOR('',#5313,1.);
#5313 = DIRECTION('',(0.473227427515,0.880940294144,0.));
#5314 = PLANE('',#5315);
#5315 = AXIS2_PLACEMENT_3D('',#5316,#5317,#5318);
#5316 = CARTESIAN_POINT('',(0.,0.,1.585));
#5317 = DIRECTION('',(0.,0.,1.));
#5318 = DIRECTION('',(1.,0.,-0.));
#5319 = SHELL_BASED_SURFACE_MODEL('',(#5320));
#5320 = OPEN_SHELL('',(#5321));
#5321 = ADVANCED_FACE('',(#5322),#5529,.T.);
#5322 = FACE_BOUND('',#5323,.F.);
#5323 = EDGE_LOOP('',(#5324,#5335,#5343,#5351,#5359,#5367,#5375,#5383,
    #5392,#5400,#5408,#5416,#5424,#5432,#5441,#5449,#5458,#5466,#5475,
    #5483,#5491,#5499,#5507,#5515,#5523));
#5324 = ORIENTED_EDGE('',*,*,#5325,.T.);
#5325 = EDGE_CURVE('',#5326,#5328,#5330,.T.);
#5326 = VERTEX_POINT('',#5327);
#5327 = CARTESIAN_POINT('',(159.885714,-70.722371,1.585));
#5328 = VERTEX_POINT('',#5329);
#5329 = CARTESIAN_POINT('',(159.885714,-70.622371,1.585));
#5330 = CIRCLE('',#5331,5.000000000002E-02);
#5331 = AXIS2_PLACEMENT_3D('',#5332,#5333,#5334);
#5332 = CARTESIAN_POINT('',(159.88571404771,-70.672371,1.585));
#5333 = DIRECTION('',(0.,0.,-1.));
#5334 = DIRECTION('',(-9.542361567579E-07,-1.,-0.));
#5335 = ORIENTED_EDGE('',*,*,#5336,.T.);
#5336 = EDGE_CURVE('',#5328,#5337,#5339,.T.);
#5337 = VERTEX_POINT('',#5338);
#5338 = CARTESIAN_POINT('',(160.271088,-70.625145,1.585));
#5339 = LINE('',#5340,#5341);
#5340 = CARTESIAN_POINT('',(159.885714,-70.622371,1.585));
#5341 = VECTOR('',#5342,1.);
#5342 = DIRECTION('',(0.999974093949,-7.198015788861E-03,0.));
#5343 = ORIENTED_EDGE('',*,*,#5344,.T.);
#5344 = EDGE_CURVE('',#5337,#5345,#5347,.T.);
#5345 = VERTEX_POINT('',#5346);
#5346 = CARTESIAN_POINT('',(160.303336,-70.653237,1.585));
#5347 = LINE('',#5348,#5349);
#5348 = CARTESIAN_POINT('',(160.271088,-70.625145,1.585));
#5349 = VECTOR('',#5350,1.);
#5350 = DIRECTION('',(0.754023317735,-0.656847650763,0.));
#5351 = ORIENTED_EDGE('',*,*,#5352,.T.);
#5352 = EDGE_CURVE('',#5345,#5353,#5355,.T.);
#5353 = VERTEX_POINT('',#5354);
#5354 = CARTESIAN_POINT('',(160.301865,-70.692975,1.585));
#5355 = LINE('',#5356,#5357);
#5356 = CARTESIAN_POINT('',(160.303336,-70.653237,1.585));
#5357 = VECTOR('',#5358,1.);
#5358 = DIRECTION('',(-3.699212804763E-02,-0.999315557,0.));
#5359 = ORIENTED_EDGE('',*,*,#5360,.T.);
#5360 = EDGE_CURVE('',#5353,#5361,#5363,.T.);
#5361 = VERTEX_POINT('',#5362);
#5362 = CARTESIAN_POINT('',(160.165218,-70.856221,1.585));
#5363 = LINE('',#5364,#5365);
#5364 = CARTESIAN_POINT('',(160.301865,-70.692975,1.585));
#5365 = VECTOR('',#5366,1.);
#5366 = DIRECTION('',(-0.641870182581,-0.766813320641,0.));
#5367 = ORIENTED_EDGE('',*,*,#5368,.T.);
#5368 = EDGE_CURVE('',#5361,#5369,#5371,.T.);
#5369 = VERTEX_POINT('',#5370);
#5370 = CARTESIAN_POINT('',(160.235355,-70.894159,1.585));
#5371 = LINE('',#5372,#5373);
#5372 = CARTESIAN_POINT('',(160.165218,-70.856221,1.585));
#5373 = VECTOR('',#5374,1.);
#5374 = DIRECTION('',(0.879569514397,-0.475770395614,0.));
#5375 = ORIENTED_EDGE('',*,*,#5376,.T.);
#5376 = EDGE_CURVE('',#5369,#5377,#5379,.T.);
#5377 = VERTEX_POINT('',#5378);
#5378 = CARTESIAN_POINT('',(160.273293,-70.935725,1.585));
#5379 = LINE('',#5380,#5381);
#5380 = CARTESIAN_POINT('',(160.235355,-70.894159,1.585));
#5381 = VECTOR('',#5382,1.);
#5382 = DIRECTION('',(0.674137895949,-0.73860550854,0.));
#5383 = ORIENTED_EDGE('',*,*,#5384,.T.);
#5384 = EDGE_CURVE('',#5377,#5385,#5387,.T.);
#5385 = VERTEX_POINT('',#5386);
#5386 = CARTESIAN_POINT('',(160.263927,-71.250583,1.585));
#5387 = CIRCLE('',#5388,0.280466747987);
#5388 = AXIS2_PLACEMENT_3D('',#5389,#5390,#5391);
#5389 = CARTESIAN_POINT('',(160.03664413389,-71.086253771,1.585));
#5390 = DIRECTION('',(0.,0.,-1.));
#5391 = DIRECTION('',(0.84376799674,0.536708084229,0.));
#5392 = ORIENTED_EDGE('',*,*,#5393,.T.);
#5393 = EDGE_CURVE('',#5385,#5394,#5396,.T.);
#5394 = VERTEX_POINT('',#5395);
#5395 = CARTESIAN_POINT('',(160.222361,-71.288521,1.585));
#5396 = LINE('',#5397,#5398);
#5397 = CARTESIAN_POINT('',(160.263927,-71.250583,1.585));
#5398 = VECTOR('',#5399,1.);
#5399 = DIRECTION('',(-0.73860550854,-0.674137895949,0.));
#5400 = ORIENTED_EDGE('',*,*,#5401,.T.);
#5401 = EDGE_CURVE('',#5394,#5402,#5404,.T.);
#5402 = VERTEX_POINT('',#5403);
#5403 = CARTESIAN_POINT('',(160.146401,-71.322245,1.585));
#5404 = LINE('',#5405,#5406);
#5405 = CARTESIAN_POINT('',(160.222361,-71.288521,1.585));
#5406 = VECTOR('',#5407,1.);
#5407 = DIRECTION('',(-0.91397223826,-0.405776721473,0.));
#5408 = ORIENTED_EDGE('',*,*,#5409,.T.);
#5409 = EDGE_CURVE('',#5402,#5410,#5412,.T.);
#5410 = VERTEX_POINT('',#5411);
#5411 = CARTESIAN_POINT('',(159.960154,-71.320128,1.585));
#5412 = LINE('',#5413,#5414);
#5413 = CARTESIAN_POINT('',(160.146401,-71.322245,1.585));
#5414 = VECTOR('',#5415,1.);
#5415 = DIRECTION('',(-0.999935406165,1.136589182564E-02,0.));
#5416 = ORIENTED_EDGE('',*,*,#5417,.T.);
#5417 = EDGE_CURVE('',#5410,#5418,#5420,.T.);
#5418 = VERTEX_POINT('',#5419);
#5419 = CARTESIAN_POINT('',(159.878929,-71.279155,1.585));
#5420 = LINE('',#5421,#5422);
#5421 = CARTESIAN_POINT('',(159.960154,-71.320128,1.585));
#5422 = VECTOR('',#5423,1.);
#5423 = DIRECTION('',(-0.892836506533,0.450380919448,0.));
#5424 = ORIENTED_EDGE('',*,*,#5425,.T.);
#5425 = EDGE_CURVE('',#5418,#5426,#5428,.T.);
#5426 = VERTEX_POINT('',#5427);
#5427 = CARTESIAN_POINT('',(159.83952,-71.234362,1.585));
#5428 = LINE('',#5429,#5430);
#5429 = CARTESIAN_POINT('',(159.878929,-71.279155,1.585));
#5430 = VECTOR('',#5431,1.);
#5431 = DIRECTION('',(-0.660544386796,0.750786995807,0.));
#5432 = ORIENTED_EDGE('',*,*,#5433,.T.);
#5433 = EDGE_CURVE('',#5426,#5434,#5436,.T.);
#5434 = VERTEX_POINT('',#5435);
#5435 = CARTESIAN_POINT('',(159.904849,-71.169034,1.585));
#5436 = CIRCLE('',#5437,4.99999559293E-02);
#5437 = AXIS2_PLACEMENT_3D('',#5438,#5439,#5440);
#5438 = CARTESIAN_POINT('',(159.8857137929,-71.2152275,1.585));
#5439 = DIRECTION('',(0.,0.,-1.));
#5440 = DIRECTION('',(-0.92387667236,-0.382690337309,-0.));
#5441 = ORIENTED_EDGE('',*,*,#5442,.T.);
#5442 = EDGE_CURVE('',#5434,#5443,#5445,.T.);
#5443 = VERTEX_POINT('',#5444);
#5444 = CARTESIAN_POINT('',(159.943903,-71.202707,1.585));
#5445 = LINE('',#5446,#5447);
#5446 = CARTESIAN_POINT('',(159.904849,-71.169034,1.585));
#5447 = VECTOR('',#5448,1.);
#5448 = DIRECTION('',(0.757354731271,-0.653003683774,0.));
#5449 = ORIENTED_EDGE('',*,*,#5450,.T.);
#5450 = EDGE_CURVE('',#5443,#5451,#5453,.T.);
#5451 = VERTEX_POINT('',#5452);
#5452 = CARTESIAN_POINT('',(160.170381,-71.202707,1.585));
#5453 = CIRCLE('',#5454,0.210391882555);
#5454 = AXIS2_PLACEMENT_3D('',#5455,#5456,#5457);
#5455 = CARTESIAN_POINT('',(160.057142,-71.025389,1.585));
#5456 = DIRECTION('',(0.,0.,1.));
#5457 = DIRECTION('',(-0.538228940323,-0.842798675722,0.));
#5458 = ORIENTED_EDGE('',*,*,#5459,.T.);
#5459 = EDGE_CURVE('',#5451,#5460,#5462,.T.);
#5460 = VERTEX_POINT('',#5461);
#5461 = CARTESIAN_POINT('',(160.187477,-71.18561,1.585));
#5462 = LINE('',#5463,#5464);
#5463 = CARTESIAN_POINT('',(160.170381,-71.202707,1.585));
#5464 = VECTOR('',#5465,1.);
#5465 = DIRECTION('',(0.707086101015,0.707127460754,0.));
#5466 = ORIENTED_EDGE('',*,*,#5467,.T.);
#5467 = EDGE_CURVE('',#5460,#5468,#5470,.T.);
#5468 = VERTEX_POINT('',#5469);
#5469 = CARTESIAN_POINT('',(160.187477,-70.987702,1.585));
#5470 = CIRCLE('',#5471,0.178648576585);
#5471 = AXIS2_PLACEMENT_3D('',#5472,#5473,#5474);
#5472 = CARTESIAN_POINT('',(160.03873756407,-71.086656,1.585));
#5473 = DIRECTION('',(0.,-0.,1.));
#5474 = DIRECTION('',(0.832581142095,-0.553903097868,-0.));
#5475 = ORIENTED_EDGE('',*,*,#5476,.T.);
#5476 = EDGE_CURVE('',#5468,#5477,#5479,.T.);
#5477 = VERTEX_POINT('',#5478);
#5478 = CARTESIAN_POINT('',(160.170382,-70.970606,1.585));
#5479 = LINE('',#5480,#5481);
#5480 = CARTESIAN_POINT('',(160.187477,-70.987702,1.585));
#5481 = VECTOR('',#5482,1.);
#5482 = DIRECTION('',(-0.707086099805,0.707127461963,0.));
#5483 = ORIENTED_EDGE('',*,*,#5484,.T.);
#5484 = EDGE_CURVE('',#5477,#5485,#5487,.T.);
#5485 = VERTEX_POINT('',#5486);
#5486 = CARTESIAN_POINT('',(160.131054,-70.950942,1.585));
#5487 = LINE('',#5488,#5489);
#5488 = CARTESIAN_POINT('',(160.170382,-70.970606,1.585));
#5489 = VECTOR('',#5490,1.);
#5490 = DIRECTION('',(-0.894427191,0.4472135955,0.));
#5491 = ORIENTED_EDGE('',*,*,#5492,.T.);
#5492 = EDGE_CURVE('',#5485,#5493,#5495,.T.);
#5493 = VERTEX_POINT('',#5494);
#5494 = CARTESIAN_POINT('',(160.040308,-70.947593,1.585));
#5495 = LINE('',#5496,#5497);
#5496 = CARTESIAN_POINT('',(160.131054,-70.950942,1.585));
#5497 = VECTOR('',#5498,1.);
#5498 = DIRECTION('',(-0.99931969766,3.688010124375E-02,0.));
#5499 = ORIENTED_EDGE('',*,*,#5500,.T.);
#5500 = EDGE_CURVE('',#5493,#5501,#5503,.T.);
#5501 = VERTEX_POINT('',#5502);
#5502 = CARTESIAN_POINT('',(160.010948,-70.920076,1.585));
#5503 = LINE('',#5504,#5505);
#5504 = CARTESIAN_POINT('',(160.040308,-70.947593,1.585));
#5505 = VECTOR('',#5506,1.);
#5506 = DIRECTION('',(-0.729636395306,0.683835309592,0.));
#5507 = ORIENTED_EDGE('',*,*,#5508,.T.);
#5508 = EDGE_CURVE('',#5501,#5509,#5511,.T.);
#5509 = VERTEX_POINT('',#5510);
#5510 = CARTESIAN_POINT('',(160.012418,-70.880337,1.585));
#5511 = LINE('',#5512,#5513);
#5512 = CARTESIAN_POINT('',(160.010948,-70.920076,1.585));
#5513 = VECTOR('',#5514,1.);
#5514 = DIRECTION('',(3.696608584459E-02,0.999316520677,0.));
#5515 = ORIENTED_EDGE('',*,*,#5516,.T.);
#5516 = EDGE_CURVE('',#5509,#5517,#5519,.T.);
#5517 = VERTEX_POINT('',#5518);
#5518 = CARTESIAN_POINT('',(160.146953,-70.722371,1.585));
#5519 = LINE('',#5520,#5521);
#5520 = CARTESIAN_POINT('',(160.012418,-70.880337,1.585));
#5521 = VECTOR('',#5522,1.);
#5522 = DIRECTION('',(0.648386494138,0.761311338559,0.));
#5523 = ORIENTED_EDGE('',*,*,#5524,.T.);
#5524 = EDGE_CURVE('',#5517,#5326,#5525,.T.);
#5525 = LINE('',#5526,#5527);
#5526 = CARTESIAN_POINT('',(160.146953,-70.722371,1.585));
#5527 = VECTOR('',#5528,1.);
#5528 = DIRECTION('',(-1.,0.,0.));
#5529 = PLANE('',#5530);
#5530 = AXIS2_PLACEMENT_3D('',#5531,#5532,#5533);
#5531 = CARTESIAN_POINT('',(0.,0.,1.585));
#5532 = DIRECTION('',(0.,0.,1.));
#5533 = DIRECTION('',(1.,0.,-0.));
#5534 = SHELL_BASED_SURFACE_MODEL('',(#5535));
#5535 = OPEN_SHELL('',(#5536));
#5536 = ADVANCED_FACE('',(#5537,#5638),#5690,.T.);
#5537 = FACE_BOUND('',#5538,.F.);
#5538 = EDGE_LOOP('',(#5539,#5550,#5558,#5567,#5575,#5583,#5591,#5599,
    #5607,#5615,#5623,#5632));
#5539 = ORIENTED_EDGE('',*,*,#5540,.T.);
#5540 = EDGE_CURVE('',#5541,#5543,#5545,.T.);
#5541 = VERTEX_POINT('',#5542);
#5542 = CARTESIAN_POINT('',(159.292857,-70.672371,1.585));
#5543 = VERTEX_POINT('',#5544);
#5544 = CARTESIAN_POINT('',(159.342857,-70.622371,1.585));
#5545 = CIRCLE('',#5546,5.000014378934E-02);
#5546 = AXIS2_PLACEMENT_3D('',#5547,#5548,#5549);
#5547 = CARTESIAN_POINT('',(159.34285714378,-70.67237114378,1.585));
#5548 = DIRECTION('',(0.,0.,-1.));
#5549 = DIRECTION('',(-0.999999999996,2.875774470716E-06,0.));
#5550 = ORIENTED_EDGE('',*,*,#5551,.T.);
#5551 = EDGE_CURVE('',#5543,#5552,#5554,.T.);
#5552 = VERTEX_POINT('',#5553);
#5553 = CARTESIAN_POINT('',(159.573884,-70.622859,1.585));
#5554 = LINE('',#5555,#5556);
#5555 = CARTESIAN_POINT('',(159.342857,-70.622371,1.585));
#5556 = VECTOR('',#5557,1.);
#5557 = DIRECTION('',(0.999997769087,-2.112302507147E-03,0.));
#5558 = ORIENTED_EDGE('',*,*,#5559,.T.);
#5559 = EDGE_CURVE('',#5552,#5560,#5562,.T.);
#5560 = VERTEX_POINT('',#5561);
#5561 = CARTESIAN_POINT('',(159.701863,-70.707153,1.585));
#5562 = CIRCLE('',#5563,0.197659186075);
#5563 = AXIS2_PLACEMENT_3D('',#5564,#5565,#5566);
#5564 = CARTESIAN_POINT('',(159.53765071331,-70.81716881132,1.585));
#5565 = DIRECTION('',(0.,0.,-1.));
#5566 = DIRECTION('',(0.183311929018,0.983054798411,0.));
#5567 = ORIENTED_EDGE('',*,*,#5568,.T.);
#5568 = EDGE_CURVE('',#5560,#5569,#5571,.T.);
#5569 = VERTEX_POINT('',#5570);
#5570 = CARTESIAN_POINT('',(159.735588,-70.783112,1.585));
#5571 = LINE('',#5572,#5573);
#5572 = CARTESIAN_POINT('',(159.701863,-70.707153,1.585));
#5573 = VECTOR('',#5574,1.);
#5574 = DIRECTION('',(0.405791235018,-0.913965794536,0.));
#5575 = ORIENTED_EDGE('',*,*,#5576,.T.);
#5576 = EDGE_CURVE('',#5569,#5577,#5579,.T.);
#5577 = VERTEX_POINT('',#5578);
#5578 = CARTESIAN_POINT('',(159.733471,-70.883643,1.585));
#5579 = LINE('',#5580,#5581);
#5580 = CARTESIAN_POINT('',(159.735588,-70.783112,1.585));
#5581 = VECTOR('',#5582,1.);
#5582 = DIRECTION('',(-2.105351351736E-02,-0.99977835022,0.));
#5583 = ORIENTED_EDGE('',*,*,#5584,.T.);
#5584 = EDGE_CURVE('',#5577,#5585,#5587,.T.);
#5585 = VERTEX_POINT('',#5586);
#5586 = CARTESIAN_POINT('',(159.692497,-70.96487,1.585));
#5587 = LINE('',#5588,#5589);
#5588 = CARTESIAN_POINT('',(159.733471,-70.883643,1.585));
#5589 = VECTOR('',#5590,1.);
#5590 = DIRECTION('',(-0.450380841669,-0.892836545767,0.));
#5591 = ORIENTED_EDGE('',*,*,#5592,.T.);
#5592 = EDGE_CURVE('',#5585,#5593,#5595,.T.);
#5593 = VERTEX_POINT('',#5594);
#5594 = CARTESIAN_POINT('',(159.650932,-71.002806,1.585));
#5595 = LINE('',#5596,#5597);
#5596 = CARTESIAN_POINT('',(159.692497,-70.96487,1.585));
#5597 = VECTOR('',#5598,1.);
#5598 = DIRECTION('',(-0.73861512889,-0.674127355457,0.));
#5599 = ORIENTED_EDGE('',*,*,#5600,.T.);
#5600 = EDGE_CURVE('',#5593,#5601,#5603,.T.);
#5601 = VERTEX_POINT('',#5602);
#5602 = CARTESIAN_POINT('',(159.574973,-71.036531,1.585));
#5603 = LINE('',#5604,#5605);
#5604 = CARTESIAN_POINT('',(159.650932,-71.002806,1.585));
#5605 = VECTOR('',#5606,1.);
#5606 = DIRECTION('',(-0.913965794536,-0.405791235018,0.));
#5607 = ORIENTED_EDGE('',*,*,#5608,.T.);
#5608 = EDGE_CURVE('',#5601,#5609,#5611,.T.);
#5609 = VERTEX_POINT('',#5610);
#5610 = CARTESIAN_POINT('',(159.392857,-71.036657,1.585));
#5611 = LINE('',#5612,#5613);
#5612 = CARTESIAN_POINT('',(159.574973,-71.036531,1.585));
#5613 = VECTOR('',#5614,1.);
#5614 = DIRECTION('',(-0.99999976066,-6.918665567656E-04,0.));
#5615 = ORIENTED_EDGE('',*,*,#5616,.T.);
#5616 = EDGE_CURVE('',#5609,#5617,#5619,.T.);
#5617 = VERTEX_POINT('',#5618);
#5618 = CARTESIAN_POINT('',(159.392857,-71.272371,1.585));
#5619 = LINE('',#5620,#5621);
#5620 = CARTESIAN_POINT('',(159.392857,-71.036657,1.585));
#5621 = VECTOR('',#5622,1.);
#5622 = DIRECTION('',(0.,-1.,0.));
#5623 = ORIENTED_EDGE('',*,*,#5624,.T.);
#5624 = EDGE_CURVE('',#5617,#5625,#5627,.T.);
#5625 = VERTEX_POINT('',#5626);
#5626 = CARTESIAN_POINT('',(159.292857,-71.272371,1.585));
#5627 = CIRCLE('',#5628,5.000000000002E-02);
#5628 = AXIS2_PLACEMENT_3D('',#5629,#5630,#5631);
#5629 = CARTESIAN_POINT('',(159.342857,-71.27237095228,1.585));
#5630 = DIRECTION('',(-0.,0.,-1.));
#5631 = DIRECTION('',(1.,-9.542364409753E-07,-0.));
#5632 = ORIENTED_EDGE('',*,*,#5633,.T.);
#5633 = EDGE_CURVE('',#5625,#5541,#5634,.T.);
#5634 = LINE('',#5635,#5636);
#5635 = CARTESIAN_POINT('',(159.292857,-71.272371,1.585));
#5636 = VECTOR('',#5637,1.);
#5637 = DIRECTION('',(0.,1.,0.));
#5638 = FACE_BOUND('',#5639,.F.);
#5639 = EDGE_LOOP('',(#5640,#5651,#5659,#5667,#5675,#5684));
#5640 = ORIENTED_EDGE('',*,*,#5641,.T.);
#5641 = EDGE_CURVE('',#5642,#5644,#5646,.T.);
#5642 = VERTEX_POINT('',#5643);
#5643 = CARTESIAN_POINT('',(159.635714,-70.79846,1.585));
#5644 = VERTEX_POINT('',#5645);
#5645 = CARTESIAN_POINT('',(159.559624,-70.722371,1.585));
#5646 = CIRCLE('',#5647,0.106483877573);
#5647 = AXIS2_PLACEMENT_3D('',#5648,#5649,#5650);
#5648 = CARTESIAN_POINT('',(159.53269246884,-70.82539288511,1.585));
#5649 = DIRECTION('',(0.,0.,1.));
#5650 = DIRECTION('',(0.967484782744,0.252929229546,-0.));
#5651 = ORIENTED_EDGE('',*,*,#5652,.T.);
#5652 = EDGE_CURVE('',#5644,#5653,#5655,.T.);
#5653 = VERTEX_POINT('',#5654);
#5654 = CARTESIAN_POINT('',(159.392857,-70.722371,1.585));
#5655 = LINE('',#5656,#5657);
#5656 = CARTESIAN_POINT('',(159.559624,-70.722371,1.585));
#5657 = VECTOR('',#5658,1.);
#5658 = DIRECTION('',(-1.,0.,0.));
#5659 = ORIENTED_EDGE('',*,*,#5660,.T.);
#5660 = EDGE_CURVE('',#5653,#5661,#5663,.T.);
#5661 = VERTEX_POINT('',#5662);
#5662 = CARTESIAN_POINT('',(159.392857,-70.936657,1.585));
#5663 = LINE('',#5664,#5665);
#5664 = CARTESIAN_POINT('',(159.392857,-70.722371,1.585));
#5665 = VECTOR('',#5666,1.);
#5666 = DIRECTION('',(0.,-1.,0.));
#5667 = ORIENTED_EDGE('',*,*,#5668,.T.);
#5668 = EDGE_CURVE('',#5661,#5669,#5671,.T.);
#5669 = VERTEX_POINT('',#5670);
#5670 = CARTESIAN_POINT('',(159.559625,-70.936657,1.585));
#5671 = LINE('',#5672,#5673);
#5672 = CARTESIAN_POINT('',(159.392857,-70.936657,1.585));
#5673 = VECTOR('',#5674,1.);
#5674 = DIRECTION('',(1.,0.,0.));
#5675 = ORIENTED_EDGE('',*,*,#5676,.T.);
#5676 = EDGE_CURVE('',#5669,#5677,#5679,.T.);
#5677 = VERTEX_POINT('',#5678);
#5678 = CARTESIAN_POINT('',(159.635714,-70.860567,1.585));
#5679 = CIRCLE('',#5680,0.106483877573);
#5680 = AXIS2_PLACEMENT_3D('',#5681,#5682,#5683);
#5681 = CARTESIAN_POINT('',(159.53269211488,-70.83363546884,1.585));
#5682 = DIRECTION('',(0.,0.,1.));
#5683 = DIRECTION('',(0.252929229546,-0.967484782744,0.));
#5684 = ORIENTED_EDGE('',*,*,#5685,.T.);
#5685 = EDGE_CURVE('',#5677,#5642,#5686,.T.);
#5686 = LINE('',#5687,#5688);
#5687 = CARTESIAN_POINT('',(159.635714,-70.860567,1.585));
#5688 = VECTOR('',#5689,1.);
#5689 = DIRECTION('',(0.,1.,0.));
#5690 = PLANE('',#5691);
#5691 = AXIS2_PLACEMENT_3D('',#5692,#5693,#5694);
#5692 = CARTESIAN_POINT('',(0.,0.,1.585));
#5693 = DIRECTION('',(0.,0.,1.));
#5694 = DIRECTION('',(1.,0.,-0.));
#5695 = SHELL_BASED_SURFACE_MODEL('',(#5696));
#5696 = OPEN_SHELL('',(#5697));
#5697 = ADVANCED_FACE('',(#5698),#5832,.T.);
#5698 = FACE_BOUND('',#5699,.F.);
#5699 = EDGE_LOOP('',(#5700,#5710,#5718,#5727,#5735,#5743,#5752,#5760,
    #5769,#5777,#5785,#5793,#5801,#5810,#5818,#5826));
#5700 = ORIENTED_EDGE('',*,*,#5701,.T.);
#5701 = EDGE_CURVE('',#5702,#5704,#5706,.T.);
#5702 = VERTEX_POINT('',#5703);
#5703 = CARTESIAN_POINT('',(155.327864,-70.151841,1.585));
#5704 = VERTEX_POINT('',#5705);
#5705 = CARTESIAN_POINT('',(155.36632,-70.13126,1.585));
#5706 = LINE('',#5707,#5708);
#5707 = CARTESIAN_POINT('',(155.327864,-70.151841,1.585));
#5708 = VECTOR('',#5709,1.);
#5709 = DIRECTION('',(0.881674852639,0.471857451169,0.));
#5710 = ORIENTED_EDGE('',*,*,#5711,.T.);
#5711 = EDGE_CURVE('',#5704,#5712,#5714,.T.);
#5712 = VERTEX_POINT('',#5713);
#5713 = CARTESIAN_POINT('',(155.388157,-70.13126,1.585));
#5714 = LINE('',#5715,#5716);
#5715 = CARTESIAN_POINT('',(155.36632,-70.13126,1.585));
#5716 = VECTOR('',#5717,1.);
#5717 = DIRECTION('',(1.,0.,0.));
#5718 = ORIENTED_EDGE('',*,*,#5719,.T.);
#5719 = EDGE_CURVE('',#5712,#5720,#5722,.T.);
#5720 = VERTEX_POINT('',#5721);
#5721 = CARTESIAN_POINT('',(155.455952,-70.204819,1.585));
#5722 = CIRCLE('',#5723,7.216898094227E-02);
#5723 = AXIS2_PLACEMENT_3D('',#5724,#5725,#5726);
#5724 = CARTESIAN_POINT('',(155.38379906389,-70.20329728342,1.585));
#5725 = DIRECTION('',(0.,0.,-1.));
#5726 = DIRECTION('',(6.038516895265E-02,0.998175150648,0.));
#5727 = ORIENTED_EDGE('',*,*,#5728,.T.);
#5728 = EDGE_CURVE('',#5720,#5729,#5731,.T.);
#5729 = VERTEX_POINT('',#5730);
#5730 = CARTESIAN_POINT('',(155.455952,-71.129819,1.585));
#5731 = LINE('',#5732,#5733);
#5732 = CARTESIAN_POINT('',(155.455952,-70.204819,1.585));
#5733 = VECTOR('',#5734,1.);
#5734 = DIRECTION('',(0.,-1.,0.));
#5735 = ORIENTED_EDGE('',*,*,#5736,.T.);
#5736 = EDGE_CURVE('',#5729,#5737,#5739,.T.);
#5737 = VERTEX_POINT('',#5738);
#5738 = CARTESIAN_POINT('',(155.681298,-71.13126,1.585));
#5739 = LINE('',#5740,#5741);
#5740 = CARTESIAN_POINT('',(155.455952,-71.129819,1.585));
#5741 = VECTOR('',#5742,1.);
#5742 = DIRECTION('',(0.999979555102,-6.394480216655E-03,0.));
#5743 = ORIENTED_EDGE('',*,*,#5744,.T.);
#5744 = EDGE_CURVE('',#5737,#5745,#5747,.T.);
#5745 = VERTEX_POINT('',#5746);
#5746 = CARTESIAN_POINT('',(155.666666,-71.279819,1.585));
#5747 = CIRCLE('',#5748,7.500006711465E-02);
#5748 = AXIS2_PLACEMENT_3D('',#5749,#5750,#5751);
#5749 = CARTESIAN_POINT('',(155.66666606711,-71.20481893288,1.585));
#5750 = DIRECTION('',(0.,0.,-1.));
#5751 = DIRECTION('',(0.195092263891,0.980784894138,0.));
#5752 = ORIENTED_EDGE('',*,*,#5753,.T.);
#5753 = EDGE_CURVE('',#5745,#5754,#5756,.T.);
#5754 = VERTEX_POINT('',#5755);
#5755 = CARTESIAN_POINT('',(155.080606,-71.278378,1.585));
#5756 = LINE('',#5757,#5758);
#5757 = CARTESIAN_POINT('',(155.666666,-71.279819,1.585));
#5758 = VECTOR('',#5759,1.);
#5759 = DIRECTION('',(-0.999996977183,2.45878518261E-03,0.));
#5760 = ORIENTED_EDGE('',*,*,#5761,.T.);
#5761 = EDGE_CURVE('',#5754,#5762,#5764,.T.);
#5762 = VERTEX_POINT('',#5763);
#5763 = CARTESIAN_POINT('',(155.095238,-71.129819,1.585));
#5764 = CIRCLE('',#5765,7.500006711464E-02);
#5765 = AXIS2_PLACEMENT_3D('',#5766,#5767,#5768);
#5766 = CARTESIAN_POINT('',(155.09523793288,-71.20481906711,1.585));
#5767 = DIRECTION('',(0.,0.,-1.));
#5768 = DIRECTION('',(-0.195092263891,-0.980784894138,-0.));
#5769 = ORIENTED_EDGE('',*,*,#5770,.T.);
#5770 = EDGE_CURVE('',#5762,#5771,#5773,.T.);
#5771 = VERTEX_POINT('',#5772);
#5772 = CARTESIAN_POINT('',(155.305952,-71.129819,1.585));
#5773 = LINE('',#5774,#5775);
#5774 = CARTESIAN_POINT('',(155.095238,-71.129819,1.585));
#5775 = VECTOR('',#5776,1.);
#5776 = DIRECTION('',(1.,0.,0.));
#5777 = ORIENTED_EDGE('',*,*,#5778,.T.);
#5778 = EDGE_CURVE('',#5771,#5779,#5781,.T.);
#5779 = VERTEX_POINT('',#5780);
#5780 = CARTESIAN_POINT('',(155.305952,-70.433504,1.585));
#5781 = LINE('',#5782,#5783);
#5782 = CARTESIAN_POINT('',(155.305952,-71.129819,1.585));
#5783 = VECTOR('',#5784,1.);
#5784 = DIRECTION('',(0.,1.,0.));
#5785 = ORIENTED_EDGE('',*,*,#5786,.T.);
#5786 = EDGE_CURVE('',#5779,#5787,#5789,.T.);
#5787 = VERTEX_POINT('',#5788);
#5788 = CARTESIAN_POINT('',(155.230316,-70.506031,1.585));
#5789 = LINE('',#5790,#5791);
#5790 = CARTESIAN_POINT('',(155.305952,-70.433504,1.585));
#5791 = VECTOR('',#5792,1.);
#5792 = DIRECTION('',(-0.721785571396,-0.692116745156,0.));
#5793 = ORIENTED_EDGE('',*,*,#5794,.T.);
#5794 = EDGE_CURVE('',#5787,#5795,#5797,.T.);
#5795 = VERTEX_POINT('',#5796);
#5796 = CARTESIAN_POINT('',(155.115047,-70.56287,1.585));
#5797 = LINE('',#5798,#5799);
#5798 = CARTESIAN_POINT('',(155.230316,-70.506031,1.585));
#5799 = VECTOR('',#5800,1.);
#5800 = DIRECTION('',(-0.896889346494,-0.442255017094,0.));
#5801 = ORIENTED_EDGE('',*,*,#5802,.T.);
#5802 = EDGE_CURVE('',#5795,#5803,#5805,.T.);
#5803 = VERTEX_POINT('',#5804);
#5804 = CARTESIAN_POINT('',(155.061697,-70.423451,1.585));
#5805 = CIRCLE('',#5806,7.500005272361E-02);
#5806 = AXIS2_PLACEMENT_3D('',#5807,#5808,#5809);
#5807 = CARTESIAN_POINT('',(155.09523755676,-70.49053332972,1.585));
#5808 = DIRECTION('',(0.,0.,-1.));
#5809 = DIRECTION('',(0.264125724196,-0.964488259036,0.));
#5810 = ORIENTED_EDGE('',*,*,#5811,.T.);
#5811 = EDGE_CURVE('',#5803,#5812,#5814,.T.);
#5812 = VERTEX_POINT('',#5813);
#5813 = CARTESIAN_POINT('',(155.146049,-70.381275,1.585));
#5814 = LINE('',#5815,#5816);
#5815 = CARTESIAN_POINT('',(155.061697,-70.423451,1.585));
#5816 = VECTOR('',#5817,1.);
#5817 = DIRECTION('',(0.894427191,0.4472135955,0.));
#5818 = ORIENTED_EDGE('',*,*,#5819,.T.);
#5819 = EDGE_CURVE('',#5812,#5820,#5822,.T.);
#5820 = VERTEX_POINT('',#5821);
#5821 = CARTESIAN_POINT('',(155.227428,-70.299896,1.585));
#5822 = LINE('',#5823,#5824);
#5823 = CARTESIAN_POINT('',(155.146049,-70.381275,1.585));
#5824 = VECTOR('',#5825,1.);
#5825 = DIRECTION('',(0.707106781187,0.707106781187,0.));
#5826 = ORIENTED_EDGE('',*,*,#5827,.T.);
#5827 = EDGE_CURVE('',#5820,#5702,#5828,.T.);
#5828 = LINE('',#5829,#5830);
#5829 = CARTESIAN_POINT('',(155.227428,-70.299896,1.585));
#5830 = VECTOR('',#5831,1.);
#5831 = DIRECTION('',(0.561387006404,0.82755339951,0.));
#5832 = PLANE('',#5833);
#5833 = AXIS2_PLACEMENT_3D('',#5834,#5835,#5836);
#5834 = CARTESIAN_POINT('',(0.,0.,1.585));
#5835 = DIRECTION('',(0.,0.,1.));
#5836 = DIRECTION('',(1.,0.,-0.));
#5837 = SHELL_BASED_SURFACE_MODEL('',(#5838));
#5838 = OPEN_SHELL('',(#5839));
#5839 = ADVANCED_FACE('',(#5840),#5926,.T.);
#5840 = FACE_BOUND('',#5841,.F.);
#5841 = EDGE_LOOP('',(#5842,#5853,#5861,#5870,#5878,#5887,#5895,#5904,
    #5912,#5920));
#5842 = ORIENTED_EDGE('',*,*,#5843,.T.);
#5843 = EDGE_CURVE('',#5844,#5846,#5848,.T.);
#5844 = VERTEX_POINT('',#5845);
#5845 = CARTESIAN_POINT('',(154.624998,-70.142459,1.585));
#5846 = VERTEX_POINT('',#5847);
#5847 = CARTESIAN_POINT('',(154.741666,-70.204819,1.585));
#5848 = CIRCLE('',#5849,7.500000000003E-02);
#5849 = AXIS2_PLACEMENT_3D('',#5850,#5851,#5852);
#5850 = CARTESIAN_POINT('',(154.666666,-70.20481906555,1.585));
#5851 = DIRECTION('',(0.,0.,-1.));
#5852 = DIRECTION('',(-0.555573333333,0.831467540731,0.));
#5853 = ORIENTED_EDGE('',*,*,#5854,.T.);
#5854 = EDGE_CURVE('',#5846,#5855,#5857,.T.);
#5855 = VERTEX_POINT('',#5856);
#5856 = CARTESIAN_POINT('',(154.739466,-70.935566,1.585));
#5857 = LINE('',#5858,#5859);
#5858 = CARTESIAN_POINT('',(154.741666,-70.204819,1.585));
#5859 = VECTOR('',#5860,1.);
#5860 = DIRECTION('',(-3.01060425822E-03,-0.999995468121,0.));
#5861 = ORIENTED_EDGE('',*,*,#5862,.T.);
#5862 = EDGE_CURVE('',#5855,#5863,#5865,.T.);
#5863 = VERTEX_POINT('',#5864);
#5864 = CARTESIAN_POINT('',(154.388357,-71.279089,1.585));
#5865 = CIRCLE('',#5866,0.38184101318);
#5866 = AXIS2_PLACEMENT_3D('',#5867,#5868,#5869);
#5867 = CARTESIAN_POINT('',(154.35944350032,-70.89834424444,1.585));
#5868 = DIRECTION('',(0.,0.,-1.));
#5869 = DIRECTION('',(0.995237511316,-9.747972132579E-02,0.));
#5870 = ORIENTED_EDGE('',*,*,#5871,.T.);
#5871 = EDGE_CURVE('',#5863,#5872,#5874,.T.);
#5872 = VERTEX_POINT('',#5873);
#5873 = CARTESIAN_POINT('',(154.271082,-71.278378,1.585));
#5874 = LINE('',#5875,#5876);
#5875 = CARTESIAN_POINT('',(154.388357,-71.279089,1.585));
#5876 = VECTOR('',#5877,1.);
#5877 = DIRECTION('',(-0.999981622503,6.062561787213E-03,0.));
#5878 = ORIENTED_EDGE('',*,*,#5879,.T.);
#5879 = EDGE_CURVE('',#5872,#5880,#5882,.T.);
#5880 = VERTEX_POINT('',#5881);
#5881 = CARTESIAN_POINT('',(154.285714,-71.129819,1.585));
#5882 = CIRCLE('',#5883,7.500006711465E-02);
#5883 = AXIS2_PLACEMENT_3D('',#5884,#5885,#5886);
#5884 = CARTESIAN_POINT('',(154.28571393288,-71.20481906711,1.585));
#5885 = DIRECTION('',(0.,0.,-1.));
#5886 = DIRECTION('',(-0.195092263891,-0.980784894138,-0.));
#5887 = ORIENTED_EDGE('',*,*,#5888,.T.);
#5888 = EDGE_CURVE('',#5880,#5889,#5891,.T.);
#5889 = VERTEX_POINT('',#5890);
#5890 = CARTESIAN_POINT('',(154.368782,-71.129819,1.585));
#5891 = LINE('',#5892,#5893);
#5892 = CARTESIAN_POINT('',(154.285714,-71.129819,1.585));
#5893 = VECTOR('',#5894,1.);
#5894 = DIRECTION('',(1.,0.,0.));
#5895 = ORIENTED_EDGE('',*,*,#5896,.T.);
#5896 = EDGE_CURVE('',#5889,#5897,#5899,.T.);
#5897 = VERTEX_POINT('',#5898);
#5898 = CARTESIAN_POINT('',(154.591666,-70.906934,1.585));
#5899 = CIRCLE('',#5900,0.239437351684);
#5900 = AXIS2_PLACEMENT_3D('',#5901,#5902,#5903);
#5901 = CARTESIAN_POINT('',(154.35276490658,-70.89091797844,1.585));
#5902 = DIRECTION('',(0.,0.,1.));
#5903 = DIRECTION('',(6.689471506024E-02,-0.997760039838,0.));
#5904 = ORIENTED_EDGE('',*,*,#5905,.T.);
#5905 = EDGE_CURVE('',#5897,#5906,#5908,.T.);
#5906 = VERTEX_POINT('',#5907);
#5907 = CARTESIAN_POINT('',(154.593107,-70.190187,1.585));
#5908 = LINE('',#5909,#5910);
#5909 = CARTESIAN_POINT('',(154.591666,-70.906934,1.585));
#5910 = VECTOR('',#5911,1.);
#5911 = DIRECTION('',(2.010468251347E-03,0.999997979007,0.));
#5912 = ORIENTED_EDGE('',*,*,#5913,.T.);
#5913 = EDGE_CURVE('',#5906,#5914,#5916,.T.);
#5914 = VERTEX_POINT('',#5915);
#5915 = CARTESIAN_POINT('',(154.604306,-70.163151,1.585));
#5916 = LINE('',#5917,#5918);
#5917 = CARTESIAN_POINT('',(154.593107,-70.190187,1.585));
#5918 = VECTOR('',#5919,1.);
#5919 = DIRECTION('',(0.38269282806,0.923875640631,0.));
#5920 = ORIENTED_EDGE('',*,*,#5921,.T.);
#5921 = EDGE_CURVE('',#5914,#5844,#5922,.T.);
#5922 = LINE('',#5923,#5924);
#5923 = CARTESIAN_POINT('',(154.604306,-70.163151,1.585));
#5924 = VECTOR('',#5925,1.);
#5925 = DIRECTION('',(0.707106781187,0.707106781187,0.));
#5926 = PLANE('',#5927);
#5927 = AXIS2_PLACEMENT_3D('',#5928,#5929,#5930);
#5928 = CARTESIAN_POINT('',(0.,0.,1.585));
#5929 = DIRECTION('',(0.,0.,1.));
#5930 = DIRECTION('',(1.,0.,-0.));
#5931 = SHELL_BASED_SURFACE_MODEL('',(#5932));
#5932 = OPEN_SHELL('',(#5933));
#5933 = ADVANCED_FACE('',(#5934,#6043),#6111,.T.);
#5934 = FACE_BOUND('',#5935,.F.);
#5935 = EDGE_LOOP('',(#5936,#5947,#5955,#5964,#5972,#5981,#5989,#5997,
    #6005,#6013,#6021,#6029,#6037));
#5936 = ORIENTED_EDGE('',*,*,#5937,.T.);
#5937 = EDGE_CURVE('',#5938,#5940,#5942,.T.);
#5938 = VERTEX_POINT('',#5939);
#5939 = CARTESIAN_POINT('',(161.321371,-70.569925,1.585));
#5940 = VERTEX_POINT('',#5941);
#5941 = CARTESIAN_POINT('',(161.321371,-70.469925,1.585));
#5942 = CIRCLE('',#5943,5.000000000002E-02);
#5943 = AXIS2_PLACEMENT_3D('',#5944,#5945,#5946);
#5944 = CARTESIAN_POINT('',(161.32137104771,-70.519925,1.585));
#5945 = DIRECTION('',(0.,0.,-1.));
#5946 = DIRECTION('',(-9.542367251921E-07,-1.,-0.));
#5947 = ORIENTED_EDGE('',*,*,#5948,.T.);
#5948 = EDGE_CURVE('',#5940,#5949,#5951,.T.);
#5949 = VERTEX_POINT('',#5950);
#5950 = CARTESIAN_POINT('',(161.921371,-70.469925,1.585));
#5951 = LINE('',#5952,#5953);
#5952 = CARTESIAN_POINT('',(161.321371,-70.469925,1.585));
#5953 = VECTOR('',#5954,1.);
#5954 = DIRECTION('',(1.,0.,0.));
#5955 = ORIENTED_EDGE('',*,*,#5956,.T.);
#5956 = EDGE_CURVE('',#5949,#5957,#5959,.T.);
#5957 = VERTEX_POINT('',#5958);
#5958 = CARTESIAN_POINT('',(161.967565,-70.539059,1.585));
#5959 = CIRCLE('',#5960,5.000005199708E-02);
#5960 = AXIS2_PLACEMENT_3D('',#5961,#5962,#5963);
#5961 = CARTESIAN_POINT('',(161.92137087447,-70.51992505199,1.585));
#5962 = DIRECTION('',(0.,0.,-1.));
#5963 = DIRECTION('',(2.510606922717E-06,0.999999999997,0.));
#5964 = ORIENTED_EDGE('',*,*,#5965,.T.);
#5965 = EDGE_CURVE('',#5957,#5966,#5968,.T.);
#5966 = VERTEX_POINT('',#5967);
#5967 = CARTESIAN_POINT('',(161.961367,-70.545256,1.585));
#5968 = LINE('',#5969,#5970);
#5969 = CARTESIAN_POINT('',(161.967565,-70.539059,1.585));
#5970 = VECTOR('',#5971,1.);
#5971 = DIRECTION('',(-0.707163826629,-0.707049731141,0.));
#5972 = ORIENTED_EDGE('',*,*,#5973,.T.);
#5973 = EDGE_CURVE('',#5966,#5974,#5976,.T.);
#5974 = VERTEX_POINT('',#5975);
#5975 = CARTESIAN_POINT('',(161.928155,-70.783852,1.585));
#5976 = CIRCLE('',#5977,0.246415769938);
#5977 = AXIS2_PLACEMENT_3D('',#5978,#5979,#5980);
#5978 = CARTESIAN_POINT('',(161.73184186507,-70.634916159,1.585));
#5979 = DIRECTION('',(0.,0.,-1.));
#5980 = DIRECTION('',(0.93145473189,0.363857228099,0.));
#5981 = ORIENTED_EDGE('',*,*,#5982,.T.);
#5982 = EDGE_CURVE('',#5974,#5983,#5985,.T.);
#5983 = VERTEX_POINT('',#5984);
#5984 = CARTESIAN_POINT('',(161.886589,-70.821788,1.585));
#5985 = LINE('',#5986,#5987);
#5986 = CARTESIAN_POINT('',(161.928155,-70.783852,1.585));
#5987 = VECTOR('',#5988,1.);
#5988 = DIRECTION('',(-0.738623204322,-0.674118507413,0.));
#5989 = ORIENTED_EDGE('',*,*,#5990,.T.);
#5990 = EDGE_CURVE('',#5983,#5991,#5993,.T.);
#5991 = VERTEX_POINT('',#5992);
#5992 = CARTESIAN_POINT('',(161.81063,-70.855513,1.585));
#5993 = LINE('',#5994,#5995);
#5994 = CARTESIAN_POINT('',(161.886589,-70.821788,1.585));
#5995 = VECTOR('',#5996,1.);
#5996 = DIRECTION('',(-0.913965794536,-0.405791235018,0.));
#5997 = ORIENTED_EDGE('',*,*,#5998,.T.);
#5998 = EDGE_CURVE('',#5991,#5999,#6001,.T.);
#5999 = VERTEX_POINT('',#6000);
#6000 = CARTESIAN_POINT('',(161.624384,-70.853396,1.585));
#6001 = LINE('',#6002,#6003);
#6002 = CARTESIAN_POINT('',(161.81063,-70.855513,1.585));
#6003 = VECTOR('',#6004,1.);
#6004 = DIRECTION('',(-0.999935405472,1.136595284399E-02,0.));
#6005 = ORIENTED_EDGE('',*,*,#6006,.T.);
#6006 = EDGE_CURVE('',#5999,#6007,#6009,.T.);
#6007 = VERTEX_POINT('',#6008);
#6008 = CARTESIAN_POINT('',(161.543159,-70.812423,1.585));
#6009 = LINE('',#6010,#6011);
#6010 = CARTESIAN_POINT('',(161.624384,-70.853396,1.585));
#6011 = VECTOR('',#6012,1.);
#6012 = DIRECTION('',(-0.892836506532,0.450380919448,0.));
#6013 = ORIENTED_EDGE('',*,*,#6014,.T.);
#6014 = EDGE_CURVE('',#6007,#6015,#6017,.T.);
#6015 = VERTEX_POINT('',#6016);
#6016 = CARTESIAN_POINT('',(161.505221,-70.770857,1.585));
#6017 = LINE('',#6018,#6019);
#6018 = CARTESIAN_POINT('',(161.543159,-70.812423,1.585));
#6019 = VECTOR('',#6020,1.);
#6020 = DIRECTION('',(-0.674137895949,0.73860550854,0.));
#6021 = ORIENTED_EDGE('',*,*,#6022,.T.);
#6022 = EDGE_CURVE('',#6015,#6023,#6025,.T.);
#6023 = VERTEX_POINT('',#6024);
#6024 = CARTESIAN_POINT('',(161.471497,-70.694897,1.585));
#6025 = LINE('',#6026,#6027);
#6026 = CARTESIAN_POINT('',(161.505221,-70.770857,1.585));
#6027 = VECTOR('',#6028,1.);
#6028 = DIRECTION('',(-0.405776721473,0.91397223826,0.));
#6029 = ORIENTED_EDGE('',*,*,#6030,.T.);
#6030 = EDGE_CURVE('',#6023,#6031,#6033,.T.);
#6031 = VERTEX_POINT('',#6032);
#6032 = CARTESIAN_POINT('',(161.472482,-70.569925,1.585));
#6033 = LINE('',#6034,#6035);
#6034 = CARTESIAN_POINT('',(161.471497,-70.694897,1.585));
#6035 = VECTOR('',#6036,1.);
#6036 = DIRECTION('',(7.881520710579E-03,0.999968940333,0.));
#6037 = ORIENTED_EDGE('',*,*,#6038,.T.);
#6038 = EDGE_CURVE('',#6031,#5938,#6039,.T.);
#6039 = LINE('',#6040,#6041);
#6040 = CARTESIAN_POINT('',(161.472482,-70.569925,1.585));
#6041 = VECTOR('',#6042,1.);
#6042 = DIRECTION('',(-1.,0.,0.));
#6043 = FACE_BOUND('',#6044,.F.);
#6044 = EDGE_LOOP('',(#6045,#6055,#6063,#6071,#6079,#6088,#6096,#6105));
#6045 = ORIENTED_EDGE('',*,*,#6046,.T.);
#6046 = EDGE_CURVE('',#6047,#6049,#6051,.T.);
#6047 = VERTEX_POINT('',#6048);
#6048 = CARTESIAN_POINT('',(161.871371,-70.58887,1.585));
#6049 = VERTEX_POINT('',#6050);
#6050 = CARTESIAN_POINT('',(161.861898,-70.569925,1.585));
#6051 = LINE('',#6052,#6053);
#6052 = CARTESIAN_POINT('',(161.871371,-70.58887,1.585));
#6053 = VECTOR('',#6054,1.);
#6054 = DIRECTION('',(-0.447232479914,0.894417748544,0.));
#6055 = ORIENTED_EDGE('',*,*,#6056,.T.);
#6056 = EDGE_CURVE('',#6049,#6057,#6059,.T.);
#6057 = VERTEX_POINT('',#6058);
#6058 = CARTESIAN_POINT('',(161.580843,-70.569925,1.585));
#6059 = LINE('',#6060,#6061);
#6060 = CARTESIAN_POINT('',(161.861898,-70.569925,1.585));
#6061 = VECTOR('',#6062,1.);
#6062 = DIRECTION('',(-1.,0.,0.));
#6063 = ORIENTED_EDGE('',*,*,#6064,.T.);
#6064 = EDGE_CURVE('',#6057,#6065,#6067,.T.);
#6065 = VERTEX_POINT('',#6066);
#6066 = CARTESIAN_POINT('',(161.571371,-70.588869,1.585));
#6067 = LINE('',#6068,#6069);
#6068 = CARTESIAN_POINT('',(161.580843,-70.569925,1.585));
#6069 = VECTOR('',#6070,1.);
#6070 = DIRECTION('',(-0.447213595499,-0.894427191,0.));
#6071 = ORIENTED_EDGE('',*,*,#6072,.T.);
#6072 = EDGE_CURVE('',#6065,#6073,#6075,.T.);
#6073 = VERTEX_POINT('',#6074);
#6074 = CARTESIAN_POINT('',(161.571371,-70.679549,1.585));
#6075 = LINE('',#6076,#6077);
#6076 = CARTESIAN_POINT('',(161.571371,-70.588869,1.585));
#6077 = VECTOR('',#6078,1.);
#6078 = DIRECTION('',(0.,-1.,0.));
#6079 = ORIENTED_EDGE('',*,*,#6080,.T.);
#6080 = EDGE_CURVE('',#6073,#6081,#6083,.T.);
#6081 = VERTEX_POINT('',#6082);
#6082 = CARTESIAN_POINT('',(161.64746,-70.755639,1.585));
#6083 = CIRCLE('',#6084,0.106477267695);
#6084 = AXIS2_PLACEMENT_3D('',#6085,#6086,#6087);
#6085 = CARTESIAN_POINT('',(161.6743874689,-70.65262288497,1.585));
#6086 = DIRECTION('',(0.,0.,1.));
#6087 = DIRECTION('',(-0.967497299047,-0.252881348335,0.));
#6088 = ORIENTED_EDGE('',*,*,#6089,.T.);
#6089 = EDGE_CURVE('',#6081,#6090,#6092,.T.);
#6090 = VERTEX_POINT('',#6091);
#6091 = CARTESIAN_POINT('',(161.795282,-70.755639,1.585));
#6092 = LINE('',#6093,#6094);
#6093 = CARTESIAN_POINT('',(161.64746,-70.755639,1.585));
#6094 = VECTOR('',#6095,1.);
#6095 = DIRECTION('',(1.,0.,0.));
#6096 = ORIENTED_EDGE('',*,*,#6097,.T.);
#6097 = EDGE_CURVE('',#6090,#6098,#6100,.T.);
#6098 = VERTEX_POINT('',#6099);
#6099 = CARTESIAN_POINT('',(161.871371,-70.67955,1.585));
#6100 = CIRCLE('',#6101,0.106488764847);
#6101 = AXIS2_PLACEMENT_3D('',#6102,#6103,#6104);
#6102 = CARTESIAN_POINT('',(161.7683453909,-70.6526133909,1.585));
#6103 = DIRECTION('',(0.,0.,1.));
#6104 = DIRECTION('',(0.252952592064,-0.967478674787,0.));
#6105 = ORIENTED_EDGE('',*,*,#6106,.T.);
#6106 = EDGE_CURVE('',#6098,#6047,#6107,.T.);
#6107 = LINE('',#6108,#6109);
#6108 = CARTESIAN_POINT('',(161.871371,-70.67955,1.585));
#6109 = VECTOR('',#6110,1.);
#6110 = DIRECTION('',(0.,1.,0.));
#6111 = PLANE('',#6112);
#6112 = AXIS2_PLACEMENT_3D('',#6113,#6114,#6115);
#6113 = CARTESIAN_POINT('',(0.,0.,1.585));
#6114 = DIRECTION('',(0.,0.,1.));
#6115 = DIRECTION('',(1.,0.,-0.));
#6116 = SHELL_BASED_SURFACE_MODEL('',(#6117));
#6117 = OPEN_SHELL('',(#6118));
#6118 = ADVANCED_FACE('',(#6119),#6237,.T.);
#6119 = FACE_BOUND('',#6120,.F.);
#6120 = EDGE_LOOP('',(#6121,#6132,#6140,#6148,#6157,#6165,#6173,#6182,
    #6190,#6198,#6207,#6215,#6223,#6231));
#6121 = ORIENTED_EDGE('',*,*,#6122,.T.);
#6122 = EDGE_CURVE('',#6123,#6125,#6127,.T.);
#6123 = VERTEX_POINT('',#6124);
#6124 = CARTESIAN_POINT('',(161.473226,-69.963574,1.585));
#6125 = VERTEX_POINT('',#6126);
#6126 = CARTESIAN_POINT('',(161.552262,-69.937752,1.585));
#6127 = CIRCLE('',#6128,4.999969507336E-02);
#6128 = AXIS2_PLACEMENT_3D('',#6129,#6130,#6131);
#6129 = CARTESIAN_POINT('',(161.52137058728,-69.97706726583,1.585));
#6130 = DIRECTION('',(0.,0.,-1.));
#6131 = DIRECTION('',(-0.962897617897,0.269866962498,0.));
#6132 = ORIENTED_EDGE('',*,*,#6133,.T.);
#6133 = EDGE_CURVE('',#6125,#6134,#6136,.T.);
#6134 = VERTEX_POINT('',#6135);
#6135 = CARTESIAN_POINT('',(161.721371,-70.070623,1.585));
#6136 = LINE('',#6137,#6138);
#6137 = CARTESIAN_POINT('',(161.552262,-69.937752,1.585));
#6138 = VECTOR('',#6139,1.);
#6139 = DIRECTION('',(0.786319145565,-0.617820525167,0.));
#6140 = ORIENTED_EDGE('',*,*,#6141,.T.);
#6141 = EDGE_CURVE('',#6134,#6142,#6144,.T.);
#6142 = VERTEX_POINT('',#6143);
#6143 = CARTESIAN_POINT('',(161.89048,-69.937752,1.585));
#6144 = LINE('',#6145,#6146);
#6145 = CARTESIAN_POINT('',(161.721371,-70.070623,1.585));
#6146 = VECTOR('',#6147,1.);
#6147 = DIRECTION('',(0.786319145565,0.617820525167,0.));
#6148 = ORIENTED_EDGE('',*,*,#6149,.T.);
#6149 = EDGE_CURVE('',#6142,#6150,#6152,.T.);
#6150 = VERTEX_POINT('',#6151);
#6151 = CARTESIAN_POINT('',(161.952262,-70.016384,1.585));
#6152 = CIRCLE('',#6153,5.000001736999E-02);
#6153 = AXIS2_PLACEMENT_3D('',#6154,#6155,#6156);
#6154 = CARTESIAN_POINT('',(161.92137098716,-69.97706801008,1.585));
#6155 = DIRECTION('',(0.,0.,-1.));
#6156 = DIRECTION('',(-0.617819528677,0.786319928518,0.));
#6157 = ORIENTED_EDGE('',*,*,#6158,.T.);
#6158 = EDGE_CURVE('',#6150,#6159,#6161,.T.);
#6159 = VERTEX_POINT('',#6160);
#6160 = CARTESIAN_POINT('',(161.8023,-70.13421,1.585));
#6161 = LINE('',#6162,#6163);
#6162 = CARTESIAN_POINT('',(161.952262,-70.016384,1.585));
#6163 = VECTOR('',#6164,1.);
#6164 = DIRECTION('',(-0.786321613914,-0.617817383611,0.));
#6165 = ORIENTED_EDGE('',*,*,#6166,.T.);
#6166 = EDGE_CURVE('',#6159,#6167,#6169,.T.);
#6167 = VERTEX_POINT('',#6168);
#6168 = CARTESIAN_POINT('',(161.952262,-70.252037,1.585));
#6169 = LINE('',#6170,#6171);
#6170 = CARTESIAN_POINT('',(161.8023,-70.13421,1.585));
#6171 = VECTOR('',#6172,1.);
#6172 = DIRECTION('',(0.78631906662,-0.617820625643,0.));
#6173 = ORIENTED_EDGE('',*,*,#6174,.T.);
#6174 = EDGE_CURVE('',#6167,#6175,#6177,.T.);
#6175 = VERTEX_POINT('',#6176);
#6176 = CARTESIAN_POINT('',(161.89048,-70.330669,1.585));
#6177 = CIRCLE('',#6178,5.000001737557E-02);
#6178 = AXIS2_PLACEMENT_3D('',#6179,#6180,#6181);
#6179 = CARTESIAN_POINT('',(161.92137041302,-70.29135253881,1.585));
#6180 = DIRECTION('',(0.,0.,-1.));
#6181 = DIRECTION('',(0.617831524743,0.78631050294,0.));
#6182 = ORIENTED_EDGE('',*,*,#6183,.T.);
#6183 = EDGE_CURVE('',#6175,#6184,#6186,.T.);
#6184 = VERTEX_POINT('',#6185);
#6185 = CARTESIAN_POINT('',(161.721371,-70.197797,1.585));
#6186 = LINE('',#6187,#6188);
#6187 = CARTESIAN_POINT('',(161.89048,-70.330669,1.585));
#6188 = VECTOR('',#6189,1.);
#6189 = DIRECTION('',(-0.786316886686,0.617823400101,0.));
#6190 = ORIENTED_EDGE('',*,*,#6191,.T.);
#6191 = EDGE_CURVE('',#6184,#6192,#6194,.T.);
#6192 = VERTEX_POINT('',#6193);
#6193 = CARTESIAN_POINT('',(161.552262,-70.330669,1.585));
#6194 = LINE('',#6195,#6196);
#6195 = CARTESIAN_POINT('',(161.721371,-70.197797,1.585));
#6196 = VECTOR('',#6197,1.);
#6197 = DIRECTION('',(-0.786316886686,-0.617823400101,0.));
#6198 = ORIENTED_EDGE('',*,*,#6199,.T.);
#6199 = EDGE_CURVE('',#6192,#6200,#6202,.T.);
#6200 = VERTEX_POINT('',#6201);
#6201 = CARTESIAN_POINT('',(161.49048,-70.252037,1.585));
#6202 = CIRCLE('',#6203,5.000001737001E-02);
#6203 = AXIS2_PLACEMENT_3D('',#6204,#6205,#6206);
#6204 = CARTESIAN_POINT('',(161.52137101283,-70.29135298991,1.585));
#6205 = DIRECTION('',(-0.,0.,-1.));
#6206 = DIRECTION('',(0.617819528676,-0.786319928519,-0.));
#6207 = ORIENTED_EDGE('',*,*,#6208,.T.);
#6208 = EDGE_CURVE('',#6200,#6209,#6211,.T.);
#6209 = VERTEX_POINT('',#6210);
#6210 = CARTESIAN_POINT('',(161.640441,-70.13421,1.585));
#6211 = LINE('',#6212,#6213);
#6212 = CARTESIAN_POINT('',(161.49048,-70.252037,1.585));
#6213 = VECTOR('',#6214,1.);
#6214 = DIRECTION('',(0.786317065169,0.617823172942,0.));
#6215 = ORIENTED_EDGE('',*,*,#6216,.T.);
#6216 = EDGE_CURVE('',#6209,#6217,#6219,.T.);
#6217 = VERTEX_POINT('',#6218);
#6218 = CARTESIAN_POINT('',(161.49048,-70.016384,1.585));
#6219 = LINE('',#6220,#6221);
#6220 = CARTESIAN_POINT('',(161.640441,-70.13421,1.585));
#6221 = VECTOR('',#6222,1.);
#6222 = DIRECTION('',(-0.786319612477,0.617819930913,0.));
#6223 = ORIENTED_EDGE('',*,*,#6224,.T.);
#6224 = EDGE_CURVE('',#6217,#6225,#6227,.T.);
#6225 = VERTEX_POINT('',#6226);
#6226 = CARTESIAN_POINT('',(161.477786,-70.00157,1.585));
#6227 = LINE('',#6228,#6229);
#6228 = CARTESIAN_POINT('',(161.49048,-70.016384,1.585));
#6229 = VECTOR('',#6230,1.);
#6230 = DIRECTION('',(-0.650681612114,0.759350669755,0.));
#6231 = ORIENTED_EDGE('',*,*,#6232,.T.);
#6232 = EDGE_CURVE('',#6225,#6123,#6233,.T.);
#6233 = LINE('',#6234,#6235);
#6234 = CARTESIAN_POINT('',(161.477786,-70.00157,1.585));
#6235 = VECTOR('',#6236,1.);
#6236 = DIRECTION('',(-0.119157585459,0.992875354628,0.));
#6237 = PLANE('',#6238);
#6238 = AXIS2_PLACEMENT_3D('',#6239,#6240,#6241);
#6239 = CARTESIAN_POINT('',(0.,0.,1.585));
#6240 = DIRECTION('',(0.,0.,1.));
#6241 = DIRECTION('',(1.,0.,-0.));
#6242 = SHELL_BASED_SURFACE_MODEL('',(#6243));
#6243 = OPEN_SHELL('',(#6244));
#6244 = ADVANCED_FACE('',(#6245,#6315),#6349,.T.);
#6245 = FACE_BOUND('',#6246,.F.);
#6246 = EDGE_LOOP('',(#6247,#6258,#6266,#6275,#6283,#6292,#6300,#6309));
#6247 = ORIENTED_EDGE('',*,*,#6248,.T.);
#6248 = EDGE_CURVE('',#6249,#6251,#6253,.T.);
#6249 = VERTEX_POINT('',#6250);
#6250 = CARTESIAN_POINT('',(158.24,-67.8,1.585));
#6251 = VERTEX_POINT('',#6252);
#6252 = CARTESIAN_POINT('',(158.3,-67.74,1.585));
#6253 = CIRCLE('',#6254,5.999932016256E-02);
#6254 = AXIS2_PLACEMENT_3D('',#6255,#6256,#6257);
#6255 = CARTESIAN_POINT('',(158.29999932015,-67.79999932015,1.585));
#6256 = DIRECTION('',(0.,0.,-1.));
#6257 = DIRECTION('',(-0.999999999936,-1.133081659513E-05,-0.));
#6258 = ORIENTED_EDGE('',*,*,#6259,.T.);
#6259 = EDGE_CURVE('',#6251,#6260,#6262,.T.);
#6260 = VERTEX_POINT('',#6261);
#6261 = CARTESIAN_POINT('',(160.7,-67.74,1.585));
#6262 = LINE('',#6263,#6264);
#6263 = CARTESIAN_POINT('',(158.3,-67.74,1.585));
#6264 = VECTOR('',#6265,1.);
#6265 = DIRECTION('',(1.,0.,0.));
#6266 = ORIENTED_EDGE('',*,*,#6267,.T.);
#6267 = EDGE_CURVE('',#6260,#6268,#6270,.T.);
#6268 = VERTEX_POINT('',#6269);
#6269 = CARTESIAN_POINT('',(160.76,-67.8,1.585));
#6270 = CIRCLE('',#6271,5.999932016262E-02);
#6271 = AXIS2_PLACEMENT_3D('',#6272,#6273,#6274);
#6272 = CARTESIAN_POINT('',(160.70000067984,-67.79999932015,1.585));
#6273 = DIRECTION('',(0.,0.,-1.));
#6274 = DIRECTION('',(-1.133081564772E-05,0.999999999936,0.));
#6275 = ORIENTED_EDGE('',*,*,#6276,.T.);
#6276 = EDGE_CURVE('',#6268,#6277,#6279,.T.);
#6277 = VERTEX_POINT('',#6278);
#6278 = CARTESIAN_POINT('',(160.76,-70.2,1.585));
#6279 = LINE('',#6280,#6281);
#6280 = CARTESIAN_POINT('',(160.76,-67.8,1.585));
#6281 = VECTOR('',#6282,1.);
#6282 = DIRECTION('',(0.,-1.,0.));
#6283 = ORIENTED_EDGE('',*,*,#6284,.T.);
#6284 = EDGE_CURVE('',#6277,#6285,#6287,.T.);
#6285 = VERTEX_POINT('',#6286);
#6286 = CARTESIAN_POINT('',(160.7,-70.26,1.585));
#6287 = CIRCLE('',#6288,5.999932016256E-02);
#6288 = AXIS2_PLACEMENT_3D('',#6289,#6290,#6291);
#6289 = CARTESIAN_POINT('',(160.70000067984,-70.20000067984,1.585));
#6290 = DIRECTION('',(0.,0.,-1.));
#6291 = DIRECTION('',(0.999999999936,1.133081659513E-05,0.));
#6292 = ORIENTED_EDGE('',*,*,#6293,.T.);
#6293 = EDGE_CURVE('',#6285,#6294,#6296,.T.);
#6294 = VERTEX_POINT('',#6295);
#6295 = CARTESIAN_POINT('',(158.3,-70.26,1.585));
#6296 = LINE('',#6297,#6298);
#6297 = CARTESIAN_POINT('',(160.7,-70.26,1.585));
#6298 = VECTOR('',#6299,1.);
#6299 = DIRECTION('',(-1.,0.,0.));
#6300 = ORIENTED_EDGE('',*,*,#6301,.T.);
#6301 = EDGE_CURVE('',#6294,#6302,#6304,.T.);
#6302 = VERTEX_POINT('',#6303);
#6303 = CARTESIAN_POINT('',(158.24,-70.2,1.585));
#6304 = CIRCLE('',#6305,5.999932016262E-02);
#6305 = AXIS2_PLACEMENT_3D('',#6306,#6307,#6308);
#6306 = CARTESIAN_POINT('',(158.29999932015,-70.20000067984,1.585));
#6307 = DIRECTION('',(0.,0.,-1.));
#6308 = DIRECTION('',(1.133081564772E-05,-0.999999999936,0.));
#6309 = ORIENTED_EDGE('',*,*,#6310,.T.);
#6310 = EDGE_CURVE('',#6302,#6249,#6311,.T.);
#6311 = LINE('',#6312,#6313);
#6312 = CARTESIAN_POINT('',(158.24,-70.2,1.585));
#6313 = VECTOR('',#6314,1.);
#6314 = DIRECTION('',(0.,1.,0.));
#6315 = FACE_BOUND('',#6316,.F.);
#6316 = EDGE_LOOP('',(#6317,#6327,#6335,#6343));
#6317 = ORIENTED_EDGE('',*,*,#6318,.T.);
#6318 = EDGE_CURVE('',#6319,#6321,#6323,.T.);
#6319 = VERTEX_POINT('',#6320);
#6320 = CARTESIAN_POINT('',(160.64,-70.14,1.585));
#6321 = VERTEX_POINT('',#6322);
#6322 = CARTESIAN_POINT('',(160.64,-67.86,1.585));
#6323 = LINE('',#6324,#6325);
#6324 = CARTESIAN_POINT('',(160.64,-70.14,1.585));
#6325 = VECTOR('',#6326,1.);
#6326 = DIRECTION('',(0.,1.,0.));
#6327 = ORIENTED_EDGE('',*,*,#6328,.T.);
#6328 = EDGE_CURVE('',#6321,#6329,#6331,.T.);
#6329 = VERTEX_POINT('',#6330);
#6330 = CARTESIAN_POINT('',(158.36,-67.86,1.585));
#6331 = LINE('',#6332,#6333);
#6332 = CARTESIAN_POINT('',(160.64,-67.86,1.585));
#6333 = VECTOR('',#6334,1.);
#6334 = DIRECTION('',(-1.,0.,0.));
#6335 = ORIENTED_EDGE('',*,*,#6336,.T.);
#6336 = EDGE_CURVE('',#6329,#6337,#6339,.T.);
#6337 = VERTEX_POINT('',#6338);
#6338 = CARTESIAN_POINT('',(158.36,-70.14,1.585));
#6339 = LINE('',#6340,#6341);
#6340 = CARTESIAN_POINT('',(158.36,-67.86,1.585));
#6341 = VECTOR('',#6342,1.);
#6342 = DIRECTION('',(0.,-1.,0.));
#6343 = ORIENTED_EDGE('',*,*,#6344,.T.);
#6344 = EDGE_CURVE('',#6337,#6319,#6345,.T.);
#6345 = LINE('',#6346,#6347);
#6346 = CARTESIAN_POINT('',(158.36,-70.14,1.585));
#6347 = VECTOR('',#6348,1.);
#6348 = DIRECTION('',(1.,0.,0.));
#6349 = PLANE('',#6350);
#6350 = AXIS2_PLACEMENT_3D('',#6351,#6352,#6353);
#6351 = CARTESIAN_POINT('',(0.,0.,1.585));
#6352 = DIRECTION('',(0.,0.,1.));
#6353 = DIRECTION('',(1.,0.,-0.));
#6354 = SHELL_BASED_SURFACE_MODEL('',(#6355));
#6355 = OPEN_SHELL('',(#6356));
#6356 = ADVANCED_FACE('',(#6357),#6594,.T.);
#6357 = FACE_BOUND('',#6358,.F.);
#6358 = EDGE_LOOP('',(#6359,#6369,#6377,#6385,#6393,#6402,#6410,#6418,
    #6426,#6434,#6442,#6450,#6458,#6466,#6474,#6482,#6491,#6499,#6508,
    #6516,#6524,#6532,#6540,#6548,#6556,#6564,#6572,#6580,#6588));
#6359 = ORIENTED_EDGE('',*,*,#6360,.T.);
#6360 = EDGE_CURVE('',#6361,#6363,#6365,.T.);
#6361 = VERTEX_POINT('',#6362);
#6362 = CARTESIAN_POINT('',(161.71499,-69.513546,1.585));
#6363 = VERTEX_POINT('',#6364);
#6364 = CARTESIAN_POINT('',(161.795811,-69.472167,1.585));
#6365 = LINE('',#6366,#6367);
#6366 = CARTESIAN_POINT('',(161.71499,-69.513546,1.585));
#6367 = VECTOR('',#6368,1.);
#6368 = DIRECTION('',(0.890119865335,0.455726480837,0.));
#6369 = ORIENTED_EDGE('',*,*,#6370,.T.);
#6370 = EDGE_CURVE('',#6363,#6371,#6373,.T.);
#6371 = VERTEX_POINT('',#6372);
#6372 = CARTESIAN_POINT('',(161.838113,-69.470413,1.585));
#6373 = LINE('',#6374,#6375);
#6374 = CARTESIAN_POINT('',(161.795811,-69.472167,1.585));
#6375 = VECTOR('',#6376,1.);
#6376 = DIRECTION('',(0.999141485118,4.142816332329E-02,0.));
#6377 = ORIENTED_EDGE('',*,*,#6378,.T.);
#6378 = EDGE_CURVE('',#6371,#6379,#6381,.T.);
#6379 = VERTEX_POINT('',#6380);
#6380 = CARTESIAN_POINT('',(161.858017,-69.475203,1.585));
#6381 = LINE('',#6382,#6383);
#6382 = CARTESIAN_POINT('',(161.838113,-69.470413,1.585));
#6383 = VECTOR('',#6384,1.);
#6384 = DIRECTION('',(0.972242570936,-0.233975176587,0.));
#6385 = ORIENTED_EDGE('',*,*,#6386,.T.);
#6386 = EDGE_CURVE('',#6379,#6387,#6389,.T.);
#6387 = VERTEX_POINT('',#6388);
#6388 = CARTESIAN_POINT('',(161.930573,-69.515736,1.585));
#6389 = LINE('',#6390,#6391);
#6390 = CARTESIAN_POINT('',(161.858017,-69.475203,1.585));
#6391 = VECTOR('',#6392,1.);
#6392 = DIRECTION('',(0.873010083506,-0.487702157158,0.));
#6393 = ORIENTED_EDGE('',*,*,#6394,.T.);
#6394 = EDGE_CURVE('',#6387,#6395,#6397,.T.);
#6395 = VERTEX_POINT('',#6396);
#6396 = CARTESIAN_POINT('',(161.92556,-69.81484,1.585));
#6397 = CIRCLE('',#6398,0.244812761848);
#6398 = AXIS2_PLACEMENT_3D('',#6399,#6400,#6401);
#6399 = CARTESIAN_POINT('',(161.73428658061,-69.66204023756,1.585));
#6400 = DIRECTION('',(0.,0.,-1.));
#6401 = DIRECTION('',(0.801781810321,0.597616874459,0.));
#6402 = ORIENTED_EDGE('',*,*,#6403,.T.);
#6403 = EDGE_CURVE('',#6395,#6404,#6406,.T.);
#6404 = VERTEX_POINT('',#6405);
#6405 = CARTESIAN_POINT('',(161.889256,-69.826942,1.585));
#6406 = LINE('',#6407,#6408);
#6407 = CARTESIAN_POINT('',(161.92556,-69.81484,1.585));
#6408 = VECTOR('',#6409,1.);
#6409 = DIRECTION('',(-0.94867807162,-0.316243444875,0.));
#6410 = ORIENTED_EDGE('',*,*,#6411,.T.);
#6411 = EDGE_CURVE('',#6404,#6412,#6414,.T.);
#6412 = VERTEX_POINT('',#6413);
#6413 = CARTESIAN_POINT('',(161.855028,-69.809828,1.585));
#6414 = LINE('',#6415,#6416);
#6415 = CARTESIAN_POINT('',(161.889256,-69.826942,1.585));
#6416 = VECTOR('',#6417,1.);
#6417 = DIRECTION('',(-0.894427191,0.4472135955,0.));
#6418 = ORIENTED_EDGE('',*,*,#6419,.T.);
#6419 = EDGE_CURVE('',#6412,#6420,#6422,.T.);
#6420 = VERTEX_POINT('',#6421);
#6421 = CARTESIAN_POINT('',(161.842926,-69.773524,1.585));
#6422 = LINE('',#6423,#6424);
#6423 = CARTESIAN_POINT('',(161.855028,-69.809828,1.585));
#6424 = VECTOR('',#6425,1.);
#6425 = DIRECTION('',(-0.316243444875,0.94867807162,0.));
#6426 = ORIENTED_EDGE('',*,*,#6427,.T.);
#6427 = EDGE_CURVE('',#6420,#6428,#6430,.T.);
#6428 = VERTEX_POINT('',#6429);
#6429 = CARTESIAN_POINT('',(161.871371,-69.708122,1.585));
#6430 = LINE('',#6431,#6432);
#6431 = CARTESIAN_POINT('',(161.842926,-69.773524,1.585));
#6432 = VECTOR('',#6433,1.);
#6433 = DIRECTION('',(0.398836339709,0.917022123031,0.));
#6434 = ORIENTED_EDGE('',*,*,#6435,.T.);
#6435 = EDGE_CURVE('',#6428,#6436,#6438,.T.);
#6436 = VERTEX_POINT('',#6437);
#6437 = CARTESIAN_POINT('',(161.871371,-69.617442,1.585));
#6438 = LINE('',#6439,#6440);
#6439 = CARTESIAN_POINT('',(161.871371,-69.708122,1.585));
#6440 = VECTOR('',#6441,1.);
#6441 = DIRECTION('',(0.,1.,0.));
#6442 = ORIENTED_EDGE('',*,*,#6443,.T.);
#6443 = EDGE_CURVE('',#6436,#6444,#6446,.T.);
#6444 = VERTEX_POINT('',#6445);
#6445 = CARTESIAN_POINT('',(161.855532,-69.585764,1.585));
#6446 = LINE('',#6447,#6448);
#6447 = CARTESIAN_POINT('',(161.871371,-69.617442,1.585));
#6448 = VECTOR('',#6449,1.);
#6449 = DIRECTION('',(-0.4472135955,0.894427191,0.));
#6450 = ORIENTED_EDGE('',*,*,#6451,.T.);
#6451 = EDGE_CURVE('',#6444,#6452,#6454,.T.);
#6452 = VERTEX_POINT('',#6453);
#6453 = CARTESIAN_POINT('',(161.818888,-69.569925,1.585));
#6454 = LINE('',#6455,#6456);
#6455 = CARTESIAN_POINT('',(161.855532,-69.585764,1.585));
#6456 = VECTOR('',#6457,1.);
#6457 = DIRECTION('',(-0.917921397777,0.396762280848,0.));
#6458 = ORIENTED_EDGE('',*,*,#6459,.T.);
#6459 = EDGE_CURVE('',#6452,#6460,#6462,.T.);
#6460 = VERTEX_POINT('',#6461);
#6461 = CARTESIAN_POINT('',(161.78721,-69.585763,1.585));
#6462 = LINE('',#6463,#6464);
#6463 = CARTESIAN_POINT('',(161.818888,-69.569925,1.585));
#6464 = VECTOR('',#6465,1.);
#6465 = DIRECTION('',(-0.894438484843,-0.447191007101,0.));
#6466 = ORIENTED_EDGE('',*,*,#6467,.T.);
#6467 = EDGE_CURVE('',#6460,#6468,#6470,.T.);
#6468 = VERTEX_POINT('',#6469);
#6469 = CARTESIAN_POINT('',(161.771371,-69.617442,1.585));
#6470 = LINE('',#6471,#6472);
#6471 = CARTESIAN_POINT('',(161.78721,-69.585763,1.585));
#6472 = VECTOR('',#6473,1.);
#6473 = DIRECTION('',(-0.447202301764,-0.894432837779,0.));
#6474 = ORIENTED_EDGE('',*,*,#6475,.T.);
#6475 = EDGE_CURVE('',#6468,#6476,#6478,.T.);
#6476 = VERTEX_POINT('',#6477);
#6477 = CARTESIAN_POINT('',(161.769129,-69.702622,1.585));
#6478 = LINE('',#6479,#6480);
#6479 = CARTESIAN_POINT('',(161.771371,-69.617442,1.585));
#6480 = VECTOR('',#6481,1.);
#6481 = DIRECTION('',(-2.631162004951E-02,-0.999653789394,0.));
#6482 = ORIENTED_EDGE('',*,*,#6483,.T.);
#6483 = EDGE_CURVE('',#6476,#6484,#6486,.T.);
#6484 = VERTEX_POINT('',#6485);
#6485 = CARTESIAN_POINT('',(161.595812,-69.824825,1.585));
#6486 = CIRCLE('',#6487,0.148722309023);
#6487 = AXIS2_PLACEMENT_3D('',#6488,#6489,#6490);
#6488 = CARTESIAN_POINT('',(161.62237687537,-69.67849444065,1.585));
#6489 = DIRECTION('',(0.,0.,-1.));
#6490 = DIRECTION('',(0.986752596748,-0.162232280421,0.));
#6491 = ORIENTED_EDGE('',*,*,#6492,.T.);
#6492 = EDGE_CURVE('',#6484,#6493,#6495,.T.);
#6493 = VERTEX_POINT('',#6494);
#6494 = CARTESIAN_POINT('',(161.514991,-69.783446,1.585));
#6495 = LINE('',#6496,#6497);
#6496 = CARTESIAN_POINT('',(161.595812,-69.824825,1.585));
#6497 = VECTOR('',#6498,1.);
#6498 = DIRECTION('',(-0.890119865335,0.455726480837,0.));
#6499 = ORIENTED_EDGE('',*,*,#6500,.T.);
#6500 = EDGE_CURVE('',#6493,#6501,#6503,.T.);
#6501 = VERTEX_POINT('',#6502);
#6502 = CARTESIAN_POINT('',(161.517182,-69.510723,1.585));
#6503 = CIRCLE('',#6504,0.212773182034);
#6504 = AXIS2_PLACEMENT_3D('',#6505,#6506,#6507);
#6505 = CARTESIAN_POINT('',(161.67941147217,-69.64839661894,1.585));
#6506 = DIRECTION('',(0.,0.,-1.));
#6507 = DIRECTION('',(-0.772749980041,-0.634710539023,-0.));
#6508 = ORIENTED_EDGE('',*,*,#6509,.T.);
#6509 = EDGE_CURVE('',#6501,#6510,#6512,.T.);
#6510 = VERTEX_POINT('',#6511);
#6511 = CARTESIAN_POINT('',(161.553486,-69.498621,1.585));
#6512 = LINE('',#6513,#6514);
#6513 = CARTESIAN_POINT('',(161.517182,-69.510723,1.585));
#6514 = VECTOR('',#6515,1.);
#6515 = DIRECTION('',(0.94867807162,0.316243444875,0.));
#6516 = ORIENTED_EDGE('',*,*,#6517,.T.);
#6517 = EDGE_CURVE('',#6510,#6518,#6520,.T.);
#6518 = VERTEX_POINT('',#6519);
#6519 = CARTESIAN_POINT('',(161.587715,-69.515735,1.585));
#6520 = LINE('',#6521,#6522);
#6521 = CARTESIAN_POINT('',(161.553486,-69.498621,1.585));
#6522 = VECTOR('',#6523,1.);
#6523 = DIRECTION('',(0.894432417106,-0.447203143135,0.));
#6524 = ORIENTED_EDGE('',*,*,#6525,.T.);
#6525 = EDGE_CURVE('',#6518,#6526,#6528,.T.);
#6526 = VERTEX_POINT('',#6527);
#6527 = CARTESIAN_POINT('',(161.599816,-69.55204,1.585));
#6528 = LINE('',#6529,#6530);
#6529 = CARTESIAN_POINT('',(161.587715,-69.515735,1.585));
#6530 = VECTOR('',#6531,1.);
#6531 = DIRECTION('',(0.316212087331,-0.948688524135,0.));
#6532 = ORIENTED_EDGE('',*,*,#6533,.T.);
#6533 = EDGE_CURVE('',#6526,#6534,#6536,.T.);
#6534 = VERTEX_POINT('',#6535);
#6535 = CARTESIAN_POINT('',(161.571371,-69.617442,1.585));
#6536 = LINE('',#6537,#6538);
#6537 = CARTESIAN_POINT('',(161.599816,-69.55204,1.585));
#6538 = VECTOR('',#6539,1.);
#6539 = DIRECTION('',(-0.398836339709,-0.917022123031,0.));
#6540 = ORIENTED_EDGE('',*,*,#6541,.T.);
#6541 = EDGE_CURVE('',#6534,#6542,#6544,.T.);
#6542 = VERTEX_POINT('',#6543);
#6543 = CARTESIAN_POINT('',(161.571371,-69.679551,1.585));
#6544 = LINE('',#6545,#6546);
#6545 = CARTESIAN_POINT('',(161.571371,-69.617442,1.585));
#6546 = VECTOR('',#6547,1.);
#6547 = DIRECTION('',(0.,-1.,0.));
#6548 = ORIENTED_EDGE('',*,*,#6549,.T.);
#6549 = EDGE_CURVE('',#6542,#6550,#6552,.T.);
#6550 = VERTEX_POINT('',#6551);
#6551 = CARTESIAN_POINT('',(161.587209,-69.711228,1.585));
#6552 = LINE('',#6553,#6554);
#6553 = CARTESIAN_POINT('',(161.571371,-69.679551,1.585));
#6554 = VECTOR('',#6555,1.);
#6555 = DIRECTION('',(0.447202301051,-0.894432838135,0.));
#6556 = ORIENTED_EDGE('',*,*,#6557,.T.);
#6557 = EDGE_CURVE('',#6550,#6558,#6560,.T.);
#6558 = VERTEX_POINT('',#6559);
#6559 = CARTESIAN_POINT('',(161.623854,-69.727068,1.585));
#6560 = LINE('',#6561,#6562);
#6561 = CARTESIAN_POINT('',(161.587209,-69.711228,1.585));
#6562 = VECTOR('',#6563,1.);
#6563 = DIRECTION('',(0.917916218184,-0.396774263775,0.));
#6564 = ORIENTED_EDGE('',*,*,#6565,.T.);
#6565 = EDGE_CURVE('',#6558,#6566,#6568,.T.);
#6566 = VERTEX_POINT('',#6567);
#6567 = CARTESIAN_POINT('',(161.655532,-69.711228,1.585));
#6568 = LINE('',#6569,#6570);
#6569 = CARTESIAN_POINT('',(161.623854,-69.727068,1.585));
#6570 = VECTOR('',#6571,1.);
#6571 = DIRECTION('',(0.894415896872,0.447236183043,0.));
#6572 = ORIENTED_EDGE('',*,*,#6573,.T.);
#6573 = EDGE_CURVE('',#6566,#6574,#6576,.T.);
#6574 = VERTEX_POINT('',#6575);
#6575 = CARTESIAN_POINT('',(161.671371,-69.679551,1.585));
#6576 = LINE('',#6577,#6578);
#6577 = CARTESIAN_POINT('',(161.655532,-69.711228,1.585));
#6578 = VECTOR('',#6579,1.);
#6579 = DIRECTION('',(0.447224889735,0.894421543793,0.));
#6580 = ORIENTED_EDGE('',*,*,#6581,.T.);
#6581 = EDGE_CURVE('',#6574,#6582,#6584,.T.);
#6582 = VERTEX_POINT('',#6583);
#6583 = CARTESIAN_POINT('',(161.673613,-69.594365,1.585));
#6584 = LINE('',#6585,#6586);
#6585 = CARTESIAN_POINT('',(161.671371,-69.679551,1.585));
#6586 = VECTOR('',#6587,1.);
#6587 = DIRECTION('',(2.630976809686E-02,0.999653838137,0.));
#6588 = ORIENTED_EDGE('',*,*,#6589,.T.);
#6589 = EDGE_CURVE('',#6582,#6361,#6590,.T.);
#6590 = LINE('',#6591,#6592);
#6591 = CARTESIAN_POINT('',(161.673613,-69.594365,1.585));
#6592 = VECTOR('',#6593,1.);
#6593 = DIRECTION('',(0.455717963577,0.890124225978,0.));
#6594 = PLANE('',#6595);
#6595 = AXIS2_PLACEMENT_3D('',#6596,#6597,#6598);
#6596 = CARTESIAN_POINT('',(0.,0.,1.585));
#6597 = DIRECTION('',(0.,0.,1.));
#6598 = DIRECTION('',(1.,0.,-0.));
#6599 = SHELL_BASED_SURFACE_MODEL('',(#6600));
#6600 = OPEN_SHELL('',(#6601));
#6601 = ADVANCED_FACE('',(#6602),#6646,.T.);
#6602 = FACE_BOUND('',#6603,.F.);
#6603 = EDGE_LOOP('',(#6604,#6615,#6623,#6632,#6640));
#6604 = ORIENTED_EDGE('',*,*,#6605,.T.);
#6605 = EDGE_CURVE('',#6606,#6608,#6610,.T.);
#6606 = VERTEX_POINT('',#6607);
#6607 = CARTESIAN_POINT('',(161.646606,-68.786506,1.585));
#6608 = VERTEX_POINT('',#6609);
#6609 = CARTESIAN_POINT('',(161.7428,-68.80564,1.585));
#6610 = CIRCLE('',#6611,4.999998452108E-02);
#6611 = AXIS2_PLACEMENT_3D('',#6612,#6613,#6614);
#6612 = CARTESIAN_POINT('',(161.69280001547,-68.80564003736,1.585));
#6613 = DIRECTION('',(0.,0.,-1.));
#6614 = DIRECTION('',(-0.923880595592,0.382680865851,0.));
#6615 = ORIENTED_EDGE('',*,*,#6616,.T.);
#6616 = EDGE_CURVE('',#6608,#6617,#6619,.T.);
#6617 = VERTEX_POINT('',#6618);
#6618 = CARTESIAN_POINT('',(161.7428,-69.262782,1.585));
#6619 = LINE('',#6620,#6621);
#6620 = CARTESIAN_POINT('',(161.7428,-68.80564,1.585));
#6621 = VECTOR('',#6622,1.);
#6622 = DIRECTION('',(0.,-1.,0.));
#6623 = ORIENTED_EDGE('',*,*,#6624,.T.);
#6624 = EDGE_CURVE('',#6617,#6625,#6627,.T.);
#6625 = VERTEX_POINT('',#6626);
#6626 = CARTESIAN_POINT('',(161.6428,-69.262782,1.585));
#6627 = CIRCLE('',#6628,5.000000000002E-02);
#6628 = AXIS2_PLACEMENT_3D('',#6629,#6630,#6631);
#6629 = CARTESIAN_POINT('',(161.6928,-69.26278195228,1.585));
#6630 = DIRECTION('',(-0.,0.,-1.));
#6631 = DIRECTION('',(1.,-9.542364409753E-07,-0.));
#6632 = ORIENTED_EDGE('',*,*,#6633,.T.);
#6633 = EDGE_CURVE('',#6625,#6634,#6636,.T.);
#6634 = VERTEX_POINT('',#6635);
#6635 = CARTESIAN_POINT('',(161.6428,-68.80564,1.585));
#6636 = LINE('',#6637,#6638);
#6637 = CARTESIAN_POINT('',(161.6428,-69.262782,1.585));
#6638 = VECTOR('',#6639,1.);
#6639 = DIRECTION('',(0.,1.,0.));
#6640 = ORIENTED_EDGE('',*,*,#6641,.T.);
#6641 = EDGE_CURVE('',#6634,#6606,#6642,.T.);
#6642 = LINE('',#6643,#6644);
#6643 = CARTESIAN_POINT('',(161.6428,-68.80564,1.585));
#6644 = VECTOR('',#6645,1.);
#6645 = DIRECTION('',(0.195090852695,0.980785174845,0.));
#6646 = PLANE('',#6647);
#6647 = AXIS2_PLACEMENT_3D('',#6648,#6649,#6650);
#6648 = CARTESIAN_POINT('',(0.,0.,1.585));
#6649 = DIRECTION('',(0.,0.,1.));
#6650 = DIRECTION('',(1.,0.,-0.));
#6651 = SHELL_BASED_SURFACE_MODEL('',(#6652));
#6652 = OPEN_SHELL('',(#6653));
#6653 = ADVANCED_FACE('',(#6654),#6731,.T.);
#6654 = FACE_BOUND('',#6655,.F.);
#6655 = EDGE_LOOP('',(#6656,#6667,#6675,#6684,#6692,#6701,#6709,#6717,
    #6725));
#6656 = ORIENTED_EDGE('',*,*,#6657,.T.);
#6657 = EDGE_CURVE('',#6658,#6660,#6662,.T.);
#6658 = VERTEX_POINT('',#6659);
#6659 = CARTESIAN_POINT('',(161.271497,-68.209184,1.585));
#6660 = VERTEX_POINT('',#6661);
#6661 = CARTESIAN_POINT('',(161.337182,-68.158206,1.585));
#6662 = CIRCLE('',#6663,4.999967670833E-02);
#6663 = AXIS2_PLACEMENT_3D('',#6664,#6665,#6666);
#6664 = CARTESIAN_POINT('',(161.32137091302,-68.20563992456,1.585));
#6665 = DIRECTION('',(0.,0.,-1.));
#6666 = DIRECTION('',(-0.997484710033,-7.088196702979E-02,-0.));
#6667 = ORIENTED_EDGE('',*,*,#6668,.T.);
#6668 = EDGE_CURVE('',#6660,#6669,#6671,.T.);
#6669 = VERTEX_POINT('',#6670);
#6670 = CARTESIAN_POINT('',(161.937183,-68.358206,1.585));
#6671 = LINE('',#6672,#6673);
#6672 = CARTESIAN_POINT('',(161.337182,-68.158206,1.585));
#6673 = VECTOR('',#6674,1.);
#6674 = DIRECTION('',(0.948683456164,-0.316227291676,0.));
#6675 = ORIENTED_EDGE('',*,*,#6676,.T.);
#6676 = EDGE_CURVE('',#6669,#6677,#6679,.T.);
#6677 = VERTEX_POINT('',#6678);
#6678 = CARTESIAN_POINT('',(161.937183,-68.453074,1.585));
#6679 = CIRCLE('',#6680,4.999970343244E-02);
#6680 = AXIS2_PLACEMENT_3D('',#6681,#6682,#6683);
#6681 = CARTESIAN_POINT('',(161.92137205482,-68.40564,1.585));
#6682 = DIRECTION('',(0.,0.,-1.));
#6683 = DIRECTION('',(0.316220779119,0.948685626988,0.));
#6684 = ORIENTED_EDGE('',*,*,#6685,.T.);
#6685 = EDGE_CURVE('',#6677,#6686,#6688,.T.);
#6686 = VERTEX_POINT('',#6687);
#6687 = CARTESIAN_POINT('',(161.337182,-68.653074,1.585));
#6688 = LINE('',#6689,#6690);
#6689 = CARTESIAN_POINT('',(161.937183,-68.453074,1.585));
#6690 = VECTOR('',#6691,1.);
#6691 = DIRECTION('',(-0.948683456164,-0.316227291676,0.));
#6692 = ORIENTED_EDGE('',*,*,#6693,.T.);
#6693 = EDGE_CURVE('',#6686,#6694,#6696,.T.);
#6694 = VERTEX_POINT('',#6695);
#6695 = CARTESIAN_POINT('',(161.30556,-68.558206,1.585));
#6696 = CIRCLE('',#6697,4.99997207716E-02);
#6697 = AXIS2_PLACEMENT_3D('',#6698,#6699,#6700);
#6698 = CARTESIAN_POINT('',(161.32137053738,-68.6056401542,1.585));
#6699 = DIRECTION('',(0.,0.,-1.));
#6700 = DIRECTION('',(0.316231018311,-0.948682213946,0.));
#6701 = ORIENTED_EDGE('',*,*,#6702,.T.);
#6702 = EDGE_CURVE('',#6694,#6703,#6705,.T.);
#6703 = VERTEX_POINT('',#6704);
#6704 = CARTESIAN_POINT('',(161.763258,-68.40564,1.585));
#6705 = LINE('',#6706,#6707);
#6706 = CARTESIAN_POINT('',(161.30556,-68.558206,1.585));
#6707 = VECTOR('',#6708,1.);
#6708 = DIRECTION('',(0.948683298051,0.316227766017,0.));
#6709 = ORIENTED_EDGE('',*,*,#6710,.T.);
#6710 = EDGE_CURVE('',#6703,#6711,#6713,.T.);
#6711 = VERTEX_POINT('',#6712);
#6712 = CARTESIAN_POINT('',(161.30556,-68.253074,1.585));
#6713 = LINE('',#6714,#6715);
#6714 = CARTESIAN_POINT('',(161.763258,-68.40564,1.585));
#6715 = VECTOR('',#6716,1.);
#6716 = DIRECTION('',(-0.948683298051,0.316227766017,0.));
#6717 = ORIENTED_EDGE('',*,*,#6718,.T.);
#6718 = EDGE_CURVE('',#6711,#6719,#6721,.T.);
#6719 = VERTEX_POINT('',#6720);
#6720 = CARTESIAN_POINT('',(161.288611,-68.243413,1.585));
#6721 = LINE('',#6722,#6723);
#6722 = CARTESIAN_POINT('',(161.30556,-68.253074,1.585));
#6723 = VECTOR('',#6724,1.);
#6724 = DIRECTION('',(-0.868775726523,0.495205752193,0.));
#6725 = ORIENTED_EDGE('',*,*,#6726,.T.);
#6726 = EDGE_CURVE('',#6719,#6658,#6727,.T.);
#6727 = LINE('',#6728,#6729);
#6728 = CARTESIAN_POINT('',(161.288611,-68.243413,1.585));
#6729 = VECTOR('',#6730,1.);
#6730 = DIRECTION('',(-0.447203143134,0.894432417106,0.));
#6731 = PLANE('',#6732);
#6732 = AXIS2_PLACEMENT_3D('',#6733,#6734,#6735);
#6733 = CARTESIAN_POINT('',(0.,0.,1.585));
#6734 = DIRECTION('',(0.,0.,1.));
#6735 = DIRECTION('',(1.,0.,-0.));
#6736 = SHELL_BASED_SURFACE_MODEL('',(#6737));
#6737 = OPEN_SHELL('',(#6738));
#6738 = ADVANCED_FACE('',(#6739),#6865,.T.);
#6739 = FACE_BOUND('',#6740,.F.);
#6740 = EDGE_LOOP('',(#6741,#6752,#6760,#6769,#6777,#6785,#6793,#6801,
    #6810,#6818,#6826,#6834,#6843,#6851,#6859));
#6741 = ORIENTED_EDGE('',*,*,#6742,.T.);
#6742 = EDGE_CURVE('',#6743,#6745,#6747,.T.);
#6743 = VERTEX_POINT('',#6744);
#6744 = CARTESIAN_POINT('',(161.875177,-67.67222,1.585));
#6745 = VERTEX_POINT('',#6746);
#6746 = CARTESIAN_POINT('',(161.971371,-67.691354,1.585));
#6747 = CIRCLE('',#6748,4.999998452109E-02);
#6748 = AXIS2_PLACEMENT_3D('',#6749,#6750,#6751);
#6749 = CARTESIAN_POINT('',(161.92137101547,-67.69135403736,1.585));
#6750 = DIRECTION('',(0.,0.,-1.));
#6751 = DIRECTION('',(-0.923880595592,0.382680865852,0.));
#6752 = ORIENTED_EDGE('',*,*,#6753,.T.);
#6753 = EDGE_CURVE('',#6745,#6754,#6756,.T.);
#6754 = VERTEX_POINT('',#6755);
#6755 = CARTESIAN_POINT('',(161.971371,-68.034211,1.585));
#6756 = LINE('',#6757,#6758);
#6757 = CARTESIAN_POINT('',(161.971371,-67.691354,1.585));
#6758 = VECTOR('',#6759,1.);
#6759 = DIRECTION('',(0.,-1.,0.));
#6760 = ORIENTED_EDGE('',*,*,#6761,.T.);
#6761 = EDGE_CURVE('',#6754,#6762,#6764,.T.);
#6762 = VERTEX_POINT('',#6763);
#6763 = CARTESIAN_POINT('',(161.871371,-68.034211,1.585));
#6764 = CIRCLE('',#6765,5.000000000002E-02);
#6765 = AXIS2_PLACEMENT_3D('',#6766,#6767,#6768);
#6766 = CARTESIAN_POINT('',(161.921371,-68.03421095228,1.585));
#6767 = DIRECTION('',(-0.,0.,-1.));
#6768 = DIRECTION('',(1.,-9.542364409747E-07,-0.));
#6769 = ORIENTED_EDGE('',*,*,#6770,.T.);
#6770 = EDGE_CURVE('',#6762,#6771,#6773,.T.);
#6771 = VERTEX_POINT('',#6772);
#6772 = CARTESIAN_POINT('',(161.871371,-67.912782,1.585));
#6773 = LINE('',#6774,#6775);
#6774 = CARTESIAN_POINT('',(161.871371,-68.034211,1.585));
#6775 = VECTOR('',#6776,1.);
#6776 = DIRECTION('',(0.,1.,0.));
#6777 = ORIENTED_EDGE('',*,*,#6778,.T.);
#6778 = EDGE_CURVE('',#6771,#6779,#6781,.T.);
#6779 = VERTEX_POINT('',#6780);
#6780 = CARTESIAN_POINT('',(161.470652,-67.912782,1.585));
#6781 = LINE('',#6782,#6783);
#6782 = CARTESIAN_POINT('',(161.871371,-67.912782,1.585));
#6783 = VECTOR('',#6784,1.);
#6784 = DIRECTION('',(-1.,0.,0.));
#6785 = ORIENTED_EDGE('',*,*,#6786,.T.);
#6786 = EDGE_CURVE('',#6779,#6787,#6789,.T.);
#6787 = VERTEX_POINT('',#6788);
#6788 = CARTESIAN_POINT('',(161.508949,-67.954707,1.585));
#6789 = LINE('',#6790,#6791);
#6790 = CARTESIAN_POINT('',(161.470652,-67.912782,1.585));
#6791 = VECTOR('',#6792,1.);
#6792 = DIRECTION('',(0.674438881491,-0.738330681425,0.));
#6793 = ORIENTED_EDGE('',*,*,#6794,.T.);
#6794 = EDGE_CURVE('',#6787,#6795,#6797,.T.);
#6795 = VERTEX_POINT('',#6796);
#6796 = CARTESIAN_POINT('',(161.542674,-68.030666,1.585));
#6797 = LINE('',#6798,#6799);
#6798 = CARTESIAN_POINT('',(161.508949,-67.954707,1.585));
#6799 = VECTOR('',#6800,1.);
#6800 = DIRECTION('',(0.405791235018,-0.913965794536,0.));
#6801 = ORIENTED_EDGE('',*,*,#6802,.T.);
#6802 = EDGE_CURVE('',#6795,#6803,#6805,.T.);
#6803 = VERTEX_POINT('',#6804);
#6804 = CARTESIAN_POINT('',(161.46004,-68.071984,1.585));
#6805 = CIRCLE('',#6806,4.999982901495E-02);
#6806 = AXIS2_PLACEMENT_3D('',#6807,#6808,#6809);
#6807 = CARTESIAN_POINT('',(161.49280003431,-68.03421148283,1.585));
#6808 = DIRECTION('',(0.,0.,-1.));
#6809 = DIRECTION('',(0.997482724763,7.090989915673E-02,0.));
#6810 = ORIENTED_EDGE('',*,*,#6811,.T.);
#6811 = EDGE_CURVE('',#6803,#6812,#6814,.T.);
#6812 = VERTEX_POINT('',#6813);
#6813 = CARTESIAN_POINT('',(161.423136,-68.006686,1.585));
#6814 = LINE('',#6815,#6816);
#6815 = CARTESIAN_POINT('',(161.46004,-68.071984,1.585));
#6816 = VECTOR('',#6817,1.);
#6817 = DIRECTION('',(-0.492021231854,0.870583199588,0.));
#6818 = ORIENTED_EDGE('',*,*,#6819,.T.);
#6819 = EDGE_CURVE('',#6812,#6820,#6822,.T.);
#6820 = VERTEX_POINT('',#6821);
#6821 = CARTESIAN_POINT('',(161.375233,-67.958783,1.585));
#6822 = LINE('',#6823,#6824);
#6823 = CARTESIAN_POINT('',(161.423136,-68.006686,1.585));
#6824 = VECTOR('',#6825,1.);
#6825 = DIRECTION('',(-0.707106781186,0.707106781187,0.));
#6826 = ORIENTED_EDGE('',*,*,#6827,.T.);
#6827 = EDGE_CURVE('',#6820,#6828,#6830,.T.);
#6828 = VERTEX_POINT('',#6829);
#6829 = CARTESIAN_POINT('',(161.293636,-67.904384,1.585));
#6830 = LINE('',#6831,#6832);
#6831 = CARTESIAN_POINT('',(161.375233,-67.958783,1.585));
#6832 = VECTOR('',#6833,1.);
#6833 = DIRECTION('',(-0.832045587995,0.554707255675,0.));
#6834 = ORIENTED_EDGE('',*,*,#6835,.T.);
#6835 = EDGE_CURVE('',#6828,#6836,#6838,.T.);
#6836 = VERTEX_POINT('',#6837);
#6837 = CARTESIAN_POINT('',(161.321371,-67.812782,1.585));
#6838 = CIRCLE('',#6839,4.999972133289E-02);
#6839 = AXIS2_PLACEMENT_3D('',#6840,#6841,#6842);
#6840 = CARTESIAN_POINT('',(161.32137086151,-67.86278172133,1.585));
#6841 = DIRECTION('',(0.,0.,-1.));
#6842 = DIRECTION('',(-0.554700321762,-0.832050210647,-0.));
#6843 = ORIENTED_EDGE('',*,*,#6844,.T.);
#6844 = EDGE_CURVE('',#6836,#6845,#6847,.T.);
#6845 = VERTEX_POINT('',#6846);
#6846 = CARTESIAN_POINT('',(161.871371,-67.812782,1.585));
#6847 = LINE('',#6848,#6849);
#6848 = CARTESIAN_POINT('',(161.321371,-67.812782,1.585));
#6849 = VECTOR('',#6850,1.);
#6850 = DIRECTION('',(1.,0.,0.));
#6851 = ORIENTED_EDGE('',*,*,#6852,.T.);
#6852 = EDGE_CURVE('',#6845,#6853,#6855,.T.);
#6853 = VERTEX_POINT('',#6854);
#6854 = CARTESIAN_POINT('',(161.871371,-67.691354,1.585));
#6855 = LINE('',#6856,#6857);
#6856 = CARTESIAN_POINT('',(161.871371,-67.812782,1.585));
#6857 = VECTOR('',#6858,1.);
#6858 = DIRECTION('',(0.,1.,0.));
#6859 = ORIENTED_EDGE('',*,*,#6860,.T.);
#6860 = EDGE_CURVE('',#6853,#6743,#6861,.T.);
#6861 = LINE('',#6862,#6863);
#6862 = CARTESIAN_POINT('',(161.871371,-67.691354,1.585));
#6863 = VECTOR('',#6864,1.);
#6864 = DIRECTION('',(0.195090852694,0.980785174845,0.));
#6865 = PLANE('',#6866);
#6866 = AXIS2_PLACEMENT_3D('',#6867,#6868,#6869);
#6867 = CARTESIAN_POINT('',(0.,0.,1.585));
#6868 = DIRECTION('',(0.,0.,1.));
#6869 = DIRECTION('',(1.,0.,-0.));
#6870 = SHELL_BASED_SURFACE_MODEL('',(#6871));
#6871 = OPEN_SHELL('',(#6872));
#6872 = ADVANCED_FACE('',(#6873),#6956,.T.);
#6873 = FACE_BOUND('',#6874,.F.);
#6874 = EDGE_LOOP('',(#6875,#6886,#6894,#6902,#6910,#6918,#6926,#6934,
    #6942,#6950));
#6875 = ORIENTED_EDGE('',*,*,#6876,.T.);
#6876 = EDGE_CURVE('',#6877,#6879,#6881,.T.);
#6877 = VERTEX_POINT('',#6878);
#6878 = CARTESIAN_POINT('',(161.857445,-67.370283,1.585));
#6879 = VERTEX_POINT('',#6880);
#6880 = CARTESIAN_POINT('',(161.928155,-67.370284,1.585));
#6881 = CIRCLE('',#6882,4.999898287385E-02);
#6882 = AXIS2_PLACEMENT_3D('',#6883,#6884,#6885);
#6883 = CARTESIAN_POINT('',(161.89279950001,-67.40563773967,1.585));
#6884 = DIRECTION('',(0.,0.,-1.));
#6885 = DIRECTION('',(-0.707104384502,0.707109177863,0.));
#6886 = ORIENTED_EDGE('',*,*,#6887,.T.);
#6887 = EDGE_CURVE('',#6879,#6888,#6890,.T.);
#6888 = VERTEX_POINT('',#6889);
#6889 = CARTESIAN_POINT('',(161.967565,-67.415076,1.585));
#6890 = LINE('',#6891,#6892);
#6891 = CARTESIAN_POINT('',(161.928155,-67.370284,1.585));
#6892 = VECTOR('',#6893,1.);
#6893 = DIRECTION('',(0.660562147021,-0.750771369941,0.));
#6894 = ORIENTED_EDGE('',*,*,#6895,.T.);
#6895 = EDGE_CURVE('',#6888,#6896,#6898,.T.);
#6896 = VERTEX_POINT('',#6897);
#6897 = CARTESIAN_POINT('',(161.967565,-67.453344,1.585));
#6898 = LINE('',#6899,#6900);
#6899 = CARTESIAN_POINT('',(161.967565,-67.415076,1.585));
#6900 = VECTOR('',#6901,1.);
#6901 = DIRECTION('',(0.,-1.,0.));
#6902 = ORIENTED_EDGE('',*,*,#6903,.T.);
#6903 = EDGE_CURVE('',#6896,#6904,#6906,.T.);
#6904 = VERTEX_POINT('',#6905);
#6905 = CARTESIAN_POINT('',(161.928156,-67.498137,1.585));
#6906 = LINE('',#6907,#6908);
#6907 = CARTESIAN_POINT('',(161.967565,-67.453344,1.585));
#6908 = VECTOR('',#6909,1.);
#6909 = DIRECTION('',(-0.660544386796,-0.750786995807,0.));
#6910 = ORIENTED_EDGE('',*,*,#6911,.T.);
#6911 = EDGE_CURVE('',#6904,#6912,#6914,.T.);
#6912 = VERTEX_POINT('',#6913);
#6913 = CARTESIAN_POINT('',(161.911934,-67.508976,1.585));
#6914 = LINE('',#6915,#6916);
#6915 = CARTESIAN_POINT('',(161.928156,-67.498137,1.585));
#6916 = VECTOR('',#6917,1.);
#6917 = DIRECTION('',(-0.831474202432,-0.555563363344,0.));
#6918 = ORIENTED_EDGE('',*,*,#6919,.T.);
#6919 = EDGE_CURVE('',#6912,#6920,#6922,.T.);
#6920 = VERTEX_POINT('',#6921);
#6921 = CARTESIAN_POINT('',(161.873666,-67.508976,1.585));
#6922 = LINE('',#6923,#6924);
#6923 = CARTESIAN_POINT('',(161.911934,-67.508976,1.585));
#6924 = VECTOR('',#6925,1.);
#6925 = DIRECTION('',(-1.,0.,0.));
#6926 = ORIENTED_EDGE('',*,*,#6927,.T.);
#6927 = EDGE_CURVE('',#6920,#6928,#6930,.T.);
#6928 = VERTEX_POINT('',#6929);
#6929 = CARTESIAN_POINT('',(161.828873,-67.469565,1.585));
#6930 = LINE('',#6931,#6932);
#6931 = CARTESIAN_POINT('',(161.873666,-67.508976,1.585));
#6932 = VECTOR('',#6933,1.);
#6933 = DIRECTION('',(-0.750770371179,0.660563282177,0.));
#6934 = ORIENTED_EDGE('',*,*,#6935,.T.);
#6935 = EDGE_CURVE('',#6928,#6936,#6938,.T.);
#6936 = VERTEX_POINT('',#6937);
#6937 = CARTESIAN_POINT('',(161.818034,-67.453344,1.585));
#6938 = LINE('',#6939,#6940);
#6939 = CARTESIAN_POINT('',(161.828873,-67.469565,1.585));
#6940 = VECTOR('',#6941,1.);
#6941 = DIRECTION('',(-0.555587041131,0.831458381236,0.));
#6942 = ORIENTED_EDGE('',*,*,#6943,.T.);
#6943 = EDGE_CURVE('',#6936,#6944,#6946,.T.);
#6944 = VERTEX_POINT('',#6945);
#6945 = CARTESIAN_POINT('',(161.818034,-67.415075,1.585));
#6946 = LINE('',#6947,#6948);
#6947 = CARTESIAN_POINT('',(161.818034,-67.453344,1.585));
#6948 = VECTOR('',#6949,1.);
#6949 = DIRECTION('',(0.,1.,0.));
#6950 = ORIENTED_EDGE('',*,*,#6951,.T.);
#6951 = EDGE_CURVE('',#6944,#6877,#6952,.T.);
#6952 = LINE('',#6953,#6954);
#6953 = CARTESIAN_POINT('',(161.818034,-67.415075,1.585));
#6954 = VECTOR('',#6955,1.);
#6955 = DIRECTION('',(0.660571594489,0.750763057531,0.));
#6956 = PLANE('',#6957);
#6957 = AXIS2_PLACEMENT_3D('',#6958,#6959,#6960);
#6958 = CARTESIAN_POINT('',(0.,0.,1.585));
#6959 = DIRECTION('',(0.,0.,1.));
#6960 = DIRECTION('',(1.,0.,-0.));
#6961 = SHELL_BASED_SURFACE_MODEL('',(#6962));
#6962 = OPEN_SHELL('',(#6963));
#6963 = ADVANCED_FACE('',(#6964),#7131,.T.);
#6964 = FACE_BOUND('',#6965,.F.);
#6965 = EDGE_LOOP('',(#6966,#6976,#6984,#6993,#7001,#7009,#7017,#7025,
    #7033,#7042,#7050,#7059,#7067,#7075,#7083,#7092,#7100,#7108,#7116,
    #7125));
#6966 = ORIENTED_EDGE('',*,*,#6967,.T.);
#6967 = EDGE_CURVE('',#6968,#6970,#6972,.T.);
#6968 = VERTEX_POINT('',#6969);
#6969 = CARTESIAN_POINT('',(159.907502,-66.665587,1.585));
#6970 = VERTEX_POINT('',#6971);
#6971 = CARTESIAN_POINT('',(159.988726,-66.624613,1.585));
#6972 = LINE('',#6973,#6974);
#6973 = CARTESIAN_POINT('',(159.907502,-66.665587,1.585));
#6974 = VECTOR('',#6975,1.);
#6975 = DIRECTION('',(0.892829856604,0.450394102045,0.));
#6976 = ORIENTED_EDGE('',*,*,#6977,.T.);
#6977 = EDGE_CURVE('',#6970,#6978,#6980,.T.);
#6978 = VERTEX_POINT('',#6979);
#6979 = CARTESIAN_POINT('',(160.145313,-66.622859,1.585));
#6980 = LINE('',#6981,#6982);
#6981 = CARTESIAN_POINT('',(159.988726,-66.624613,1.585));
#6982 = VECTOR('',#6983,1.);
#6983 = DIRECTION('',(0.999937269766,1.120073806357E-02,0.));
#6984 = ORIENTED_EDGE('',*,*,#6985,.T.);
#6985 = EDGE_CURVE('',#6978,#6986,#6988,.T.);
#6986 = VERTEX_POINT('',#6987);
#6987 = CARTESIAN_POINT('',(160.273293,-66.707154,1.585));
#6988 = CIRCLE('',#6989,0.197660226714);
#6989 = AXIS2_PLACEMENT_3D('',#6990,#6991,#6992);
#6990 = CARTESIAN_POINT('',(160.1090794695,-66.81716982443,1.585));
#6991 = DIRECTION('',(0.,0.,-1.));
#6992 = DIRECTION('',(0.183312197404,0.983054748365,0.));
#6993 = ORIENTED_EDGE('',*,*,#6994,.T.);
#6994 = EDGE_CURVE('',#6986,#6995,#6997,.T.);
#6995 = VERTEX_POINT('',#6996);
#6996 = CARTESIAN_POINT('',(160.307016,-66.783113,1.585));
#6997 = LINE('',#6998,#6999);
#6998 = CARTESIAN_POINT('',(160.273293,-66.707154,1.585));
#6999 = VECTOR('',#7000,1.);
#7000 = DIRECTION('',(0.405771132663,-0.913974719507,0.));
#7001 = ORIENTED_EDGE('',*,*,#7002,.T.);
#7002 = EDGE_CURVE('',#6995,#7003,#7005,.T.);
#7003 = VERTEX_POINT('',#7004);
#7004 = CARTESIAN_POINT('',(160.304576,-66.859612,1.585));
#7005 = LINE('',#7006,#7007);
#7006 = CARTESIAN_POINT('',(160.307016,-66.783113,1.585));
#7007 = VECTOR('',#7008,1.);
#7008 = DIRECTION('',(-3.187962961162E-02,-0.999491715431,0.));
#7009 = ORIENTED_EDGE('',*,*,#7010,.T.);
#7010 = EDGE_CURVE('',#7003,#7011,#7013,.T.);
#7011 = VERTEX_POINT('',#7012);
#7012 = CARTESIAN_POINT('',(160.270314,-66.955308,1.585));
#7013 = LINE('',#7014,#7015);
#7014 = CARTESIAN_POINT('',(160.304576,-66.859612,1.585));
#7015 = VECTOR('',#7016,1.);
#7016 = DIRECTION('',(-0.337076696136,-0.941477190867,0.));
#7017 = ORIENTED_EDGE('',*,*,#7018,.T.);
#7018 = EDGE_CURVE('',#7011,#7019,#7021,.T.);
#7019 = VERTEX_POINT('',#7020);
#7020 = CARTESIAN_POINT('',(160.006424,-67.222371,1.585));
#7021 = LINE('',#7022,#7023);
#7022 = CARTESIAN_POINT('',(160.270314,-66.955308,1.585));
#7023 = VECTOR('',#7024,1.);
#7024 = DIRECTION('',(-0.702868527231,-0.711319782818,0.));
#7025 = ORIENTED_EDGE('',*,*,#7026,.T.);
#7026 = EDGE_CURVE('',#7019,#7027,#7029,.T.);
#7027 = VERTEX_POINT('',#7028);
#7028 = CARTESIAN_POINT('',(160.257142,-67.222371,1.585));
#7029 = LINE('',#7030,#7031);
#7030 = CARTESIAN_POINT('',(160.006424,-67.222371,1.585));
#7031 = VECTOR('',#7032,1.);
#7032 = DIRECTION('',(1.,0.,0.));
#7033 = ORIENTED_EDGE('',*,*,#7034,.T.);
#7034 = EDGE_CURVE('',#7027,#7035,#7037,.T.);
#7035 = VERTEX_POINT('',#7036);
#7036 = CARTESIAN_POINT('',(160.257142,-67.322371,1.585));
#7037 = CIRCLE('',#7038,5.000000000002E-02);
#7038 = AXIS2_PLACEMENT_3D('',#7039,#7040,#7041);
#7039 = CARTESIAN_POINT('',(160.25714195228,-67.272371,1.585));
#7040 = DIRECTION('',(0.,0.,-1.));
#7041 = DIRECTION('',(9.542361567579E-07,1.,0.));
#7042 = ORIENTED_EDGE('',*,*,#7043,.T.);
#7043 = EDGE_CURVE('',#7035,#7044,#7046,.T.);
#7044 = VERTEX_POINT('',#7045);
#7045 = CARTESIAN_POINT('',(159.885714,-67.322371,1.585));
#7046 = LINE('',#7047,#7048);
#7047 = CARTESIAN_POINT('',(160.257142,-67.322371,1.585));
#7048 = VECTOR('',#7049,1.);
#7049 = DIRECTION('',(-1.,0.,0.));
#7050 = ORIENTED_EDGE('',*,*,#7051,.T.);
#7051 = EDGE_CURVE('',#7044,#7052,#7054,.T.);
#7052 = VERTEX_POINT('',#7053);
#7053 = CARTESIAN_POINT('',(159.850359,-67.237016,1.585));
#7054 = CIRCLE('',#7055,4.999963895009E-02);
#7055 = AXIS2_PLACEMENT_3D('',#7056,#7057,#7058);
#7056 = CARTESIAN_POINT('',(159.88571380646,-67.27237136105,1.585));
#7057 = DIRECTION('',(0.,0.,-1.));
#7058 = DIRECTION('',(3.870737925354E-06,-0.999999999993,0.));
#7059 = ORIENTED_EDGE('',*,*,#7060,.T.);
#7060 = EDGE_CURVE('',#7052,#7061,#7063,.T.);
#7061 = VERTEX_POINT('',#7062);
#7062 = CARTESIAN_POINT('',(160.184869,-66.902505,1.585));
#7063 = LINE('',#7064,#7065);
#7064 = CARTESIAN_POINT('',(159.850359,-67.237016,1.585));
#7065 = VECTOR('',#7066,1.);
#7066 = DIRECTION('',(0.707105724258,0.707107838113,0.));
#7067 = ORIENTED_EDGE('',*,*,#7068,.T.);
#7068 = EDGE_CURVE('',#7061,#7069,#7071,.T.);
#7069 = VERTEX_POINT('',#7070);
#7070 = CARTESIAN_POINT('',(160.207142,-66.835687,1.585));
#7071 = LINE('',#7072,#7073);
#7072 = CARTESIAN_POINT('',(160.184869,-66.902505,1.585));
#7073 = VECTOR('',#7074,1.);
#7074 = DIRECTION('',(0.316232025413,0.948681878241,0.));
#7075 = ORIENTED_EDGE('',*,*,#7076,.T.);
#7076 = EDGE_CURVE('',#7069,#7077,#7079,.T.);
#7077 = VERTEX_POINT('',#7078);
#7078 = CARTESIAN_POINT('',(160.207142,-66.79846,1.585));
#7079 = LINE('',#7080,#7081);
#7080 = CARTESIAN_POINT('',(160.207142,-66.835687,1.585));
#7081 = VECTOR('',#7082,1.);
#7082 = DIRECTION('',(0.,1.,0.));
#7083 = ORIENTED_EDGE('',*,*,#7084,.T.);
#7084 = EDGE_CURVE('',#7077,#7085,#7087,.T.);
#7085 = VERTEX_POINT('',#7086);
#7086 = CARTESIAN_POINT('',(160.131053,-66.722371,1.585));
#7087 = CIRCLE('',#7088,0.10648053963);
#7088 = AXIS2_PLACEMENT_3D('',#7089,#7090,#7091);
#7089 = CARTESIAN_POINT('',(160.10412313059,-66.8253898694,1.585));
#7090 = DIRECTION('',(0.,0.,1.));
#7091 = DIRECTION('',(0.967490113817,0.252908836672,-0.));
#7092 = ORIENTED_EDGE('',*,*,#7093,.T.);
#7093 = EDGE_CURVE('',#7085,#7094,#7096,.T.);
#7094 = VERTEX_POINT('',#7095);
#7095 = CARTESIAN_POINT('',(160.011803,-66.722371,1.585));
#7096 = LINE('',#7097,#7098);
#7097 = CARTESIAN_POINT('',(160.131053,-66.722371,1.585));
#7098 = VECTOR('',#7099,1.);
#7099 = DIRECTION('',(-1.,0.,0.));
#7100 = ORIENTED_EDGE('',*,*,#7101,.T.);
#7101 = EDGE_CURVE('',#7094,#7102,#7104,.T.);
#7102 = VERTEX_POINT('',#7103);
#7103 = CARTESIAN_POINT('',(159.972473,-66.742036,1.585));
#7104 = LINE('',#7105,#7106);
#7105 = CARTESIAN_POINT('',(160.011803,-66.722371,1.585));
#7106 = VECTOR('',#7107,1.);
#7107 = DIRECTION('',(-0.894427191,-0.4472135955,0.));
#7108 = ORIENTED_EDGE('',*,*,#7109,.T.);
#7109 = EDGE_CURVE('',#7102,#7110,#7112,.T.);
#7110 = VERTEX_POINT('',#7111);
#7111 = CARTESIAN_POINT('',(159.933419,-66.775708,1.585));
#7112 = LINE('',#7113,#7114);
#7113 = CARTESIAN_POINT('',(159.972473,-66.742036,1.585));
#7114 = VECTOR('',#7115,1.);
#7115 = DIRECTION('',(-0.757364321978,-0.652992560291,0.));
#7116 = ORIENTED_EDGE('',*,*,#7117,.T.);
#7117 = EDGE_CURVE('',#7110,#7118,#7120,.T.);
#7118 = VERTEX_POINT('',#7119);
#7119 = CARTESIAN_POINT('',(159.868091,-66.71038,1.585));
#7120 = CIRCLE('',#7121,4.999995591998E-02);
#7121 = AXIS2_PLACEMENT_3D('',#7122,#7123,#7124);
#7122 = CARTESIAN_POINT('',(159.914285,-66.729514,1.585));
#7123 = DIRECTION('',(0.,0.,-1.));
#7124 = DIRECTION('',(0.382680337371,-0.923880814494,0.));
#7125 = ORIENTED_EDGE('',*,*,#7126,.T.);
#7126 = EDGE_CURVE('',#7118,#6968,#7127,.T.);
#7127 = LINE('',#7128,#7129);
#7128 = CARTESIAN_POINT('',(159.868091,-66.71038,1.585));
#7129 = VECTOR('',#7130,1.);
#7130 = DIRECTION('',(0.660563282177,0.750770371179,0.));
#7131 = PLANE('',#7132);
#7132 = AXIS2_PLACEMENT_3D('',#7133,#7134,#7135);
#7133 = CARTESIAN_POINT('',(0.,0.,1.585));
#7134 = DIRECTION('',(0.,0.,1.));
#7135 = DIRECTION('',(1.,0.,-0.));
#7136 = SHELL_BASED_SURFACE_MODEL('',(#7137));
#7137 = OPEN_SHELL('',(#7138));
#7138 = ADVANCED_FACE('',(#7139),#7433,.T.);
#7139 = FACE_BOUND('',#7140,.F.);
#7140 = EDGE_LOOP('',(#7141,#7151,#7159,#7167,#7175,#7184,#7192,#7200,
    #7209,#7217,#7225,#7233,#7241,#7249,#7257,#7265,#7273,#7281,#7289,
    #7297,#7305,#7313,#7321,#7330,#7338,#7346,#7355,#7363,#7371,#7379,
    #7387,#7395,#7403,#7411,#7419,#7427));
#7141 = ORIENTED_EDGE('',*,*,#7142,.T.);
#7142 = EDGE_CURVE('',#7143,#7145,#7147,.T.);
#7143 = VERTEX_POINT('',#7144);
#7144 = CARTESIAN_POINT('',(158.736072,-66.694159,1.585));
#7145 = VERTEX_POINT('',#7146);
#7146 = CARTESIAN_POINT('',(158.777639,-66.65622,1.585));
#7147 = LINE('',#7148,#7149);
#7148 = CARTESIAN_POINT('',(158.736072,-66.694159,1.585));
#7149 = VECTOR('',#7150,1.);
#7150 = DIRECTION('',(0.738604736297,0.67413874204,0.));
#7151 = ORIENTED_EDGE('',*,*,#7152,.T.);
#7152 = EDGE_CURVE('',#7145,#7153,#7155,.T.);
#7153 = VERTEX_POINT('',#7154);
#7154 = CARTESIAN_POINT('',(158.853598,-66.622497,1.585));
#7155 = LINE('',#7156,#7157);
#7156 = CARTESIAN_POINT('',(158.777639,-66.65622,1.585));
#7157 = VECTOR('',#7158,1.);
#7158 = DIRECTION('',(0.913974719507,0.405771132663,0.));
#7159 = ORIENTED_EDGE('',*,*,#7160,.T.);
#7160 = EDGE_CURVE('',#7153,#7161,#7163,.T.);
#7161 = VERTEX_POINT('',#7162);
#7162 = CARTESIAN_POINT('',(159.007861,-66.623934,1.585));
#7163 = LINE('',#7164,#7165);
#7164 = CARTESIAN_POINT('',(158.853598,-66.622497,1.585));
#7165 = VECTOR('',#7166,1.);
#7166 = DIRECTION('',(0.999956615786,-9.314856167032E-03,0.));
#7167 = ORIENTED_EDGE('',*,*,#7168,.T.);
#7168 = EDGE_CURVE('',#7161,#7169,#7171,.T.);
#7169 = VERTEX_POINT('',#7170);
#7170 = CARTESIAN_POINT('',(159.101524,-66.653508,1.585));
#7171 = LINE('',#7172,#7173);
#7172 = CARTESIAN_POINT('',(159.007861,-66.623934,1.585));
#7173 = VECTOR('',#7174,1.);
#7174 = DIRECTION('',(0.953593743183,-0.301096285202,0.));
#7175 = ORIENTED_EDGE('',*,*,#7176,.T.);
#7176 = EDGE_CURVE('',#7169,#7177,#7179,.T.);
#7177 = VERTEX_POINT('',#7178);
#7178 = CARTESIAN_POINT('',(159.069901,-66.748376,1.585));
#7179 = CIRCLE('',#7180,4.999987888471E-02);
#7180 = AXIS2_PLACEMENT_3D('',#7181,#7182,#7183);
#7181 = CARTESIAN_POINT('',(159.08571296092,-66.70094215364,1.585));
#7182 = DIRECTION('',(0.,0.,-1.));
#7183 = DIRECTION('',(0.316221547584,0.948685370839,0.));
#7184 = ORIENTED_EDGE('',*,*,#7185,.T.);
#7185 = EDGE_CURVE('',#7177,#7186,#7188,.T.);
#7186 = VERTEX_POINT('',#7187);
#7187 = CARTESIAN_POINT('',(158.991886,-66.722371,1.585));
#7188 = LINE('',#7189,#7190);
#7189 = CARTESIAN_POINT('',(159.069901,-66.748376,1.585));
#7190 = VECTOR('',#7191,1.);
#7191 = DIRECTION('',(-0.948683298051,0.316227766017,0.));
#7192 = ORIENTED_EDGE('',*,*,#7193,.T.);
#7193 = EDGE_CURVE('',#7186,#7194,#7196,.T.);
#7194 = VERTEX_POINT('',#7195);
#7195 = CARTESIAN_POINT('',(158.868945,-66.722371,1.585));
#7196 = LINE('',#7197,#7198);
#7197 = CARTESIAN_POINT('',(158.991886,-66.722371,1.585));
#7198 = VECTOR('',#7199,1.);
#7199 = DIRECTION('',(-1.,0.,0.));
#7200 = ORIENTED_EDGE('',*,*,#7201,.T.);
#7201 = EDGE_CURVE('',#7194,#7202,#7204,.T.);
#7202 = VERTEX_POINT('',#7203);
#7203 = CARTESIAN_POINT('',(158.792856,-66.79846,1.585));
#7204 = CIRCLE('',#7205,0.106474305737);
#7205 = AXIS2_PLACEMENT_3D('',#7206,#7207,#7208);
#7206 = CARTESIAN_POINT('',(158.89586976127,-66.82538476127,1.585));
#7207 = DIRECTION('',(0.,0.,1.));
#7208 = DIRECTION('',(-0.252875668831,0.96749878352,0.));
#7209 = ORIENTED_EDGE('',*,*,#7210,.T.);
#7210 = EDGE_CURVE('',#7202,#7211,#7213,.T.);
#7211 = VERTEX_POINT('',#7212);
#7212 = CARTESIAN_POINT('',(158.792856,-66.831996,1.585));
#7213 = LINE('',#7214,#7215);
#7214 = CARTESIAN_POINT('',(158.792856,-66.79846,1.585));
#7215 = VECTOR('',#7216,1.);
#7216 = DIRECTION('',(0.,-1.,0.));
#7217 = ORIENTED_EDGE('',*,*,#7218,.T.);
#7218 = EDGE_CURVE('',#7211,#7219,#7221,.T.);
#7219 = VERTEX_POINT('',#7220);
#7220 = CARTESIAN_POINT('',(158.812519,-66.871323,1.585));
#7221 = LINE('',#7222,#7223);
#7222 = CARTESIAN_POINT('',(158.792856,-66.831996,1.585));
#7223 = VECTOR('',#7224,1.);
#7224 = DIRECTION('',(0.447204498096,-0.894431739644,0.));
#7225 = ORIENTED_EDGE('',*,*,#7226,.T.);
#7226 = EDGE_CURVE('',#7219,#7227,#7229,.T.);
#7227 = VERTEX_POINT('',#7228);
#7228 = CARTESIAN_POINT('',(158.829617,-66.888421,1.585));
#7229 = LINE('',#7230,#7231);
#7230 = CARTESIAN_POINT('',(158.812519,-66.871323,1.585));
#7231 = VECTOR('',#7232,1.);
#7232 = DIRECTION('',(0.707106781187,-0.707106781186,0.));
#7233 = ORIENTED_EDGE('',*,*,#7234,.T.);
#7234 = EDGE_CURVE('',#7227,#7235,#7237,.T.);
#7235 = VERTEX_POINT('',#7236);
#7236 = CARTESIAN_POINT('',(158.874593,-66.910909,1.585));
#7237 = LINE('',#7238,#7239);
#7238 = CARTESIAN_POINT('',(158.829617,-66.888421,1.585));
#7239 = VECTOR('',#7240,1.);
#7240 = DIRECTION('',(0.894427191,-0.4472135955,0.));
#7241 = ORIENTED_EDGE('',*,*,#7242,.T.);
#7242 = EDGE_CURVE('',#7235,#7243,#7245,.T.);
#7243 = VERTEX_POINT('',#7244);
#7244 = CARTESIAN_POINT('',(158.993788,-66.941935,1.585));
#7245 = LINE('',#7246,#7247);
#7246 = CARTESIAN_POINT('',(158.874593,-66.910909,1.585));
#7247 = VECTOR('',#7248,1.);
#7248 = DIRECTION('',(0.967752671098,-0.251902297693,0.));
#7249 = ORIENTED_EDGE('',*,*,#7250,.T.);
#7250 = EDGE_CURVE('',#7243,#7251,#7253,.T.);
#7251 = VERTEX_POINT('',#7252);
#7252 = CARTESIAN_POINT('',(159.063927,-66.979873,1.585));
#7253 = LINE('',#7254,#7255);
#7254 = CARTESIAN_POINT('',(158.993788,-66.941935,1.585));
#7255 = VECTOR('',#7256,1.);
#7256 = DIRECTION('',(0.879575191587,-0.475759899891,0.));
#7257 = ORIENTED_EDGE('',*,*,#7258,.T.);
#7258 = EDGE_CURVE('',#7251,#7259,#7261,.T.);
#7259 = VERTEX_POINT('',#7260);
#7260 = CARTESIAN_POINT('',(159.101863,-67.021439,1.585));
#7261 = LINE('',#7262,#7263);
#7262 = CARTESIAN_POINT('',(159.063927,-66.979873,1.585));
#7263 = VECTOR('',#7264,1.);
#7264 = DIRECTION('',(0.674118507414,-0.738623204322,0.));
#7265 = ORIENTED_EDGE('',*,*,#7266,.T.);
#7266 = EDGE_CURVE('',#7259,#7267,#7269,.T.);
#7267 = VERTEX_POINT('',#7268);
#7268 = CARTESIAN_POINT('',(159.135587,-67.097398,1.585));
#7269 = LINE('',#7270,#7271);
#7270 = CARTESIAN_POINT('',(159.101863,-67.021439,1.585));
#7271 = VECTOR('',#7272,1.);
#7272 = DIRECTION('',(0.405781183914,-0.913970257055,0.));
#7273 = ORIENTED_EDGE('',*,*,#7274,.T.);
#7274 = EDGE_CURVE('',#7267,#7275,#7277,.T.);
#7275 = VERTEX_POINT('',#7276);
#7276 = CARTESIAN_POINT('',(159.131907,-67.177219,1.585));
#7277 = LINE('',#7278,#7279);
#7278 = CARTESIAN_POINT('',(159.135587,-67.097398,1.585));
#7279 = VECTOR('',#7280,1.);
#7280 = DIRECTION('',(-4.605423762742E-02,-0.998938940675,0.));
#7281 = ORIENTED_EDGE('',*,*,#7282,.T.);
#7282 = EDGE_CURVE('',#7275,#7283,#7285,.T.);
#7283 = VERTEX_POINT('',#7284);
#7284 = CARTESIAN_POINT('',(159.092498,-67.250583,1.585));
#7285 = LINE('',#7286,#7287);
#7286 = CARTESIAN_POINT('',(159.131907,-67.177219,1.585));
#7287 = VECTOR('',#7288,1.);
#7288 = DIRECTION('',(-0.473218108712,-0.880945299997,0.));
#7289 = ORIENTED_EDGE('',*,*,#7290,.T.);
#7290 = EDGE_CURVE('',#7283,#7291,#7293,.T.);
#7291 = VERTEX_POINT('',#7292);
#7292 = CARTESIAN_POINT('',(159.050932,-67.288521,1.585));
#7293 = LINE('',#7294,#7295);
#7294 = CARTESIAN_POINT('',(159.092498,-67.250583,1.585));
#7295 = VECTOR('',#7296,1.);
#7296 = DIRECTION('',(-0.73860550854,-0.674137895948,0.));
#7297 = ORIENTED_EDGE('',*,*,#7298,.T.);
#7298 = EDGE_CURVE('',#7291,#7299,#7301,.T.);
#7299 = VERTEX_POINT('',#7300);
#7300 = CARTESIAN_POINT('',(158.974972,-67.322245,1.585));
#7301 = LINE('',#7302,#7303);
#7302 = CARTESIAN_POINT('',(159.050932,-67.288521,1.585));
#7303 = VECTOR('',#7304,1.);
#7304 = DIRECTION('',(-0.91397223826,-0.405776721473,0.));
#7305 = ORIENTED_EDGE('',*,*,#7306,.T.);
#7306 = EDGE_CURVE('',#7299,#7307,#7309,.T.);
#7307 = VERTEX_POINT('',#7308);
#7308 = CARTESIAN_POINT('',(158.81276,-67.319805,1.585));
#7309 = LINE('',#7310,#7311);
#7310 = CARTESIAN_POINT('',(158.974972,-67.322245,1.585));
#7311 = VECTOR('',#7312,1.);
#7312 = DIRECTION('',(-0.999886887654,1.504034230433E-02,0.));
#7313 = ORIENTED_EDGE('',*,*,#7314,.T.);
#7314 = EDGE_CURVE('',#7307,#7315,#7317,.T.);
#7315 = VERTEX_POINT('',#7316);
#7316 = CARTESIAN_POINT('',(158.727045,-67.291234,1.585));
#7317 = LINE('',#7318,#7319);
#7318 = CARTESIAN_POINT('',(158.81276,-67.319805,1.585));
#7319 = VECTOR('',#7320,1.);
#7320 = DIRECTION('',(-0.948685511608,0.316221125266,0.));
#7321 = ORIENTED_EDGE('',*,*,#7322,.T.);
#7322 = EDGE_CURVE('',#7315,#7323,#7325,.T.);
#7323 = VERTEX_POINT('',#7324);
#7324 = CARTESIAN_POINT('',(158.758667,-67.196366,1.585));
#7325 = CIRCLE('',#7326,4.999972076936E-02);
#7326 = AXIS2_PLACEMENT_3D('',#7327,#7328,#7329);
#7327 = CARTESIAN_POINT('',(158.74285588885,-67.24379996295,1.585));
#7328 = DIRECTION('',(0.,0.,-1.));
#7329 = DIRECTION('',(-0.316219543028,-0.948686039007,-0.));
#7330 = ORIENTED_EDGE('',*,*,#7331,.T.);
#7331 = EDGE_CURVE('',#7323,#7332,#7334,.T.);
#7332 = VERTEX_POINT('',#7333);
#7333 = CARTESIAN_POINT('',(158.836684,-67.222371,1.585));
#7334 = LINE('',#7335,#7336);
#7335 = CARTESIAN_POINT('',(158.758667,-67.196366,1.585));
#7336 = VECTOR('',#7337,1.);
#7337 = DIRECTION('',(0.94868573002,-0.316220470015,0.));
#7338 = ORIENTED_EDGE('',*,*,#7339,.T.);
#7339 = EDGE_CURVE('',#7332,#7340,#7342,.T.);
#7340 = VERTEX_POINT('',#7341);
#7341 = CARTESIAN_POINT('',(158.959624,-67.222371,1.585));
#7342 = LINE('',#7343,#7344);
#7343 = CARTESIAN_POINT('',(158.836684,-67.222371,1.585));
#7344 = VECTOR('',#7345,1.);
#7345 = DIRECTION('',(1.,0.,0.));
#7346 = ORIENTED_EDGE('',*,*,#7347,.T.);
#7347 = EDGE_CURVE('',#7340,#7348,#7350,.T.);
#7348 = VERTEX_POINT('',#7349);
#7349 = CARTESIAN_POINT('',(159.035713,-67.146282,1.585));
#7350 = CIRCLE('',#7351,0.10647947861);
#7351 = AXIS2_PLACEMENT_3D('',#7352,#7353,#7354);
#7352 = CARTESIAN_POINT('',(158.932695,-67.119353,1.585));
#7353 = DIRECTION('',(0.,0.,1.));
#7354 = DIRECTION('',(0.252903191784,-0.967491589413,0.));
#7355 = ORIENTED_EDGE('',*,*,#7356,.T.);
#7356 = EDGE_CURVE('',#7348,#7357,#7359,.T.);
#7357 = VERTEX_POINT('',#7358);
#7358 = CARTESIAN_POINT('',(159.035713,-67.112745,1.585));
#7359 = LINE('',#7360,#7361);
#7360 = CARTESIAN_POINT('',(159.035713,-67.146282,1.585));
#7361 = VECTOR('',#7362,1.);
#7362 = DIRECTION('',(0.,1.,0.));
#7363 = ORIENTED_EDGE('',*,*,#7364,.T.);
#7364 = EDGE_CURVE('',#7357,#7365,#7367,.T.);
#7365 = VERTEX_POINT('',#7366);
#7366 = CARTESIAN_POINT('',(159.016049,-67.073418,1.585));
#7367 = LINE('',#7368,#7369);
#7368 = CARTESIAN_POINT('',(159.035713,-67.112745,1.585));
#7369 = VECTOR('',#7370,1.);
#7370 = DIRECTION('',(-0.447222692765,0.89442264231,0.));
#7371 = ORIENTED_EDGE('',*,*,#7372,.T.);
#7372 = EDGE_CURVE('',#7365,#7373,#7375,.T.);
#7373 = VERTEX_POINT('',#7374);
#7374 = CARTESIAN_POINT('',(158.998952,-67.05632,1.585));
#7375 = LINE('',#7376,#7377);
#7376 = CARTESIAN_POINT('',(159.016049,-67.073418,1.585));
#7377 = VECTOR('',#7378,1.);
#7378 = DIRECTION('',(-0.707086102224,0.707127459544,0.));
#7379 = ORIENTED_EDGE('',*,*,#7380,.T.);
#7380 = EDGE_CURVE('',#7373,#7381,#7383,.T.);
#7381 = VERTEX_POINT('',#7382);
#7382 = CARTESIAN_POINT('',(158.953975,-67.033832,1.585));
#7383 = LINE('',#7384,#7385);
#7384 = CARTESIAN_POINT('',(158.998952,-67.05632,1.585));
#7385 = VECTOR('',#7386,1.);
#7386 = DIRECTION('',(-0.894431168247,0.447205640917,0.));
#7387 = ORIENTED_EDGE('',*,*,#7388,.T.);
#7388 = EDGE_CURVE('',#7381,#7389,#7391,.T.);
#7389 = VERTEX_POINT('',#7390);
#7390 = CARTESIAN_POINT('',(158.834782,-67.002807,1.585));
#7391 = LINE('',#7392,#7393);
#7392 = CARTESIAN_POINT('',(158.953975,-67.033832,1.585));
#7393 = VECTOR('',#7394,1.);
#7394 = DIRECTION('',(-0.96775361998,0.251898652269,0.));
#7395 = ORIENTED_EDGE('',*,*,#7396,.T.);
#7396 = EDGE_CURVE('',#7389,#7397,#7399,.T.);
#7397 = VERTEX_POINT('',#7398);
#7398 = CARTESIAN_POINT('',(158.764643,-66.964869,1.585));
#7399 = LINE('',#7400,#7401);
#7400 = CARTESIAN_POINT('',(158.834782,-67.002807,1.585));
#7401 = VECTOR('',#7402,1.);
#7402 = DIRECTION('',(-0.879575191587,0.475759899891,0.));
#7403 = ORIENTED_EDGE('',*,*,#7404,.T.);
#7404 = EDGE_CURVE('',#7397,#7405,#7407,.T.);
#7405 = VERTEX_POINT('',#7406);
#7406 = CARTESIAN_POINT('',(158.726707,-66.923303,1.585));
#7407 = LINE('',#7408,#7409);
#7408 = CARTESIAN_POINT('',(158.764643,-66.964869,1.585));
#7409 = VECTOR('',#7410,1.);
#7410 = DIRECTION('',(-0.674118507414,0.738623204322,0.));
#7411 = ORIENTED_EDGE('',*,*,#7412,.T.);
#7412 = EDGE_CURVE('',#7405,#7413,#7415,.T.);
#7413 = VERTEX_POINT('',#7414);
#7414 = CARTESIAN_POINT('',(158.692982,-66.847345,1.585));
#7415 = LINE('',#7416,#7417);
#7416 = CARTESIAN_POINT('',(158.726707,-66.923303,1.585));
#7417 = VECTOR('',#7418,1.);
#7418 = DIRECTION('',(-0.405795697615,0.913963813177,0.));
#7419 = ORIENTED_EDGE('',*,*,#7420,.T.);
#7420 = EDGE_CURVE('',#7413,#7421,#7423,.T.);
#7421 = VERTEX_POINT('',#7422);
#7422 = CARTESIAN_POINT('',(158.696662,-66.767523,1.585));
#7423 = LINE('',#7424,#7425);
#7424 = CARTESIAN_POINT('',(158.692982,-66.847345,1.585));
#7425 = VECTOR('',#7426,1.);
#7426 = DIRECTION('',(4.605366188976E-02,0.998938967218,0.));
#7427 = ORIENTED_EDGE('',*,*,#7428,.T.);
#7428 = EDGE_CURVE('',#7421,#7143,#7429,.T.);
#7429 = LINE('',#7430,#7431);
#7430 = CARTESIAN_POINT('',(158.696662,-66.767523,1.585));
#7431 = VECTOR('',#7432,1.);
#7432 = DIRECTION('',(0.473227427515,0.880940294144,0.));
#7433 = PLANE('',#7434);
#7434 = AXIS2_PLACEMENT_3D('',#7435,#7436,#7437);
#7435 = CARTESIAN_POINT('',(0.,0.,1.585));
#7436 = DIRECTION('',(0.,0.,1.));
#7437 = DIRECTION('',(1.,0.,-0.));
#7438 = SHELL_BASED_SURFACE_MODEL('',(#7439));
#7439 = OPEN_SHELL('',(#7440));
#7440 = ADVANCED_FACE('',(#7441,#7542),#7594,.T.);
#7441 = FACE_BOUND('',#7442,.F.);
#7442 = EDGE_LOOP('',(#7443,#7454,#7462,#7471,#7479,#7487,#7495,#7503,
    #7511,#7519,#7527,#7536));
#7443 = ORIENTED_EDGE('',*,*,#7444,.T.);
#7444 = EDGE_CURVE('',#7445,#7447,#7449,.T.);
#7445 = VERTEX_POINT('',#7446);
#7446 = CARTESIAN_POINT('',(159.292857,-66.672371,1.585));
#7447 = VERTEX_POINT('',#7448);
#7448 = CARTESIAN_POINT('',(159.342857,-66.622371,1.585));
#7449 = CIRCLE('',#7450,5.000014378934E-02);
#7450 = AXIS2_PLACEMENT_3D('',#7451,#7452,#7453);
#7451 = CARTESIAN_POINT('',(159.34285714378,-66.67237114378,1.585));
#7452 = DIRECTION('',(0.,0.,-1.));
#7453 = DIRECTION('',(-0.999999999996,2.875774470716E-06,0.));
#7454 = ORIENTED_EDGE('',*,*,#7455,.T.);
#7455 = EDGE_CURVE('',#7447,#7456,#7458,.T.);
#7456 = VERTEX_POINT('',#7457);
#7457 = CARTESIAN_POINT('',(159.573884,-66.622859,1.585));
#7458 = LINE('',#7459,#7460);
#7459 = CARTESIAN_POINT('',(159.342857,-66.622371,1.585));
#7460 = VECTOR('',#7461,1.);
#7461 = DIRECTION('',(0.999997769087,-2.112302507147E-03,0.));
#7462 = ORIENTED_EDGE('',*,*,#7463,.T.);
#7463 = EDGE_CURVE('',#7456,#7464,#7466,.T.);
#7464 = VERTEX_POINT('',#7465);
#7465 = CARTESIAN_POINT('',(159.701863,-66.707153,1.585));
#7466 = CIRCLE('',#7467,0.197659186075);
#7467 = AXIS2_PLACEMENT_3D('',#7468,#7469,#7470);
#7468 = CARTESIAN_POINT('',(159.53765071331,-66.81716881132,1.585));
#7469 = DIRECTION('',(0.,0.,-1.));
#7470 = DIRECTION('',(0.183311929018,0.983054798411,0.));
#7471 = ORIENTED_EDGE('',*,*,#7472,.T.);
#7472 = EDGE_CURVE('',#7464,#7473,#7475,.T.);
#7473 = VERTEX_POINT('',#7474);
#7474 = CARTESIAN_POINT('',(159.735588,-66.783112,1.585));
#7475 = LINE('',#7476,#7477);
#7476 = CARTESIAN_POINT('',(159.701863,-66.707153,1.585));
#7477 = VECTOR('',#7478,1.);
#7478 = DIRECTION('',(0.405791235018,-0.913965794536,0.));
#7479 = ORIENTED_EDGE('',*,*,#7480,.T.);
#7480 = EDGE_CURVE('',#7473,#7481,#7483,.T.);
#7481 = VERTEX_POINT('',#7482);
#7482 = CARTESIAN_POINT('',(159.733471,-66.883643,1.585));
#7483 = LINE('',#7484,#7485);
#7484 = CARTESIAN_POINT('',(159.735588,-66.783112,1.585));
#7485 = VECTOR('',#7486,1.);
#7486 = DIRECTION('',(-2.105351351736E-02,-0.99977835022,0.));
#7487 = ORIENTED_EDGE('',*,*,#7488,.T.);
#7488 = EDGE_CURVE('',#7481,#7489,#7491,.T.);
#7489 = VERTEX_POINT('',#7490);
#7490 = CARTESIAN_POINT('',(159.692497,-66.96487,1.585));
#7491 = LINE('',#7492,#7493);
#7492 = CARTESIAN_POINT('',(159.733471,-66.883643,1.585));
#7493 = VECTOR('',#7494,1.);
#7494 = DIRECTION('',(-0.450380841669,-0.892836545767,0.));
#7495 = ORIENTED_EDGE('',*,*,#7496,.T.);
#7496 = EDGE_CURVE('',#7489,#7497,#7499,.T.);
#7497 = VERTEX_POINT('',#7498);
#7498 = CARTESIAN_POINT('',(159.650932,-67.002806,1.585));
#7499 = LINE('',#7500,#7501);
#7500 = CARTESIAN_POINT('',(159.692497,-66.96487,1.585));
#7501 = VECTOR('',#7502,1.);
#7502 = DIRECTION('',(-0.73861512889,-0.674127355457,0.));
#7503 = ORIENTED_EDGE('',*,*,#7504,.T.);
#7504 = EDGE_CURVE('',#7497,#7505,#7507,.T.);
#7505 = VERTEX_POINT('',#7506);
#7506 = CARTESIAN_POINT('',(159.574973,-67.036531,1.585));
#7507 = LINE('',#7508,#7509);
#7508 = CARTESIAN_POINT('',(159.650932,-67.002806,1.585));
#7509 = VECTOR('',#7510,1.);
#7510 = DIRECTION('',(-0.913965794536,-0.405791235018,0.));
#7511 = ORIENTED_EDGE('',*,*,#7512,.T.);
#7512 = EDGE_CURVE('',#7505,#7513,#7515,.T.);
#7513 = VERTEX_POINT('',#7514);
#7514 = CARTESIAN_POINT('',(159.392857,-67.036657,1.585));
#7515 = LINE('',#7516,#7517);
#7516 = CARTESIAN_POINT('',(159.574973,-67.036531,1.585));
#7517 = VECTOR('',#7518,1.);
#7518 = DIRECTION('',(-0.99999976066,-6.918665567656E-04,0.));
#7519 = ORIENTED_EDGE('',*,*,#7520,.T.);
#7520 = EDGE_CURVE('',#7513,#7521,#7523,.T.);
#7521 = VERTEX_POINT('',#7522);
#7522 = CARTESIAN_POINT('',(159.392857,-67.272371,1.585));
#7523 = LINE('',#7524,#7525);
#7524 = CARTESIAN_POINT('',(159.392857,-67.036657,1.585));
#7525 = VECTOR('',#7526,1.);
#7526 = DIRECTION('',(0.,-1.,0.));
#7527 = ORIENTED_EDGE('',*,*,#7528,.T.);
#7528 = EDGE_CURVE('',#7521,#7529,#7531,.T.);
#7529 = VERTEX_POINT('',#7530);
#7530 = CARTESIAN_POINT('',(159.292857,-67.272371,1.585));
#7531 = CIRCLE('',#7532,5.000000000002E-02);
#7532 = AXIS2_PLACEMENT_3D('',#7533,#7534,#7535);
#7533 = CARTESIAN_POINT('',(159.342857,-67.27237095228,1.585));
#7534 = DIRECTION('',(-0.,0.,-1.));
#7535 = DIRECTION('',(1.,-9.542364409753E-07,-0.));
#7536 = ORIENTED_EDGE('',*,*,#7537,.T.);
#7537 = EDGE_CURVE('',#7529,#7445,#7538,.T.);
#7538 = LINE('',#7539,#7540);
#7539 = CARTESIAN_POINT('',(159.292857,-67.272371,1.585));
#7540 = VECTOR('',#7541,1.);
#7541 = DIRECTION('',(0.,1.,0.));
#7542 = FACE_BOUND('',#7543,.F.);
#7543 = EDGE_LOOP('',(#7544,#7555,#7563,#7571,#7579,#7588));
#7544 = ORIENTED_EDGE('',*,*,#7545,.T.);
#7545 = EDGE_CURVE('',#7546,#7548,#7550,.T.);
#7546 = VERTEX_POINT('',#7547);
#7547 = CARTESIAN_POINT('',(159.635714,-66.79846,1.585));
#7548 = VERTEX_POINT('',#7549);
#7549 = CARTESIAN_POINT('',(159.559624,-66.722371,1.585));
#7550 = CIRCLE('',#7551,0.106483877573);
#7551 = AXIS2_PLACEMENT_3D('',#7552,#7553,#7554);
#7552 = CARTESIAN_POINT('',(159.53269246884,-66.82539288511,1.585));
#7553 = DIRECTION('',(0.,0.,1.));
#7554 = DIRECTION('',(0.967484782744,0.252929229546,-0.));
#7555 = ORIENTED_EDGE('',*,*,#7556,.T.);
#7556 = EDGE_CURVE('',#7548,#7557,#7559,.T.);
#7557 = VERTEX_POINT('',#7558);
#7558 = CARTESIAN_POINT('',(159.392857,-66.722371,1.585));
#7559 = LINE('',#7560,#7561);
#7560 = CARTESIAN_POINT('',(159.559624,-66.722371,1.585));
#7561 = VECTOR('',#7562,1.);
#7562 = DIRECTION('',(-1.,0.,0.));
#7563 = ORIENTED_EDGE('',*,*,#7564,.T.);
#7564 = EDGE_CURVE('',#7557,#7565,#7567,.T.);
#7565 = VERTEX_POINT('',#7566);
#7566 = CARTESIAN_POINT('',(159.392857,-66.936657,1.585));
#7567 = LINE('',#7568,#7569);
#7568 = CARTESIAN_POINT('',(159.392857,-66.722371,1.585));
#7569 = VECTOR('',#7570,1.);
#7570 = DIRECTION('',(0.,-1.,0.));
#7571 = ORIENTED_EDGE('',*,*,#7572,.T.);
#7572 = EDGE_CURVE('',#7565,#7573,#7575,.T.);
#7573 = VERTEX_POINT('',#7574);
#7574 = CARTESIAN_POINT('',(159.559625,-66.936657,1.585));
#7575 = LINE('',#7576,#7577);
#7576 = CARTESIAN_POINT('',(159.392857,-66.936657,1.585));
#7577 = VECTOR('',#7578,1.);
#7578 = DIRECTION('',(1.,0.,0.));
#7579 = ORIENTED_EDGE('',*,*,#7580,.T.);
#7580 = EDGE_CURVE('',#7573,#7581,#7583,.T.);
#7581 = VERTEX_POINT('',#7582);
#7582 = CARTESIAN_POINT('',(159.635714,-66.860567,1.585));
#7583 = CIRCLE('',#7584,0.106483877573);
#7584 = AXIS2_PLACEMENT_3D('',#7585,#7586,#7587);
#7585 = CARTESIAN_POINT('',(159.53269211488,-66.83363546884,1.585));
#7586 = DIRECTION('',(0.,0.,1.));
#7587 = DIRECTION('',(0.252929229546,-0.967484782744,0.));
#7588 = ORIENTED_EDGE('',*,*,#7589,.T.);
#7589 = EDGE_CURVE('',#7581,#7546,#7590,.T.);
#7590 = LINE('',#7591,#7592);
#7591 = CARTESIAN_POINT('',(159.635714,-66.860567,1.585));
#7592 = VECTOR('',#7593,1.);
#7593 = DIRECTION('',(0.,1.,0.));
#7594 = PLANE('',#7595);
#7595 = AXIS2_PLACEMENT_3D('',#7596,#7597,#7598);
#7596 = CARTESIAN_POINT('',(0.,0.,1.585));
#7597 = DIRECTION('',(0.,0.,1.));
#7598 = DIRECTION('',(1.,0.,-0.));
#7599 = SHELL_BASED_SURFACE_MODEL('',(#7600));
#7600 = OPEN_SHELL('',(#7601));
#7601 = ADVANCED_FACE('',(#7602,#7783),#7853,.T.);
#7602 = FACE_BOUND('',#7603,.F.);
#7603 = EDGE_LOOP('',(#7604,#7614,#7622,#7630,#7639,#7647,#7655,#7663,
    #7671,#7679,#7687,#7696,#7704,#7712,#7721,#7729,#7737,#7745,#7753,
    #7761,#7769,#7777));
#7604 = ORIENTED_EDGE('',*,*,#7605,.T.);
#7605 = EDGE_CURVE('',#7606,#7608,#7610,.T.);
#7606 = VERTEX_POINT('',#7607);
#7607 = CARTESIAN_POINT('',(161.543158,-66.855999,1.585));
#7608 = VERTEX_POINT('',#7609);
#7609 = CARTESIAN_POINT('',(161.584725,-66.81806,1.585));
#7610 = LINE('',#7611,#7612);
#7611 = CARTESIAN_POINT('',(161.543158,-66.855999,1.585));
#7612 = VECTOR('',#7613,1.);
#7613 = DIRECTION('',(0.738604736297,0.67413874204,0.));
#7614 = ORIENTED_EDGE('',*,*,#7615,.T.);
#7615 = EDGE_CURVE('',#7608,#7616,#7618,.T.);
#7616 = VERTEX_POINT('',#7617);
#7617 = CARTESIAN_POINT('',(161.660684,-66.784337,1.585));
#7618 = LINE('',#7619,#7620);
#7619 = CARTESIAN_POINT('',(161.584725,-66.81806,1.585));
#7620 = VECTOR('',#7621,1.);
#7621 = DIRECTION('',(0.913974719507,0.405771132663,0.));
#7622 = ORIENTED_EDGE('',*,*,#7623,.T.);
#7623 = EDGE_CURVE('',#7616,#7624,#7626,.T.);
#7624 = VERTEX_POINT('',#7625);
#7625 = CARTESIAN_POINT('',(161.809541,-66.784699,1.585));
#7626 = LINE('',#7627,#7628);
#7627 = CARTESIAN_POINT('',(161.660684,-66.784337,1.585));
#7628 = VECTOR('',#7629,1.);
#7629 = DIRECTION('',(0.999997043032,-2.431856947185E-03,0.));
#7630 = ORIENTED_EDGE('',*,*,#7631,.T.);
#7631 = EDGE_CURVE('',#7624,#7632,#7634,.T.);
#7632 = VERTEX_POINT('',#7633);
#7633 = CARTESIAN_POINT('',(161.937521,-66.868993,1.585));
#7634 = CIRCLE('',#7635,0.197662339165);
#7635 = AXIS2_PLACEMENT_3D('',#7636,#7637,#7638);
#7636 = CARTESIAN_POINT('',(161.77330697457,-66.979011881,1.585));
#7637 = DIRECTION('',(0.,0.,-1.));
#7638 = DIRECTION('',(0.183312742208,0.983054646774,0.));
#7639 = ORIENTED_EDGE('',*,*,#7640,.T.);
#7640 = EDGE_CURVE('',#7632,#7641,#7643,.T.);
#7641 = VERTEX_POINT('',#7642);
#7642 = CARTESIAN_POINT('',(161.971245,-66.944952,1.585));
#7643 = LINE('',#7644,#7645);
#7644 = CARTESIAN_POINT('',(161.937521,-66.868993,1.585));
#7645 = VECTOR('',#7646,1.);
#7646 = DIRECTION('',(0.405781183914,-0.913970257055,0.));
#7647 = ORIENTED_EDGE('',*,*,#7648,.T.);
#7648 = EDGE_CURVE('',#7641,#7649,#7651,.T.);
#7649 = VERTEX_POINT('',#7650);
#7650 = CARTESIAN_POINT('',(161.969128,-67.074055,1.585));
#7651 = LINE('',#7652,#7653);
#7652 = CARTESIAN_POINT('',(161.971245,-66.944952,1.585));
#7653 = VECTOR('',#7654,1.);
#7654 = DIRECTION('',(-1.63955558042E-02,-0.999865583841,0.));
#7655 = ORIENTED_EDGE('',*,*,#7656,.T.);
#7656 = EDGE_CURVE('',#7649,#7657,#7659,.T.);
#7657 = VERTEX_POINT('',#7658);
#7658 = CARTESIAN_POINT('',(161.928155,-67.155281,1.585));
#7659 = LINE('',#7660,#7661);
#7660 = CARTESIAN_POINT('',(161.969128,-67.074055,1.585));
#7661 = VECTOR('',#7662,1.);
#7662 = DIRECTION('',(-0.450376499365,-0.892838736178,0.));
#7663 = ORIENTED_EDGE('',*,*,#7664,.T.);
#7664 = EDGE_CURVE('',#7657,#7665,#7667,.T.);
#7665 = VERTEX_POINT('',#7666);
#7666 = CARTESIAN_POINT('',(161.886589,-67.193217,1.585));
#7667 = LINE('',#7668,#7669);
#7668 = CARTESIAN_POINT('',(161.928155,-67.155281,1.585));
#7669 = VECTOR('',#7670,1.);
#7670 = DIRECTION('',(-0.738623204322,-0.674118507413,0.));
#7671 = ORIENTED_EDGE('',*,*,#7672,.T.);
#7672 = EDGE_CURVE('',#7665,#7673,#7675,.T.);
#7673 = VERTEX_POINT('',#7674);
#7674 = CARTESIAN_POINT('',(161.81063,-67.226942,1.585));
#7675 = LINE('',#7676,#7677);
#7676 = CARTESIAN_POINT('',(161.886589,-67.193217,1.585));
#7677 = VECTOR('',#7678,1.);
#7678 = DIRECTION('',(-0.913965794536,-0.405791235018,0.));
#7679 = ORIENTED_EDGE('',*,*,#7680,.T.);
#7680 = EDGE_CURVE('',#7673,#7681,#7683,.T.);
#7681 = VERTEX_POINT('',#7682);
#7682 = CARTESIAN_POINT('',(161.566387,-67.225575,1.585));
#7683 = LINE('',#7684,#7685);
#7684 = CARTESIAN_POINT('',(161.81063,-67.226942,1.585));
#7685 = VECTOR('',#7686,1.);
#7686 = DIRECTION('',(-0.999984337807,5.596797409831E-03,0.));
#7687 = ORIENTED_EDGE('',*,*,#7688,.T.);
#7688 = EDGE_CURVE('',#7681,#7689,#7691,.T.);
#7689 = VERTEX_POINT('',#7690);
#7690 = CARTESIAN_POINT('',(161.305221,-67.085143,1.585));
#7691 = CIRCLE('',#7692,0.373810118447);
#7692 = AXIS2_PLACEMENT_3D('',#7693,#7694,#7695);
#7693 = CARTESIAN_POINT('',(161.59831554422,-66.85313094686,1.585));
#7694 = DIRECTION('',(0.,0.,-1.));
#7695 = DIRECTION('',(-8.541380408323E-02,-0.996345563583,-0.));
#7696 = ORIENTED_EDGE('',*,*,#7697,.T.);
#7697 = EDGE_CURVE('',#7689,#7698,#7700,.T.);
#7698 = VERTEX_POINT('',#7699);
#7699 = CARTESIAN_POINT('',(161.271497,-67.009183,1.585));
#7700 = LINE('',#7701,#7702);
#7701 = CARTESIAN_POINT('',(161.305221,-67.085143,1.585));
#7702 = VECTOR('',#7703,1.);
#7703 = DIRECTION('',(-0.405776721473,0.91397223826,0.));
#7704 = ORIENTED_EDGE('',*,*,#7705,.T.);
#7705 = EDGE_CURVE('',#7698,#7706,#7708,.T.);
#7706 = VERTEX_POINT('',#7707);
#7707 = CARTESIAN_POINT('',(161.271371,-66.891354,1.585));
#7708 = LINE('',#7709,#7710);
#7709 = CARTESIAN_POINT('',(161.271497,-67.009183,1.585));
#7710 = VECTOR('',#7711,1.);
#7711 = DIRECTION('',(-1.069345644811E-03,0.99999942825,0.));
#7712 = ORIENTED_EDGE('',*,*,#7713,.T.);
#7713 = EDGE_CURVE('',#7706,#7714,#7716,.T.);
#7714 = VERTEX_POINT('',#7715);
#7715 = CARTESIAN_POINT('',(161.371371,-66.891354,1.585));
#7716 = CIRCLE('',#7717,5.000000000003E-02);
#7717 = AXIS2_PLACEMENT_3D('',#7718,#7719,#7720);
#7718 = CARTESIAN_POINT('',(161.321371,-66.89135404771,1.585));
#7719 = DIRECTION('',(0.,0.,-1.));
#7720 = DIRECTION('',(-1.,9.542364409747E-07,0.));
#7721 = ORIENTED_EDGE('',*,*,#7722,.T.);
#7722 = EDGE_CURVE('',#7714,#7723,#7725,.T.);
#7723 = VERTEX_POINT('',#7724);
#7724 = CARTESIAN_POINT('',(161.371371,-66.993835,1.585));
#7725 = LINE('',#7726,#7727);
#7726 = CARTESIAN_POINT('',(161.371371,-66.891354,1.585));
#7727 = VECTOR('',#7728,1.);
#7728 = DIRECTION('',(0.,-1.,0.));
#7729 = ORIENTED_EDGE('',*,*,#7730,.T.);
#7730 = EDGE_CURVE('',#7723,#7731,#7733,.T.);
#7731 = VERTEX_POINT('',#7732);
#7732 = CARTESIAN_POINT('',(161.391036,-67.033166,1.585));
#7733 = LINE('',#7734,#7735);
#7734 = CARTESIAN_POINT('',(161.371371,-66.993835,1.585));
#7735 = VECTOR('',#7736,1.);
#7736 = DIRECTION('',(0.447204499021,-0.894431739181,0.));
#7737 = ORIENTED_EDGE('',*,*,#7738,.T.);
#7738 = EDGE_CURVE('',#7731,#7739,#7741,.T.);
#7739 = VERTEX_POINT('',#7740);
#7740 = CARTESIAN_POINT('',(161.410364,-67.052494,1.585));
#7741 = LINE('',#7742,#7743);
#7742 = CARTESIAN_POINT('',(161.391036,-67.033166,1.585));
#7743 = VECTOR('',#7744,1.);
#7744 = DIRECTION('',(0.707106781186,-0.707106781187,0.));
#7745 = ORIENTED_EDGE('',*,*,#7746,.T.);
#7746 = EDGE_CURVE('',#7739,#7747,#7749,.T.);
#7747 = VERTEX_POINT('',#7748);
#7748 = CARTESIAN_POINT('',(161.484758,-67.102089,1.585));
#7749 = LINE('',#7750,#7751);
#7750 = CARTESIAN_POINT('',(161.410364,-67.052494,1.585));
#7751 = VECTOR('',#7752,1.);
#7752 = DIRECTION('',(0.832055456352,-0.554692453125,0.));
#7753 = ORIENTED_EDGE('',*,*,#7754,.T.);
#7754 = EDGE_CURVE('',#7747,#7755,#7757,.T.);
#7755 = VERTEX_POINT('',#7756);
#7756 = CARTESIAN_POINT('',(161.517828,-67.110357,1.585));
#7757 = LINE('',#7758,#7759);
#7758 = CARTESIAN_POINT('',(161.484758,-67.102089,1.585));
#7759 = VECTOR('',#7760,1.);
#7760 = DIRECTION('',(0.970139048762,-0.242549430153,0.));
#7761 = ORIENTED_EDGE('',*,*,#7762,.T.);
#7762 = EDGE_CURVE('',#7755,#7763,#7765,.T.);
#7763 = VERTEX_POINT('',#7764);
#7764 = CARTESIAN_POINT('',(161.50043,-67.065238,1.585));
#7765 = LINE('',#7766,#7767);
#7766 = CARTESIAN_POINT('',(161.517828,-67.110357,1.585));
#7767 = VECTOR('',#7768,1.);
#7768 = DIRECTION('',(-0.359781288495,0.93303666833,0.));
#7769 = ORIENTED_EDGE('',*,*,#7770,.T.);
#7770 = EDGE_CURVE('',#7763,#7771,#7773,.T.);
#7771 = VERTEX_POINT('',#7772);
#7772 = CARTESIAN_POINT('',(161.502184,-66.937223,1.585));
#7773 = LINE('',#7774,#7775);
#7774 = CARTESIAN_POINT('',(161.50043,-67.065238,1.585));
#7775 = VECTOR('',#7776,1.);
#7776 = DIRECTION('',(1.370023343E-02,0.999906147398,0.));
#7777 = ORIENTED_EDGE('',*,*,#7778,.T.);
#7778 = EDGE_CURVE('',#7771,#7606,#7779,.T.);
#7779 = LINE('',#7780,#7781);
#7780 = CARTESIAN_POINT('',(161.502184,-66.937223,1.585));
#7781 = VECTOR('',#7782,1.);
#7782 = DIRECTION('',(0.450394102045,0.892829856604,0.));
#7783 = FACE_BOUND('',#7784,.F.);
#7784 = EDGE_LOOP('',(#7785,#7796,#7804,#7813,#7821,#7830,#7838,#7847));
#7785 = ORIENTED_EDGE('',*,*,#7786,.T.);
#7786 = EDGE_CURVE('',#7787,#7789,#7791,.T.);
#7787 = VERTEX_POINT('',#7788);
#7788 = CARTESIAN_POINT('',(161.834612,-66.903876,1.585));
#7789 = VERTEX_POINT('',#7790);
#7790 = CARTESIAN_POINT('',(161.636703,-66.903874,1.585));
#7791 = CIRCLE('',#7792,0.17866061171);
#7792 = AXIS2_PLACEMENT_3D('',#7793,#7794,#7795);
#7793 = CARTESIAN_POINT('',(161.73565599674,-67.05262855828,1.585));
#7794 = DIRECTION('',(0.,0.,1.));
#7795 = DIRECTION('',(0.553876997873,0.83259850542,-0.));
#7796 = ORIENTED_EDGE('',*,*,#7797,.T.);
#7797 = EDGE_CURVE('',#7789,#7798,#7800,.T.);
#7798 = VERTEX_POINT('',#7799);
#7799 = CARTESIAN_POINT('',(161.619605,-66.920972,1.585));
#7800 = LINE('',#7801,#7802);
#7801 = CARTESIAN_POINT('',(161.636703,-66.903874,1.585));
#7802 = VECTOR('',#7803,1.);
#7803 = DIRECTION('',(-0.707106781187,-0.707106781187,0.));
#7804 = ORIENTED_EDGE('',*,*,#7805,.T.);
#7805 = EDGE_CURVE('',#7798,#7806,#7808,.T.);
#7806 = VERTEX_POINT('',#7807);
#7807 = CARTESIAN_POINT('',(161.619606,-67.090307,1.585));
#7808 = CIRCLE('',#7809,0.147007856765);
#7809 = AXIS2_PLACEMENT_3D('',#7810,#7811,#7812);
#7810 = CARTESIAN_POINT('',(161.73978338645,-67.00563879029,1.585));
#7811 = DIRECTION('',(0.,0.,1.));
#7812 = DIRECTION('',(-0.817496350896,0.575933777678,0.));
#7813 = ORIENTED_EDGE('',*,*,#7814,.T.);
#7814 = EDGE_CURVE('',#7806,#7815,#7817,.T.);
#7815 = VERTEX_POINT('',#7816);
#7816 = CARTESIAN_POINT('',(161.636703,-67.107403,1.585));
#7817 = LINE('',#7818,#7819);
#7818 = CARTESIAN_POINT('',(161.619606,-67.090307,1.585));
#7819 = VECTOR('',#7820,1.);
#7820 = DIRECTION('',(0.707127460754,-0.707086101015,0.));
#7821 = ORIENTED_EDGE('',*,*,#7822,.T.);
#7822 = EDGE_CURVE('',#7815,#7823,#7825,.T.);
#7823 = VERTEX_POINT('',#7824);
#7824 = CARTESIAN_POINT('',(161.834609,-67.107403,1.585));
#7825 = CIRCLE('',#7826,0.178646357604);
#7826 = AXIS2_PLACEMENT_3D('',#7827,#7828,#7829);
#7827 = CARTESIAN_POINT('',(161.735656,-66.95866556397,1.585));
#7828 = DIRECTION('',(0.,0.,1.));
#7829 = DIRECTION('',(-0.55390438029,-0.832580288918,0.));
#7830 = ORIENTED_EDGE('',*,*,#7831,.T.);
#7831 = EDGE_CURVE('',#7823,#7832,#7834,.T.);
#7832 = VERTEX_POINT('',#7833);
#7833 = CARTESIAN_POINT('',(161.851707,-67.090306,1.585));
#7834 = LINE('',#7835,#7836);
#7835 = CARTESIAN_POINT('',(161.834609,-67.107403,1.585));
#7836 = VECTOR('',#7837,1.);
#7837 = DIRECTION('',(0.707127459544,0.707086102224,0.));
#7838 = ORIENTED_EDGE('',*,*,#7839,.T.);
#7839 = EDGE_CURVE('',#7832,#7840,#7842,.T.);
#7840 = VERTEX_POINT('',#7841);
#7841 = CARTESIAN_POINT('',(161.851707,-66.920971,1.585));
#7842 = CIRCLE('',#7843,0.14700361221);
#7843 = AXIS2_PLACEMENT_3D('',#7844,#7845,#7846);
#7844 = CARTESIAN_POINT('',(161.73153430573,-67.0056385,1.585));
#7845 = DIRECTION('',(0.,-0.,1.));
#7846 = DIRECTION('',(0.817481233671,-0.575955234889,-0.));
#7847 = ORIENTED_EDGE('',*,*,#7848,.T.);
#7848 = EDGE_CURVE('',#7840,#7787,#7849,.T.);
#7849 = LINE('',#7850,#7851);
#7850 = CARTESIAN_POINT('',(161.851707,-66.920971,1.585));
#7851 = VECTOR('',#7852,1.);
#7852 = DIRECTION('',(-0.707106781187,0.707106781186,0.));
#7853 = PLANE('',#7854);
#7854 = AXIS2_PLACEMENT_3D('',#7855,#7856,#7857);
#7855 = CARTESIAN_POINT('',(0.,0.,1.585));
#7856 = DIRECTION('',(0.,0.,1.));
#7857 = DIRECTION('',(1.,0.,-0.));
#7858 = SHELL_BASED_SURFACE_MODEL('',(#7859));
#7859 = OPEN_SHELL('',(#7860));
#7860 = ADVANCED_FACE('',(#7861),#8045,.T.);
#7861 = FACE_BOUND('',#7862,.F.);
#7862 = EDGE_LOOP('',(#7863,#7874,#7882,#7890,#7898,#7906,#7914,#7923,
    #7931,#7939,#7947,#7955,#7964,#7972,#7981,#7989,#7997,#8005,#8013,
    #8022,#8030,#8039));
#7863 = ORIENTED_EDGE('',*,*,#7864,.T.);
#7864 = EDGE_CURVE('',#7865,#7867,#7869,.T.);
#7865 = VERTEX_POINT('',#7866);
#7866 = CARTESIAN_POINT('',(154.651926,-66.28582,1.585));
#7867 = VERTEX_POINT('',#7868);
#7868 = CARTESIAN_POINT('',(155.054773,-65.967715,1.585));
#7869 = CIRCLE('',#7870,0.5693495693);
#7870 = AXIS2_PLACEMENT_3D('',#7871,#7872,#7873);
#7871 = CARTESIAN_POINT('',(155.16830789613,-66.52562965245,1.585));
#7872 = DIRECTION('',(0.,0.,-1.));
#7873 = DIRECTION('',(-0.906968098292,0.421199321796,0.));
#7874 = ORIENTED_EDGE('',*,*,#7875,.T.);
#7875 = EDGE_CURVE('',#7867,#7876,#7878,.T.);
#7876 = VERTEX_POINT('',#7877);
#7877 = CARTESIAN_POINT('',(155.149863,-65.958545,1.585));
#7878 = LINE('',#7879,#7880);
#7879 = CARTESIAN_POINT('',(155.054773,-65.967715,1.585));
#7880 = VECTOR('',#7881,1.);
#7881 = DIRECTION('',(0.99538233195,9.598965174026E-02,0.));
#7882 = ORIENTED_EDGE('',*,*,#7883,.T.);
#7883 = EDGE_CURVE('',#7876,#7884,#7886,.T.);
#7884 = VERTEX_POINT('',#7885);
#7885 = CARTESIAN_POINT('',(155.210553,-65.956677,1.585));
#7886 = LINE('',#7887,#7888);
#7887 = CARTESIAN_POINT('',(155.149863,-65.958545,1.585));
#7888 = VECTOR('',#7889,1.);
#7889 = DIRECTION('',(0.999526651474,3.07648012021E-02,0.));
#7890 = ORIENTED_EDGE('',*,*,#7891,.T.);
#7891 = EDGE_CURVE('',#7884,#7892,#7894,.T.);
#7892 = VERTEX_POINT('',#7893);
#7893 = CARTESIAN_POINT('',(155.181236,-65.972536,1.585));
#7894 = LINE('',#7895,#7896);
#7895 = CARTESIAN_POINT('',(155.210553,-65.956677,1.585));
#7896 = VECTOR('',#7897,1.);
#7897 = DIRECTION('',(-0.87955620738,-0.475794995833,0.));
#7898 = ORIENTED_EDGE('',*,*,#7899,.T.);
#7899 = EDGE_CURVE('',#7892,#7900,#7902,.T.);
#7900 = VERTEX_POINT('',#7901);
#7901 = CARTESIAN_POINT('',(155.130361,-66.009126,1.585));
#7902 = LINE('',#7903,#7904);
#7903 = CARTESIAN_POINT('',(155.181236,-65.972536,1.585));
#7904 = VECTOR('',#7905,1.);
#7905 = DIRECTION('',(-0.811836903468,-0.583884271211,0.));
#7906 = ORIENTED_EDGE('',*,*,#7907,.T.);
#7907 = EDGE_CURVE('',#7900,#7908,#7910,.T.);
#7908 = VERTEX_POINT('',#7909);
#7909 = CARTESIAN_POINT('',(155.103585,-66.051156,1.585));
#7910 = LINE('',#7911,#7912);
#7911 = CARTESIAN_POINT('',(155.130361,-66.009126,1.585));
#7912 = VECTOR('',#7913,1.);
#7913 = DIRECTION('',(-0.537298708239,-0.843392019244,0.));
#7914 = ORIENTED_EDGE('',*,*,#7915,.T.);
#7915 = EDGE_CURVE('',#7908,#7916,#7918,.T.);
#7916 = VERTEX_POINT('',#7917);
#7917 = CARTESIAN_POINT('',(155.110533,-66.13669,1.585));
#7918 = CIRCLE('',#7919,0.116492022193);
#7919 = AXIS2_PLACEMENT_3D('',#7920,#7921,#7922);
#7920 = CARTESIAN_POINT('',(155.21500536792,-66.08515442417,1.585));
#7921 = DIRECTION('',(0.,0.,1.));
#7922 = DIRECTION('',(-0.956463505612,0.291851952935,0.));
#7923 = ORIENTED_EDGE('',*,*,#7924,.T.);
#7924 = EDGE_CURVE('',#7916,#7925,#7927,.T.);
#7925 = VERTEX_POINT('',#7926);
#7926 = CARTESIAN_POINT('',(155.146198,-66.182862,1.585));
#7927 = LINE('',#7928,#7929);
#7928 = CARTESIAN_POINT('',(155.110533,-66.13669,1.585));
#7929 = VECTOR('',#7930,1.);
#7930 = DIRECTION('',(0.6113040724,-0.791395811884,0.));
#7931 = ORIENTED_EDGE('',*,*,#7932,.T.);
#7932 = EDGE_CURVE('',#7925,#7933,#7935,.T.);
#7933 = VERTEX_POINT('',#7934);
#7934 = CARTESIAN_POINT('',(155.271942,-66.274369,1.585));
#7935 = LINE('',#7936,#7937);
#7936 = CARTESIAN_POINT('',(155.146198,-66.182862,1.585));
#7937 = VECTOR('',#7938,1.);
#7938 = DIRECTION('',(0.808562259125,-0.588410633078,0.));
#7939 = ORIENTED_EDGE('',*,*,#7940,.T.);
#7940 = EDGE_CURVE('',#7933,#7941,#7943,.T.);
#7941 = VERTEX_POINT('',#7942);
#7942 = CARTESIAN_POINT('',(155.395624,-66.360104,1.585));
#7943 = LINE('',#7944,#7945);
#7944 = CARTESIAN_POINT('',(155.271942,-66.274369,1.585));
#7945 = VECTOR('',#7946,1.);
#7946 = DIRECTION('',(0.821853076814,-0.569699499852,0.));
#7947 = ORIENTED_EDGE('',*,*,#7948,.T.);
#7948 = EDGE_CURVE('',#7941,#7949,#7951,.T.);
#7949 = VERTEX_POINT('',#7950);
#7950 = CARTESIAN_POINT('',(155.501271,-66.466039,1.585));
#7951 = LINE('',#7952,#7953);
#7952 = CARTESIAN_POINT('',(155.395624,-66.360104,1.585));
#7953 = VECTOR('',#7954,1.);
#7954 = DIRECTION('',(0.706143631375,-0.708068620876,0.));
#7955 = ORIENTED_EDGE('',*,*,#7956,.T.);
#7956 = EDGE_CURVE('',#7949,#7957,#7959,.T.);
#7957 = VERTEX_POINT('',#7958);
#7958 = CARTESIAN_POINT('',(155.659036,-66.718308,1.585));
#7959 = CIRCLE('',#7960,0.765552013546);
#7960 = AXIS2_PLACEMENT_3D('',#7961,#7962,#7963);
#7961 = CARTESIAN_POINT('',(154.94345252468,-66.99035611209,1.585));
#7962 = DIRECTION('',(0.,0.,-1.));
#7963 = DIRECTION('',(0.7286486946,0.684887640316,0.));
#7964 = ORIENTED_EDGE('',*,*,#7965,.T.);
#7965 = EDGE_CURVE('',#7957,#7966,#7968,.T.);
#7966 = VERTEX_POINT('',#7967);
#7967 = CARTESIAN_POINT('',(155.568044,-66.799365,1.585));
#7968 = LINE('',#7969,#7970);
#7969 = CARTESIAN_POINT('',(155.659036,-66.718308,1.585));
#7970 = VECTOR('',#7971,1.);
#7971 = DIRECTION('',(-0.746694894563,-0.665166696727,0.));
#7972 = ORIENTED_EDGE('',*,*,#7973,.T.);
#7973 = EDGE_CURVE('',#7966,#7974,#7976,.T.);
#7974 = VERTEX_POINT('',#7975);
#7975 = CARTESIAN_POINT('',(155.170683,-66.965039,1.585));
#7976 = CIRCLE('',#7977,0.812931095986);
#7977 = AXIS2_PLACEMENT_3D('',#7978,#7979,#7980);
#7978 = CARTESIAN_POINT('',(155.06769226582,-66.15865827385,1.585));
#7979 = DIRECTION('',(0.,0.,-1.));
#7980 = DIRECTION('',(0.615490952001,-0.788143951321,0.));
#7981 = ORIENTED_EDGE('',*,*,#7982,.T.);
#7982 = EDGE_CURVE('',#7974,#7983,#7985,.T.);
#7983 = VERTEX_POINT('',#7984);
#7984 = CARTESIAN_POINT('',(155.033824,-66.969584,1.585));
#7985 = LINE('',#7986,#7987);
#7986 = CARTESIAN_POINT('',(155.170683,-66.965039,1.585));
#7987 = VECTOR('',#7988,1.);
#7988 = DIRECTION('',(-0.999449024851,-3.319106392668E-02,0.));
#7989 = ORIENTED_EDGE('',*,*,#7990,.T.);
#7990 = EDGE_CURVE('',#7983,#7991,#7993,.T.);
#7991 = VERTEX_POINT('',#7992);
#7992 = CARTESIAN_POINT('',(154.923419,-66.957796,1.585));
#7993 = LINE('',#7994,#7995);
#7994 = CARTESIAN_POINT('',(155.033824,-66.969584,1.585));
#7995 = VECTOR('',#7996,1.);
#7996 = DIRECTION('',(-0.994348303443,0.106167092079,0.));
#7997 = ORIENTED_EDGE('',*,*,#7998,.T.);
#7998 = EDGE_CURVE('',#7991,#7999,#8001,.T.);
#7999 = VERTEX_POINT('',#8000);
#8000 = CARTESIAN_POINT('',(154.774842,-66.915386,1.585));
#8001 = LINE('',#8002,#8003);
#8002 = CARTESIAN_POINT('',(154.923419,-66.957796,1.585));
#8003 = VECTOR('',#8004,1.);
#8004 = DIRECTION('',(-0.961593277509,0.274478357344,0.));
#8005 = ORIENTED_EDGE('',*,*,#8006,.T.);
#8006 = EDGE_CURVE('',#7999,#8007,#8009,.T.);
#8007 = VERTEX_POINT('',#8008);
#8008 = CARTESIAN_POINT('',(154.733929,-66.895508,1.585));
#8009 = LINE('',#8010,#8011);
#8010 = CARTESIAN_POINT('',(154.774842,-66.915386,1.585));
#8011 = VECTOR('',#8012,1.);
#8012 = DIRECTION('',(-0.899456559611,0.437010179941,0.));
#8013 = ORIENTED_EDGE('',*,*,#8014,.T.);
#8014 = EDGE_CURVE('',#8007,#8015,#8017,.T.);
#8015 = VERTEX_POINT('',#8016);
#8016 = CARTESIAN_POINT('',(154.636435,-66.734072,1.585));
#8017 = CIRCLE('',#8018,0.537044176983);
#8018 = AXIS2_PLACEMENT_3D('',#8019,#8020,#8021);
#8019 = CARTESIAN_POINT('',(155.13775536662,-66.54147309543,1.585));
#8020 = DIRECTION('',(0.,0.,-1.));
#8021 = DIRECTION('',(-0.751942547617,-0.659228644011,-0.));
#8022 = ORIENTED_EDGE('',*,*,#8023,.T.);
#8023 = EDGE_CURVE('',#8015,#8024,#8026,.T.);
#8024 = VERTEX_POINT('',#8025);
#8025 = CARTESIAN_POINT('',(154.616755,-66.674222,1.585));
#8026 = LINE('',#8027,#8028);
#8027 = CARTESIAN_POINT('',(154.636435,-66.734072,1.585));
#8028 = VECTOR('',#8029,1.);
#8029 = DIRECTION('',(-0.312368167505,0.949961119167,0.));
#8030 = ORIENTED_EDGE('',*,*,#8031,.T.);
#8031 = EDGE_CURVE('',#8024,#8032,#8034,.T.);
#8032 = VERTEX_POINT('',#8033);
#8033 = CARTESIAN_POINT('',(154.628094,-66.345966,1.585));
#8034 = CIRCLE('',#8035,0.56672828431);
#8035 = AXIS2_PLACEMENT_3D('',#8036,#8037,#8038);
#8036 = CARTESIAN_POINT('',(155.16451320294,-66.52881945757,1.585));
#8037 = DIRECTION('',(0.,0.,-1.));
#8038 = DIRECTION('',(-0.966527025579,-0.256564823827,-0.));
#8039 = ORIENTED_EDGE('',*,*,#8040,.T.);
#8040 = EDGE_CURVE('',#8032,#7865,#8041,.T.);
#8041 = LINE('',#8042,#8043);
#8042 = CARTESIAN_POINT('',(154.628094,-66.345966,1.585));
#8043 = VECTOR('',#8044,1.);
#8044 = DIRECTION('',(0.368371930151,0.929678504149,0.));
#8045 = PLANE('',#8046);
#8046 = AXIS2_PLACEMENT_3D('',#8047,#8048,#8049);
#8047 = CARTESIAN_POINT('',(0.,0.,1.585));
#8048 = DIRECTION('',(0.,0.,1.));
#8049 = DIRECTION('',(1.,0.,-0.));
#8050 = SHELL_BASED_SURFACE_MODEL('',(#8051));
#8051 = OPEN_SHELL('',(#8052));
#8052 = ADVANCED_FACE('',(#8053,#8431,#8497),#8580,.T.);
#8053 = FACE_BOUND('',#8054,.F.);
#8054 = EDGE_LOOP('',(#8055,#8065,#8073,#8081,#8089,#8097,#8105,#8114,
    #8122,#8131,#8139,#8147,#8155,#8163,#8171,#8179,#8187,#8195,#8203,
    #8211,#8219,#8227,#8235,#8243,#8252,#8260,#8268,#8276,#8284,#8292,
    #8301,#8309,#8317,#8325,#8333,#8341,#8350,#8358,#8367,#8375,#8384,
    #8392,#8401,#8409,#8417,#8425));
#8055 = ORIENTED_EDGE('',*,*,#8056,.T.);
#8056 = EDGE_CURVE('',#8057,#8059,#8061,.T.);
#8057 = VERTEX_POINT('',#8058);
#8058 = CARTESIAN_POINT('',(154.60567,-65.171411,1.585));
#8059 = VERTEX_POINT('',#8060);
#8060 = CARTESIAN_POINT('',(154.655872,-65.061449,1.585));
#8061 = LINE('',#8062,#8063);
#8062 = CARTESIAN_POINT('',(154.60567,-65.171411,1.585));
#8063 = VECTOR('',#8064,1.);
#8064 = DIRECTION('',(0.415305743737,0.909681889025,0.));
#8065 = ORIENTED_EDGE('',*,*,#8066,.T.);
#8066 = EDGE_CURVE('',#8059,#8067,#8069,.T.);
#8067 = VERTEX_POINT('',#8068);
#8068 = CARTESIAN_POINT('',(154.732277,-64.95189,1.585));
#8069 = LINE('',#8070,#8071);
#8070 = CARTESIAN_POINT('',(154.655872,-65.061449,1.585));
#8071 = VECTOR('',#8072,1.);
#8072 = DIRECTION('',(0.572022904416,0.820237646553,0.));
#8073 = ORIENTED_EDGE('',*,*,#8074,.T.);
#8074 = EDGE_CURVE('',#8067,#8075,#8077,.T.);
#8075 = VERTEX_POINT('',#8076);
#8076 = CARTESIAN_POINT('',(154.735982,-64.95412,1.585));
#8077 = LINE('',#8078,#8079);
#8078 = CARTESIAN_POINT('',(154.732277,-64.95189,1.585));
#8079 = VECTOR('',#8080,1.);
#8080 = DIRECTION('',(0.856777947981,-0.51568551255,0.));
#8081 = ORIENTED_EDGE('',*,*,#8082,.T.);
#8082 = EDGE_CURVE('',#8075,#8083,#8085,.T.);
#8083 = VERTEX_POINT('',#8084);
#8084 = CARTESIAN_POINT('',(154.826881,-65.078819,1.585));
#8085 = LINE('',#8086,#8087);
#8086 = CARTESIAN_POINT('',(154.735982,-64.95412,1.585));
#8087 = VECTOR('',#8088,1.);
#8088 = DIRECTION('',(0.58905641977,-0.80809190958,0.));
#8089 = ORIENTED_EDGE('',*,*,#8090,.T.);
#8090 = EDGE_CURVE('',#8083,#8091,#8093,.T.);
#8091 = VERTEX_POINT('',#8092);
#8092 = CARTESIAN_POINT('',(154.963584,-65.251831,1.585));
#8093 = LINE('',#8094,#8095);
#8094 = CARTESIAN_POINT('',(154.826881,-65.078819,1.585));
#8095 = VECTOR('',#8096,1.);
#8096 = DIRECTION('',(0.619964349877,-0.784629979597,0.));
#8097 = ORIENTED_EDGE('',*,*,#8098,.T.);
#8098 = EDGE_CURVE('',#8091,#8099,#8101,.T.);
#8099 = VERTEX_POINT('',#8100);
#8100 = CARTESIAN_POINT('',(155.056428,-65.259104,1.585));
#8101 = LINE('',#8102,#8103);
#8102 = CARTESIAN_POINT('',(154.963584,-65.251831,1.585));
#8103 = VECTOR('',#8104,1.);
#8104 = DIRECTION('',(0.996945808155,-7.80964506345E-02,0.));
#8105 = ORIENTED_EDGE('',*,*,#8106,.T.);
#8106 = EDGE_CURVE('',#8099,#8107,#8109,.T.);
#8107 = VERTEX_POINT('',#8108);
#8108 = CARTESIAN_POINT('',(155.290471,-65.357746,1.585));
#8109 = CIRCLE('',#8110,0.476534492904);
#8110 = AXIS2_PLACEMENT_3D('',#8111,#8112,#8113);
#8111 = CARTESIAN_POINT('',(154.99506417943,-65.73167103699,1.585));
#8112 = DIRECTION('',(0.,0.,-1.));
#8113 = DIRECTION('',(0.128770994502,0.991674357325,0.));
#8114 = ORIENTED_EDGE('',*,*,#8115,.T.);
#8115 = EDGE_CURVE('',#8107,#8116,#8118,.T.);
#8116 = VERTEX_POINT('',#8117);
#8117 = CARTESIAN_POINT('',(155.333208,-65.395499,1.585));
#8118 = LINE('',#8119,#8120);
#8119 = CARTESIAN_POINT('',(155.290471,-65.357746,1.585));
#8120 = VECTOR('',#8121,1.);
#8121 = DIRECTION('',(0.749455954156,-0.662054206829,0.));
#8122 = ORIENTED_EDGE('',*,*,#8123,.T.);
#8123 = EDGE_CURVE('',#8116,#8124,#8126,.T.);
#8124 = VERTEX_POINT('',#8125);
#8125 = CARTESIAN_POINT('',(155.43093,-65.533871,1.585));
#8126 = CIRCLE('',#8127,0.485714124962);
#8127 = AXIS2_PLACEMENT_3D('',#8128,#8129,#8130);
#8128 = CARTESIAN_POINT('',(154.99139953006,-65.74058620791,1.585));
#8129 = DIRECTION('',(0.,0.,-1.));
#8130 = DIRECTION('',(0.703723553368,0.71047389849,0.));
#8131 = ORIENTED_EDGE('',*,*,#8132,.T.);
#8132 = EDGE_CURVE('',#8124,#8133,#8135,.T.);
#8133 = VERTEX_POINT('',#8134);
#8134 = CARTESIAN_POINT('',(155.473478,-65.644567,1.585));
#8135 = LINE('',#8136,#8137);
#8136 = CARTESIAN_POINT('',(155.43093,-65.533871,1.585));
#8137 = VECTOR('',#8138,1.);
#8138 = DIRECTION('',(0.358777912573,-0.93342295314,0.));
#8139 = ORIENTED_EDGE('',*,*,#8140,.T.);
#8140 = EDGE_CURVE('',#8133,#8141,#8143,.T.);
#8141 = VERTEX_POINT('',#8142);
#8142 = CARTESIAN_POINT('',(155.510928,-65.683535,1.585));
#8143 = LINE('',#8144,#8145);
#8144 = CARTESIAN_POINT('',(155.473478,-65.644567,1.585));
#8145 = VECTOR('',#8146,1.);
#8146 = DIRECTION('',(0.692923809288,-0.721010814428,0.));
#8147 = ORIENTED_EDGE('',*,*,#8148,.T.);
#8148 = EDGE_CURVE('',#8141,#8149,#8151,.T.);
#8149 = VERTEX_POINT('',#8150);
#8150 = CARTESIAN_POINT('',(155.60355,-65.751978,1.585));
#8151 = LINE('',#8152,#8153);
#8152 = CARTESIAN_POINT('',(155.510928,-65.683535,1.585));
#8153 = VECTOR('',#8154,1.);
#8154 = DIRECTION('',(0.804245611347,-0.594297060929,0.));
#8155 = ORIENTED_EDGE('',*,*,#8156,.T.);
#8156 = EDGE_CURVE('',#8149,#8157,#8159,.T.);
#8157 = VERTEX_POINT('',#8158);
#8158 = CARTESIAN_POINT('',(155.705155,-65.804648,1.585));
#8159 = LINE('',#8160,#8161);
#8160 = CARTESIAN_POINT('',(155.60355,-65.751978,1.585));
#8161 = VECTOR('',#8162,1.);
#8162 = DIRECTION('',(0.887804780351,-0.460220242912,0.));
#8163 = ORIENTED_EDGE('',*,*,#8164,.T.);
#8164 = EDGE_CURVE('',#8157,#8165,#8167,.T.);
#8165 = VERTEX_POINT('',#8166);
#8166 = CARTESIAN_POINT('',(155.745938,-65.821699,1.585));
#8167 = LINE('',#8168,#8169);
#8168 = CARTESIAN_POINT('',(155.705155,-65.804648,1.585));
#8169 = VECTOR('',#8170,1.);
#8170 = DIRECTION('',(0.922609740545,-0.385734710198,0.));
#8171 = ORIENTED_EDGE('',*,*,#8172,.T.);
#8172 = EDGE_CURVE('',#8165,#8173,#8175,.T.);
#8173 = VERTEX_POINT('',#8174);
#8174 = CARTESIAN_POINT('',(155.746596,-65.834795,1.585));
#8175 = LINE('',#8176,#8177);
#8176 = CARTESIAN_POINT('',(155.745938,-65.821699,1.585));
#8177 = VECTOR('',#8178,1.);
#8178 = DIRECTION('',(5.018104845226E-02,-0.998740137561,0.));
#8179 = ORIENTED_EDGE('',*,*,#8180,.T.);
#8180 = EDGE_CURVE('',#8173,#8181,#8183,.T.);
#8181 = VERTEX_POINT('',#8182);
#8182 = CARTESIAN_POINT('',(155.722817,-65.877265,1.585));
#8183 = LINE('',#8184,#8185);
#8184 = CARTESIAN_POINT('',(155.746596,-65.834795,1.585));
#8185 = VECTOR('',#8186,1.);
#8186 = DIRECTION('',(-0.488537678853,-0.872542799145,0.));
#8187 = ORIENTED_EDGE('',*,*,#8188,.T.);
#8188 = EDGE_CURVE('',#8181,#8189,#8191,.T.);
#8189 = VERTEX_POINT('',#8190);
#8190 = CARTESIAN_POINT('',(155.677846,-65.920553,1.585));
#8191 = LINE('',#8192,#8193);
#8192 = CARTESIAN_POINT('',(155.722817,-65.877265,1.585));
#8193 = VECTOR('',#8194,1.);
#8194 = DIRECTION('',(-0.720459537715,-0.693496975131,0.));
#8195 = ORIENTED_EDGE('',*,*,#8196,.T.);
#8196 = EDGE_CURVE('',#8189,#8197,#8199,.T.);
#8197 = VERTEX_POINT('',#8198);
#8198 = CARTESIAN_POINT('',(155.608504,-65.961451,1.585));
#8199 = LINE('',#8200,#8201);
#8200 = CARTESIAN_POINT('',(155.677846,-65.920553,1.585));
#8201 = VECTOR('',#8202,1.);
#8202 = DIRECTION('',(-0.861344161624,-0.508021884603,0.));
#8203 = ORIENTED_EDGE('',*,*,#8204,.T.);
#8204 = EDGE_CURVE('',#8197,#8205,#8207,.T.);
#8205 = VERTEX_POINT('',#8206);
#8206 = CARTESIAN_POINT('',(155.644182,-65.921809,1.585));
#8207 = LINE('',#8208,#8209);
#8208 = CARTESIAN_POINT('',(155.608504,-65.961451,1.585));
#8209 = VECTOR('',#8210,1.);
#8210 = DIRECTION('',(0.668966803456,0.743292281591,0.));
#8211 = ORIENTED_EDGE('',*,*,#8212,.T.);
#8212 = EDGE_CURVE('',#8205,#8213,#8215,.T.);
#8213 = VERTEX_POINT('',#8214);
#8214 = CARTESIAN_POINT('',(155.654772,-65.89617,1.585));
#8215 = LINE('',#8216,#8217);
#8216 = CARTESIAN_POINT('',(155.644182,-65.921809,1.585));
#8217 = VECTOR('',#8218,1.);
#8218 = DIRECTION('',(0.381759484958,0.924261703006,0.));
#8219 = ORIENTED_EDGE('',*,*,#8220,.T.);
#8220 = EDGE_CURVE('',#8213,#8221,#8223,.T.);
#8221 = VERTEX_POINT('',#8222);
#8222 = CARTESIAN_POINT('',(155.635204,-65.871882,1.585));
#8223 = LINE('',#8224,#8225);
#8224 = CARTESIAN_POINT('',(155.654772,-65.89617,1.585));
#8225 = VECTOR('',#8226,1.);
#8226 = DIRECTION('',(-0.627381387156,0.778712138759,0.));
#8227 = ORIENTED_EDGE('',*,*,#8228,.T.);
#8228 = EDGE_CURVE('',#8221,#8229,#8231,.T.);
#8229 = VERTEX_POINT('',#8230);
#8230 = CARTESIAN_POINT('',(155.633446,-65.863075,1.585));
#8231 = LINE('',#8232,#8233);
#8232 = CARTESIAN_POINT('',(155.635204,-65.871882,1.585));
#8233 = VECTOR('',#8234,1.);
#8234 = DIRECTION('',(-0.195752095018,0.980653413442,0.));
#8235 = ORIENTED_EDGE('',*,*,#8236,.T.);
#8236 = EDGE_CURVE('',#8229,#8237,#8239,.T.);
#8237 = VERTEX_POINT('',#8238);
#8238 = CARTESIAN_POINT('',(155.645458,-65.839065,1.585));
#8239 = LINE('',#8240,#8241);
#8240 = CARTESIAN_POINT('',(155.633446,-65.863075,1.585));
#8241 = VECTOR('',#8242,1.);
#8242 = DIRECTION('',(0.447422171764,0.894322872465,0.));
#8243 = ORIENTED_EDGE('',*,*,#8244,.T.);
#8244 = EDGE_CURVE('',#8237,#8245,#8247,.T.);
#8245 = VERTEX_POINT('',#8246);
#8246 = CARTESIAN_POINT('',(155.33744,-65.708276,1.585));
#8247 = CIRCLE('',#8248,0.400818652499);
#8248 = AXIS2_PLACEMENT_3D('',#8249,#8250,#8251);
#8249 = CARTESIAN_POINT('',(155.34909490806,-66.10892516736,1.585));
#8250 = DIRECTION('',(0.,0.,1.));
#8251 = DIRECTION('',(0.739394462029,0.673272477917,-0.));
#8252 = ORIENTED_EDGE('',*,*,#8253,.T.);
#8253 = EDGE_CURVE('',#8245,#8254,#8256,.T.);
#8254 = VERTEX_POINT('',#8255);
#8255 = CARTESIAN_POINT('',(155.232315,-65.717656,1.585));
#8256 = LINE('',#8257,#8258);
#8257 = CARTESIAN_POINT('',(155.33744,-65.708276,1.585));
#8258 = VECTOR('',#8259,1.);
#8259 = DIRECTION('',(-0.99604287418,-8.887402767956E-02,0.));
#8260 = ORIENTED_EDGE('',*,*,#8261,.T.);
#8261 = EDGE_CURVE('',#8254,#8262,#8264,.T.);
#8262 = VERTEX_POINT('',#8263);
#8263 = CARTESIAN_POINT('',(155.118556,-65.742089,1.585));
#8264 = LINE('',#8265,#8266);
#8265 = CARTESIAN_POINT('',(155.232315,-65.717656,1.585));
#8266 = VECTOR('',#8267,1.);
#8267 = DIRECTION('',(-0.977703573397,-0.209989815389,0.));
#8268 = ORIENTED_EDGE('',*,*,#8269,.T.);
#8269 = EDGE_CURVE('',#8262,#8270,#8272,.T.);
#8270 = VERTEX_POINT('',#8271);
#8271 = CARTESIAN_POINT('',(155.005094,-65.779178,1.585));
#8272 = LINE('',#8273,#8274);
#8273 = CARTESIAN_POINT('',(155.118556,-65.742089,1.585));
#8274 = VECTOR('',#8275,1.);
#8275 = DIRECTION('',(-0.950506078237,-0.310705962663,0.));
#8276 = ORIENTED_EDGE('',*,*,#8277,.T.);
#8277 = EDGE_CURVE('',#8270,#8278,#8280,.T.);
#8278 = VERTEX_POINT('',#8279);
#8279 = CARTESIAN_POINT('',(154.897599,-65.828885,1.585));
#8280 = LINE('',#8281,#8282);
#8281 = CARTESIAN_POINT('',(155.005094,-65.779178,1.585));
#8282 = VECTOR('',#8283,1.);
#8283 = DIRECTION('',(-0.907657399487,-0.41971185968,0.));
#8284 = ORIENTED_EDGE('',*,*,#8285,.T.);
#8285 = EDGE_CURVE('',#8278,#8286,#8288,.T.);
#8286 = VERTEX_POINT('',#8287);
#8287 = CARTESIAN_POINT('',(154.792479,-65.898554,1.585));
#8288 = LINE('',#8289,#8290);
#8289 = CARTESIAN_POINT('',(154.897599,-65.828885,1.585));
#8290 = VECTOR('',#8291,1.);
#8291 = DIRECTION('',(-0.833551404634,-0.552441902677,0.));
#8292 = ORIENTED_EDGE('',*,*,#8293,.T.);
#8293 = EDGE_CURVE('',#8286,#8294,#8296,.T.);
#8294 = VERTEX_POINT('',#8295);
#8295 = CARTESIAN_POINT('',(154.599561,-66.098577,1.585));
#8296 = CIRCLE('',#8297,0.729703599617);
#8297 = AXIS2_PLACEMENT_3D('',#8298,#8299,#8300);
#8298 = CARTESIAN_POINT('',(155.21163233848,-66.49586281638,1.585));
#8299 = DIRECTION('',(0.,0.,1.));
#8300 = DIRECTION('',(-0.574415884344,0.818563615007,0.));
#8301 = ORIENTED_EDGE('',*,*,#8302,.T.);
#8302 = EDGE_CURVE('',#8294,#8303,#8305,.T.);
#8303 = VERTEX_POINT('',#8304);
#8304 = CARTESIAN_POINT('',(154.565667,-66.158906,1.585));
#8305 = LINE('',#8306,#8307);
#8306 = CARTESIAN_POINT('',(154.599561,-66.098577,1.585));
#8307 = VECTOR('',#8308,1.);
#8308 = DIRECTION('',(-0.489810398227,-0.871828981962,0.));
#8309 = ORIENTED_EDGE('',*,*,#8310,.T.);
#8310 = EDGE_CURVE('',#8303,#8311,#8313,.T.);
#8311 = VERTEX_POINT('',#8312);
#8312 = CARTESIAN_POINT('',(154.538044,-66.22269,1.585));
#8313 = LINE('',#8314,#8315);
#8314 = CARTESIAN_POINT('',(154.565667,-66.158906,1.585));
#8315 = VECTOR('',#8316,1.);
#8316 = DIRECTION('',(-0.397404748597,-0.917643430638,0.));
#8317 = ORIENTED_EDGE('',*,*,#8318,.T.);
#8318 = EDGE_CURVE('',#8311,#8319,#8321,.T.);
#8319 = VERTEX_POINT('',#8320);
#8320 = CARTESIAN_POINT('',(154.506092,-66.338434,1.585));
#8321 = LINE('',#8322,#8323);
#8322 = CARTESIAN_POINT('',(154.538044,-66.22269,1.585));
#8323 = VECTOR('',#8324,1.);
#8324 = DIRECTION('',(-0.266104061718,-0.963944307695,0.));
#8325 = ORIENTED_EDGE('',*,*,#8326,.T.);
#8326 = EDGE_CURVE('',#8319,#8327,#8329,.T.);
#8327 = VERTEX_POINT('',#8328);
#8328 = CARTESIAN_POINT('',(154.498999,-66.466344,1.585));
#8329 = LINE('',#8330,#8331);
#8330 = CARTESIAN_POINT('',(154.506092,-66.338434,1.585));
#8331 = VECTOR('',#8332,1.);
#8332 = DIRECTION('',(-5.536798885142E-02,-0.998466016352,0.));
#8333 = ORIENTED_EDGE('',*,*,#8334,.T.);
#8334 = EDGE_CURVE('',#8327,#8335,#8337,.T.);
#8335 = VERTEX_POINT('',#8336);
#8336 = CARTESIAN_POINT('',(154.507729,-66.570669,1.585));
#8337 = LINE('',#8338,#8339);
#8338 = CARTESIAN_POINT('',(154.498999,-66.466344,1.585));
#8339 = VECTOR('',#8340,1.);
#8340 = DIRECTION('',(8.338934851187E-02,-0.996517042782,0.));
#8341 = ORIENTED_EDGE('',*,*,#8342,.T.);
#8342 = EDGE_CURVE('',#8335,#8343,#8345,.T.);
#8343 = VERTEX_POINT('',#8344);
#8344 = CARTESIAN_POINT('',(154.618334,-66.834044,1.585));
#8345 = CIRCLE('',#8346,0.740796137174);
#8346 = AXIS2_PLACEMENT_3D('',#8347,#8348,#8349);
#8347 = CARTESIAN_POINT('',(155.23322869458,-66.42090548639,1.585));
#8348 = DIRECTION('',(0.,0.,1.));
#8349 = DIRECTION('',(-0.979351346721,-0.202165624368,0.));
#8350 = ORIENTED_EDGE('',*,*,#8351,.T.);
#8351 = EDGE_CURVE('',#8343,#8352,#8354,.T.);
#8352 = VERTEX_POINT('',#8353);
#8353 = CARTESIAN_POINT('',(154.528427,-66.760668,1.585));
#8354 = LINE('',#8355,#8356);
#8355 = CARTESIAN_POINT('',(154.618334,-66.834044,1.585));
#8356 = VECTOR('',#8357,1.);
#8357 = DIRECTION('',(-0.774734938561,0.632286149597,0.));
#8358 = ORIENTED_EDGE('',*,*,#8359,.T.);
#8359 = EDGE_CURVE('',#8352,#8360,#8362,.T.);
#8360 = VERTEX_POINT('',#8361);
#8361 = CARTESIAN_POINT('',(154.339689,-66.511619,1.585));
#8362 = CIRCLE('',#8363,0.900699268815);
#8363 = AXIS2_PLACEMENT_3D('',#8364,#8365,#8366);
#8364 = CARTESIAN_POINT('',(155.14102576329,-66.10037872395,1.585));
#8365 = DIRECTION('',(0.,0.,-1.));
#8366 = DIRECTION('',(-0.680136849782,-0.733085169382,-0.));
#8367 = ORIENTED_EDGE('',*,*,#8368,.T.);
#8368 = EDGE_CURVE('',#8360,#8369,#8371,.T.);
#8369 = VERTEX_POINT('',#8370);
#8370 = CARTESIAN_POINT('',(154.307458,-66.441301,1.585));
#8371 = LINE('',#8372,#8373);
#8372 = CARTESIAN_POINT('',(154.339689,-66.511619,1.585));
#8373 = VECTOR('',#8374,1.);
#8374 = DIRECTION('',(-0.416675187096,0.909055437505,0.));
#8375 = ORIENTED_EDGE('',*,*,#8376,.T.);
#8376 = EDGE_CURVE('',#8369,#8377,#8379,.T.);
#8377 = VERTEX_POINT('',#8378);
#8378 = CARTESIAN_POINT('',(154.244107,-66.140447,1.585));
#8379 = CIRCLE('',#8380,0.86057374665);
#8380 = AXIS2_PLACEMENT_3D('',#8381,#8382,#8383);
#8381 = CARTESIAN_POINT('',(155.10434479688,-66.11640316009,1.585));
#8382 = DIRECTION('',(0.,0.,-1.));
#8383 = DIRECTION('',(-0.925994779628,-0.37753631362,-0.));
#8384 = ORIENTED_EDGE('',*,*,#8385,.T.);
#8385 = EDGE_CURVE('',#8377,#8386,#8388,.T.);
#8386 = VERTEX_POINT('',#8387);
#8387 = CARTESIAN_POINT('',(154.246318,-66.054952,1.585));
#8388 = LINE('',#8389,#8390);
#8389 = CARTESIAN_POINT('',(154.244107,-66.140447,1.585));
#8390 = VECTOR('',#8391,1.);
#8391 = DIRECTION('',(2.585251783854E-02,0.999665767805,0.));
#8392 = ORIENTED_EDGE('',*,*,#8393,.T.);
#8393 = EDGE_CURVE('',#8386,#8394,#8396,.T.);
#8394 = VERTEX_POINT('',#8395);
#8395 = CARTESIAN_POINT('',(154.449288,-65.549409,1.585));
#8396 = CIRCLE('',#8397,0.890858748162);
#8397 = AXIS2_PLACEMENT_3D('',#8398,#8399,#8400);
#8398 = CARTESIAN_POINT('',(155.13492851339,-66.1182028076,1.585));
#8399 = DIRECTION('',(0.,0.,-1.));
#8400 = DIRECTION('',(-0.997476328573,7.099981645297E-02,0.));
#8401 = ORIENTED_EDGE('',*,*,#8402,.T.);
#8402 = EDGE_CURVE('',#8394,#8403,#8405,.T.);
#8403 = VERTEX_POINT('',#8404);
#8404 = CARTESIAN_POINT('',(154.534432,-65.461426,1.585));
#8405 = LINE('',#8406,#8407);
#8406 = CARTESIAN_POINT('',(154.449288,-65.549409,1.585));
#8407 = VECTOR('',#8408,1.);
#8408 = DIRECTION('',(0.695417890138,0.718605565019,0.));
#8409 = ORIENTED_EDGE('',*,*,#8410,.T.);
#8410 = EDGE_CURVE('',#8403,#8411,#8413,.T.);
#8411 = VERTEX_POINT('',#8412);
#8412 = CARTESIAN_POINT('',(154.571083,-65.428648,1.585));
#8413 = LINE('',#8414,#8415);
#8414 = CARTESIAN_POINT('',(154.534432,-65.461426,1.585));
#8415 = VECTOR('',#8416,1.);
#8416 = DIRECTION('',(0.745392887507,0.666625414497,0.));
#8417 = ORIENTED_EDGE('',*,*,#8418,.T.);
#8418 = EDGE_CURVE('',#8411,#8419,#8421,.T.);
#8419 = VERTEX_POINT('',#8420);
#8420 = CARTESIAN_POINT('',(154.576921,-65.283531,1.585));
#8421 = LINE('',#8422,#8423);
#8422 = CARTESIAN_POINT('',(154.571083,-65.428648,1.585));
#8423 = VECTOR('',#8424,1.);
#8424 = DIRECTION('',(4.019709306734E-02,0.999191770237,0.));
#8425 = ORIENTED_EDGE('',*,*,#8426,.T.);
#8426 = EDGE_CURVE('',#8419,#8057,#8427,.T.);
#8427 = LINE('',#8428,#8429);
#8428 = CARTESIAN_POINT('',(154.576921,-65.283531,1.585));
#8429 = VECTOR('',#8430,1.);
#8430 = DIRECTION('',(0.248377636729,0.968663279769,0.));
#8431 = FACE_BOUND('',#8432,.F.);
#8432 = EDGE_LOOP('',(#8433,#8443,#8451,#8459,#8467,#8475,#8483,#8491));
#8433 = ORIENTED_EDGE('',*,*,#8434,.T.);
#8434 = EDGE_CURVE('',#8435,#8437,#8439,.T.);
#8435 = VERTEX_POINT('',#8436);
#8436 = CARTESIAN_POINT('',(155.267917,-65.656472,1.585));
#8437 = VERTEX_POINT('',#8438);
#8438 = CARTESIAN_POINT('',(155.220614,-65.624906,1.585));
#8439 = LINE('',#8440,#8441);
#8440 = CARTESIAN_POINT('',(155.267917,-65.656472,1.585));
#8441 = VECTOR('',#8442,1.);
#8442 = DIRECTION('',(-0.83180132176,0.555073473621,0.));
#8443 = ORIENTED_EDGE('',*,*,#8444,.T.);
#8444 = EDGE_CURVE('',#8437,#8445,#8447,.T.);
#8445 = VERTEX_POINT('',#8446);
#8446 = CARTESIAN_POINT('',(155.168534,-65.612196,1.585));
#8447 = LINE('',#8448,#8449);
#8448 = CARTESIAN_POINT('',(155.220614,-65.624906,1.585));
#8449 = VECTOR('',#8450,1.);
#8450 = DIRECTION('',(-0.971487861017,0.237089299415,0.));
#8451 = ORIENTED_EDGE('',*,*,#8452,.T.);
#8452 = EDGE_CURVE('',#8445,#8453,#8455,.T.);
#8453 = VERTEX_POINT('',#8454);
#8454 = CARTESIAN_POINT('',(155.099834,-65.613197,1.585));
#8455 = LINE('',#8456,#8457);
#8456 = CARTESIAN_POINT('',(155.168534,-65.612196,1.585));
#8457 = VECTOR('',#8458,1.);
#8458 = DIRECTION('',(-0.999893865754,-1.456905035839E-02,0.));
#8459 = ORIENTED_EDGE('',*,*,#8460,.T.);
#8460 = EDGE_CURVE('',#8453,#8461,#8463,.T.);
#8461 = VERTEX_POINT('',#8462);
#8462 = CARTESIAN_POINT('',(155.101562,-65.625658,1.585));
#8463 = LINE('',#8464,#8465);
#8464 = CARTESIAN_POINT('',(155.099834,-65.613197,1.585));
#8465 = VECTOR('',#8466,1.);
#8466 = DIRECTION('',(0.137358240919,-0.990521435231,0.));
#8467 = ORIENTED_EDGE('',*,*,#8468,.T.);
#8468 = EDGE_CURVE('',#8461,#8469,#8471,.T.);
#8469 = VERTEX_POINT('',#8470);
#8470 = CARTESIAN_POINT('',(155.140503,-65.664032,1.585));
#8471 = LINE('',#8472,#8473);
#8472 = CARTESIAN_POINT('',(155.101562,-65.625658,1.585));
#8473 = VECTOR('',#8474,1.);
#8474 = DIRECTION('',(0.712273290761,-0.701902243385,0.));
#8475 = ORIENTED_EDGE('',*,*,#8476,.T.);
#8476 = EDGE_CURVE('',#8469,#8477,#8479,.T.);
#8477 = VERTEX_POINT('',#8478);
#8478 = CARTESIAN_POINT('',(155.181569,-65.681396,1.585));
#8479 = LINE('',#8480,#8481);
#8480 = CARTESIAN_POINT('',(155.140503,-65.664032,1.585));
#8481 = VECTOR('',#8482,1.);
#8482 = DIRECTION('',(0.921048333885,-0.389448284946,0.));
#8483 = ORIENTED_EDGE('',*,*,#8484,.T.);
#8484 = EDGE_CURVE('',#8477,#8485,#8487,.T.);
#8485 = VERTEX_POINT('',#8486);
#8486 = CARTESIAN_POINT('',(155.288246,-65.685498,1.585));
#8487 = LINE('',#8488,#8489);
#8488 = CARTESIAN_POINT('',(155.181569,-65.681396,1.585));
#8489 = VECTOR('',#8490,1.);
#8490 = DIRECTION('',(0.999261520498,-3.842412851011E-02,0.));
#8491 = ORIENTED_EDGE('',*,*,#8492,.T.);
#8492 = EDGE_CURVE('',#8485,#8435,#8493,.T.);
#8493 = LINE('',#8494,#8495);
#8494 = CARTESIAN_POINT('',(155.288246,-65.685498,1.585));
#8495 = VECTOR('',#8496,1.);
#8496 = DIRECTION('',(-0.573666867896,0.819088716,0.));
#8497 = FACE_BOUND('',#8498,.F.);
#8498 = EDGE_LOOP('',(#8499,#8509,#8517,#8525,#8534,#8542,#8550,#8558,
    #8566,#8574));
#8499 = ORIENTED_EDGE('',*,*,#8500,.T.);
#8500 = EDGE_CURVE('',#8501,#8503,#8505,.T.);
#8501 = VERTEX_POINT('',#8502);
#8502 = CARTESIAN_POINT('',(154.830417,-65.217529,1.585));
#8503 = VERTEX_POINT('',#8504);
#8504 = CARTESIAN_POINT('',(154.732836,-65.068948,1.585));
#8505 = LINE('',#8506,#8507);
#8506 = CARTESIAN_POINT('',(154.830417,-65.217529,1.585));
#8507 = VECTOR('',#8508,1.);
#8508 = DIRECTION('',(-0.548950212906,0.835855049485,0.));
#8509 = ORIENTED_EDGE('',*,*,#8510,.T.);
#8510 = EDGE_CURVE('',#8503,#8511,#8513,.T.);
#8511 = VERTEX_POINT('',#8512);
#8512 = CARTESIAN_POINT('',(154.729722,-65.067391,1.585));
#8513 = LINE('',#8514,#8515);
#8514 = CARTESIAN_POINT('',(154.732836,-65.068948,1.585));
#8515 = VECTOR('',#8516,1.);
#8516 = DIRECTION('',(-0.894427190998,0.447213595503,0.));
#8517 = ORIENTED_EDGE('',*,*,#8518,.T.);
#8518 = EDGE_CURVE('',#8511,#8519,#8521,.T.);
#8519 = VERTEX_POINT('',#8520);
#8520 = CARTESIAN_POINT('',(154.703128,-65.156278,1.585));
#8521 = LINE('',#8522,#8523);
#8522 = CARTESIAN_POINT('',(154.729722,-65.067391,1.585));
#8523 = VECTOR('',#8524,1.);
#8524 = DIRECTION('',(-0.286634864105,-0.958039902446,0.));
#8525 = ORIENTED_EDGE('',*,*,#8526,.T.);
#8526 = EDGE_CURVE('',#8519,#8527,#8529,.T.);
#8527 = VERTEX_POINT('',#8528);
#8528 = CARTESIAN_POINT('',(154.704887,-65.392331,1.585));
#8529 = CIRCLE('',#8530,0.799756154716);
#8530 = AXIS2_PLACEMENT_3D('',#8531,#8532,#8533);
#8531 = CARTESIAN_POINT('',(155.49498419875,-65.268410366,1.585));
#8532 = DIRECTION('',(0.,0.,1.));
#8533 = DIRECTION('',(-0.990122044178,0.140208193883,0.));
#8534 = ORIENTED_EDGE('',*,*,#8535,.T.);
#8535 = EDGE_CURVE('',#8527,#8536,#8538,.T.);
#8536 = VERTEX_POINT('',#8537);
#8537 = CARTESIAN_POINT('',(154.738059,-65.49702,1.585));
#8538 = LINE('',#8539,#8540);
#8539 = CARTESIAN_POINT('',(154.704887,-65.392331,1.585));
#8540 = VECTOR('',#8541,1.);
#8541 = DIRECTION('',(0.30206122018,-0.953288528864,0.));
#8542 = ORIENTED_EDGE('',*,*,#8543,.T.);
#8543 = EDGE_CURVE('',#8536,#8544,#8546,.T.);
#8544 = VERTEX_POINT('',#8545);
#8545 = CARTESIAN_POINT('',(154.816214,-65.411642,1.585));
#8546 = LINE('',#8547,#8548);
#8547 = CARTESIAN_POINT('',(154.738059,-65.49702,1.585));
#8548 = VECTOR('',#8549,1.);
#8549 = DIRECTION('',(0.675216663799,0.73761945265,0.));
#8550 = ORIENTED_EDGE('',*,*,#8551,.T.);
#8551 = EDGE_CURVE('',#8544,#8552,#8554,.T.);
#8552 = VERTEX_POINT('',#8553);
#8553 = CARTESIAN_POINT('',(154.866319,-65.380544,1.585));
#8554 = LINE('',#8555,#8556);
#8555 = CARTESIAN_POINT('',(154.816214,-65.411642,1.585));
#8556 = VECTOR('',#8557,1.);
#8557 = DIRECTION('',(0.849652742121,0.52734260003,0.));
#8558 = ORIENTED_EDGE('',*,*,#8559,.T.);
#8559 = EDGE_CURVE('',#8552,#8560,#8562,.T.);
#8560 = VERTEX_POINT('',#8561);
#8561 = CARTESIAN_POINT('',(154.898444,-65.370432,1.585));
#8562 = LINE('',#8563,#8564);
#8563 = CARTESIAN_POINT('',(154.866319,-65.380544,1.585));
#8564 = VECTOR('',#8565,1.);
#8565 = DIRECTION('',(0.953861376971,0.300247353897,0.));
#8566 = ORIENTED_EDGE('',*,*,#8567,.T.);
#8567 = EDGE_CURVE('',#8560,#8568,#8570,.T.);
#8568 = VERTEX_POINT('',#8569);
#8569 = CARTESIAN_POINT('',(154.893859,-65.33984,1.585));
#8570 = LINE('',#8571,#8572);
#8571 = CARTESIAN_POINT('',(154.898444,-65.370432,1.585));
#8572 = VECTOR('',#8573,1.);
#8573 = DIRECTION('',(-0.14822031155,0.988954366614,0.));
#8574 = ORIENTED_EDGE('',*,*,#8575,.T.);
#8575 = EDGE_CURVE('',#8568,#8501,#8576,.T.);
#8576 = LINE('',#8577,#8578);
#8577 = CARTESIAN_POINT('',(154.893859,-65.33984,1.585));
#8578 = VECTOR('',#8579,1.);
#8579 = DIRECTION('',(-0.460440030152,0.887690812521,0.));
#8580 = PLANE('',#8581);
#8581 = AXIS2_PLACEMENT_3D('',#8582,#8583,#8584);
#8582 = CARTESIAN_POINT('',(0.,0.,1.585));
#8583 = DIRECTION('',(0.,0.,1.));
#8584 = DIRECTION('',(1.,0.,-0.));
#8585 = SHELL_BASED_SURFACE_MODEL('',(#8586));
#8586 = OPEN_SHELL('',(#8587));
#8587 = ADVANCED_FACE('',(#8588),#8632,.T.);
#8588 = FACE_BOUND('',#8589,.F.);
#8589 = EDGE_LOOP('',(#8590,#8601,#8609,#8618,#8626));
#8590 = ORIENTED_EDGE('',*,*,#8591,.T.);
#8591 = EDGE_CURVE('',#8592,#8594,#8596,.T.);
#8592 = VERTEX_POINT('',#8593);
#8593 = CARTESIAN_POINT('',(161.646606,-66.100791,1.585));
#8594 = VERTEX_POINT('',#8595);
#8595 = CARTESIAN_POINT('',(161.7428,-66.119925,1.585));
#8596 = CIRCLE('',#8597,4.999998452108E-02);
#8597 = AXIS2_PLACEMENT_3D('',#8598,#8599,#8600);
#8598 = CARTESIAN_POINT('',(161.69280001547,-66.11992503736,1.585));
#8599 = DIRECTION('',(0.,0.,-1.));
#8600 = DIRECTION('',(-0.923880595592,0.382680865851,0.));
#8601 = ORIENTED_EDGE('',*,*,#8602,.T.);
#8602 = EDGE_CURVE('',#8594,#8603,#8605,.T.);
#8603 = VERTEX_POINT('',#8604);
#8604 = CARTESIAN_POINT('',(161.7428,-66.577067,1.585));
#8605 = LINE('',#8606,#8607);
#8606 = CARTESIAN_POINT('',(161.7428,-66.119925,1.585));
#8607 = VECTOR('',#8608,1.);
#8608 = DIRECTION('',(0.,-1.,0.));
#8609 = ORIENTED_EDGE('',*,*,#8610,.T.);
#8610 = EDGE_CURVE('',#8603,#8611,#8613,.T.);
#8611 = VERTEX_POINT('',#8612);
#8612 = CARTESIAN_POINT('',(161.6428,-66.577067,1.585));
#8613 = CIRCLE('',#8614,5.000000000002E-02);
#8614 = AXIS2_PLACEMENT_3D('',#8615,#8616,#8617);
#8615 = CARTESIAN_POINT('',(161.6928,-66.57706695228,1.585));
#8616 = DIRECTION('',(-0.,0.,-1.));
#8617 = DIRECTION('',(1.,-9.542361567582E-07,-0.));
#8618 = ORIENTED_EDGE('',*,*,#8619,.T.);
#8619 = EDGE_CURVE('',#8611,#8620,#8622,.T.);
#8620 = VERTEX_POINT('',#8621);
#8621 = CARTESIAN_POINT('',(161.6428,-66.119925,1.585));
#8622 = LINE('',#8623,#8624);
#8623 = CARTESIAN_POINT('',(161.6428,-66.577067,1.585));
#8624 = VECTOR('',#8625,1.);
#8625 = DIRECTION('',(0.,1.,0.));
#8626 = ORIENTED_EDGE('',*,*,#8627,.T.);
#8627 = EDGE_CURVE('',#8620,#8592,#8628,.T.);
#8628 = LINE('',#8629,#8630);
#8629 = CARTESIAN_POINT('',(161.6428,-66.119925,1.585));
#8630 = VECTOR('',#8631,1.);
#8631 = DIRECTION('',(0.195090852695,0.980785174845,0.));
#8632 = PLANE('',#8633);
#8633 = AXIS2_PLACEMENT_3D('',#8634,#8635,#8636);
#8634 = CARTESIAN_POINT('',(0.,0.,1.585));
#8635 = DIRECTION('',(0.,0.,1.));
#8636 = DIRECTION('',(1.,0.,-0.));
#8637 = SHELL_BASED_SURFACE_MODEL('',(#8638));
#8638 = OPEN_SHELL('',(#8639));
#8639 = ADVANCED_FACE('',(#8640,#8710),#8744,.T.);
#8640 = FACE_BOUND('',#8641,.F.);
#8641 = EDGE_LOOP('',(#8642,#8653,#8661,#8670,#8678,#8687,#8695,#8704));
#8642 = ORIENTED_EDGE('',*,*,#8643,.T.);
#8643 = EDGE_CURVE('',#8644,#8646,#8648,.T.);
#8644 = VERTEX_POINT('',#8645);
#8645 = CARTESIAN_POINT('',(158.24,-63.8,1.585));
#8646 = VERTEX_POINT('',#8647);
#8647 = CARTESIAN_POINT('',(158.3,-63.74,1.585));
#8648 = CIRCLE('',#8649,5.999932016256E-02);
#8649 = AXIS2_PLACEMENT_3D('',#8650,#8651,#8652);
#8650 = CARTESIAN_POINT('',(158.29999932015,-63.79999932015,1.585));
#8651 = DIRECTION('',(0.,0.,-1.));
#8652 = DIRECTION('',(-0.999999999936,-1.133081671356E-05,-0.));
#8653 = ORIENTED_EDGE('',*,*,#8654,.T.);
#8654 = EDGE_CURVE('',#8646,#8655,#8657,.T.);
#8655 = VERTEX_POINT('',#8656);
#8656 = CARTESIAN_POINT('',(160.7,-63.74,1.585));
#8657 = LINE('',#8658,#8659);
#8658 = CARTESIAN_POINT('',(158.3,-63.74,1.585));
#8659 = VECTOR('',#8660,1.);
#8660 = DIRECTION('',(1.,0.,0.));
#8661 = ORIENTED_EDGE('',*,*,#8662,.T.);
#8662 = EDGE_CURVE('',#8655,#8663,#8665,.T.);
#8663 = VERTEX_POINT('',#8664);
#8664 = CARTESIAN_POINT('',(160.76,-63.8,1.585));
#8665 = CIRCLE('',#8666,5.999932016259E-02);
#8666 = AXIS2_PLACEMENT_3D('',#8667,#8668,#8669);
#8667 = CARTESIAN_POINT('',(160.70000067984,-63.79999932015,1.585));
#8668 = DIRECTION('',(0.,0.,-1.));
#8669 = DIRECTION('',(-1.133081612142E-05,0.999999999936,0.));
#8670 = ORIENTED_EDGE('',*,*,#8671,.T.);
#8671 = EDGE_CURVE('',#8663,#8672,#8674,.T.);
#8672 = VERTEX_POINT('',#8673);
#8673 = CARTESIAN_POINT('',(160.76,-66.2,1.585));
#8674 = LINE('',#8675,#8676);
#8675 = CARTESIAN_POINT('',(160.76,-63.8,1.585));
#8676 = VECTOR('',#8677,1.);
#8677 = DIRECTION('',(0.,-1.,0.));
#8678 = ORIENTED_EDGE('',*,*,#8679,.T.);
#8679 = EDGE_CURVE('',#8672,#8680,#8682,.T.);
#8680 = VERTEX_POINT('',#8681);
#8681 = CARTESIAN_POINT('',(160.7,-66.26,1.585));
#8682 = CIRCLE('',#8683,5.999932016256E-02);
#8683 = AXIS2_PLACEMENT_3D('',#8684,#8685,#8686);
#8684 = CARTESIAN_POINT('',(160.70000067984,-66.20000067984,1.585));
#8685 = DIRECTION('',(0.,0.,-1.));
#8686 = DIRECTION('',(0.999999999936,1.133081659513E-05,0.));
#8687 = ORIENTED_EDGE('',*,*,#8688,.T.);
#8688 = EDGE_CURVE('',#8680,#8689,#8691,.T.);
#8689 = VERTEX_POINT('',#8690);
#8690 = CARTESIAN_POINT('',(158.3,-66.26,1.585));
#8691 = LINE('',#8692,#8693);
#8692 = CARTESIAN_POINT('',(160.7,-66.26,1.585));
#8693 = VECTOR('',#8694,1.);
#8694 = DIRECTION('',(-1.,0.,0.));
#8695 = ORIENTED_EDGE('',*,*,#8696,.T.);
#8696 = EDGE_CURVE('',#8689,#8697,#8699,.T.);
#8697 = VERTEX_POINT('',#8698);
#8698 = CARTESIAN_POINT('',(158.24,-66.2,1.585));
#8699 = CIRCLE('',#8700,5.999932016262E-02);
#8700 = AXIS2_PLACEMENT_3D('',#8701,#8702,#8703);
#8701 = CARTESIAN_POINT('',(158.29999932015,-66.20000067984,1.585));
#8702 = DIRECTION('',(0.,0.,-1.));
#8703 = DIRECTION('',(1.133081564772E-05,-0.999999999936,0.));
#8704 = ORIENTED_EDGE('',*,*,#8705,.T.);
#8705 = EDGE_CURVE('',#8697,#8644,#8706,.T.);
#8706 = LINE('',#8707,#8708);
#8707 = CARTESIAN_POINT('',(158.24,-66.2,1.585));
#8708 = VECTOR('',#8709,1.);
#8709 = DIRECTION('',(0.,1.,0.));
#8710 = FACE_BOUND('',#8711,.F.);
#8711 = EDGE_LOOP('',(#8712,#8722,#8730,#8738));
#8712 = ORIENTED_EDGE('',*,*,#8713,.T.);
#8713 = EDGE_CURVE('',#8714,#8716,#8718,.T.);
#8714 = VERTEX_POINT('',#8715);
#8715 = CARTESIAN_POINT('',(160.64,-66.14,1.585));
#8716 = VERTEX_POINT('',#8717);
#8717 = CARTESIAN_POINT('',(160.64,-63.86,1.585));
#8718 = LINE('',#8719,#8720);
#8719 = CARTESIAN_POINT('',(160.64,-66.14,1.585));
#8720 = VECTOR('',#8721,1.);
#8721 = DIRECTION('',(0.,1.,0.));
#8722 = ORIENTED_EDGE('',*,*,#8723,.T.);
#8723 = EDGE_CURVE('',#8716,#8724,#8726,.T.);
#8724 = VERTEX_POINT('',#8725);
#8725 = CARTESIAN_POINT('',(158.36,-63.86,1.585));
#8726 = LINE('',#8727,#8728);
#8727 = CARTESIAN_POINT('',(160.64,-63.86,1.585));
#8728 = VECTOR('',#8729,1.);
#8729 = DIRECTION('',(-1.,0.,0.));
#8730 = ORIENTED_EDGE('',*,*,#8731,.T.);
#8731 = EDGE_CURVE('',#8724,#8732,#8734,.T.);
#8732 = VERTEX_POINT('',#8733);
#8733 = CARTESIAN_POINT('',(158.36,-66.14,1.585));
#8734 = LINE('',#8735,#8736);
#8735 = CARTESIAN_POINT('',(158.36,-63.86,1.585));
#8736 = VECTOR('',#8737,1.);
#8737 = DIRECTION('',(0.,-1.,0.));
#8738 = ORIENTED_EDGE('',*,*,#8739,.T.);
#8739 = EDGE_CURVE('',#8732,#8714,#8740,.T.);
#8740 = LINE('',#8741,#8742);
#8741 = CARTESIAN_POINT('',(158.36,-66.14,1.585));
#8742 = VECTOR('',#8743,1.);
#8743 = DIRECTION('',(1.,0.,0.));
#8744 = PLANE('',#8745);
#8745 = AXIS2_PLACEMENT_3D('',#8746,#8747,#8748);
#8746 = CARTESIAN_POINT('',(0.,0.,1.585));
#8747 = DIRECTION('',(0.,0.,1.));
#8748 = DIRECTION('',(1.,0.,-0.));
#8749 = SHELL_BASED_SURFACE_MODEL('',(#8750));
#8750 = OPEN_SHELL('',(#8751));
#8751 = ADVANCED_FACE('',(#8752),#8911,.T.);
#8752 = FACE_BOUND('',#8753,.F.);
#8753 = EDGE_LOOP('',(#8754,#8765,#8773,#8781,#8789,#8797,#8805,#8813,
    #8822,#8830,#8839,#8847,#8855,#8863,#8872,#8880,#8888,#8896,#8905));
#8754 = ORIENTED_EDGE('',*,*,#8755,.T.);
#8755 = EDGE_CURVE('',#8756,#8758,#8760,.T.);
#8756 = VERTEX_POINT('',#8757);
#8757 = CARTESIAN_POINT('',(161.314587,-65.869565,1.585));
#8758 = VERTEX_POINT('',#8759);
#8759 = CARTESIAN_POINT('',(161.314587,-65.541713,1.585));
#8760 = CIRCLE('',#8761,0.277545758236);
#8761 = AXIS2_PLACEMENT_3D('',#8762,#8763,#8764);
#8762 = CARTESIAN_POINT('',(161.53855109185,-65.705639,1.585));
#8763 = DIRECTION('',(0.,0.,-1.));
#8764 = DIRECTION('',(-0.806944747687,-0.590626933166,-0.));
#8765 = ORIENTED_EDGE('',*,*,#8766,.T.);
#8766 = EDGE_CURVE('',#8758,#8767,#8769,.T.);
#8767 = VERTEX_POINT('',#8768);
#8768 = CARTESIAN_POINT('',(161.356154,-65.503774,1.585));
#8769 = LINE('',#8770,#8771);
#8770 = CARTESIAN_POINT('',(161.314587,-65.541713,1.585));
#8771 = VECTOR('',#8772,1.);
#8772 = DIRECTION('',(0.738604736297,0.67413874204,0.));
#8773 = ORIENTED_EDGE('',*,*,#8774,.T.);
#8774 = EDGE_CURVE('',#8767,#8775,#8777,.T.);
#8775 = VERTEX_POINT('',#8776);
#8776 = CARTESIAN_POINT('',(161.432113,-65.470051,1.585));
#8777 = LINE('',#8778,#8779);
#8778 = CARTESIAN_POINT('',(161.356154,-65.503774,1.585));
#8779 = VECTOR('',#8780,1.);
#8780 = DIRECTION('',(0.913974719507,0.405771132663,0.));
#8781 = ORIENTED_EDGE('',*,*,#8782,.T.);
#8782 = EDGE_CURVE('',#8775,#8783,#8785,.T.);
#8783 = VERTEX_POINT('',#8784);
#8784 = CARTESIAN_POINT('',(161.500662,-65.471488,1.585));
#8785 = LINE('',#8786,#8787);
#8786 = CARTESIAN_POINT('',(161.432113,-65.470051,1.585));
#8787 = VECTOR('',#8788,1.);
#8788 = DIRECTION('',(0.999780346472,-2.09585020624E-02,0.));
#8789 = ORIENTED_EDGE('',*,*,#8790,.T.);
#8790 = EDGE_CURVE('',#8783,#8791,#8793,.T.);
#8791 = VERTEX_POINT('',#8792);
#8792 = CARTESIAN_POINT('',(161.604312,-65.506755,1.585));
#8793 = LINE('',#8794,#8795);
#8794 = CARTESIAN_POINT('',(161.500662,-65.471488,1.585));
#8795 = VECTOR('',#8796,1.);
#8796 = DIRECTION('',(0.946700346154,-0.322115591971,0.));
#8797 = ORIENTED_EDGE('',*,*,#8798,.T.);
#8798 = EDGE_CURVE('',#8791,#8799,#8801,.T.);
#8799 = VERTEX_POINT('',#8800);
#8800 = CARTESIAN_POINT('',(161.871371,-65.770643,1.585));
#8801 = LINE('',#8802,#8803);
#8802 = CARTESIAN_POINT('',(161.604312,-65.506755,1.585));
#8803 = VECTOR('',#8804,1.);
#8804 = DIRECTION('',(0.711317182769,-0.702871158533,0.));
#8805 = ORIENTED_EDGE('',*,*,#8806,.T.);
#8806 = EDGE_CURVE('',#8799,#8807,#8809,.T.);
#8807 = VERTEX_POINT('',#8808);
#8808 = CARTESIAN_POINT('',(161.871371,-65.519925,1.585));
#8809 = LINE('',#8810,#8811);
#8810 = CARTESIAN_POINT('',(161.871371,-65.770643,1.585));
#8811 = VECTOR('',#8812,1.);
#8812 = DIRECTION('',(0.,1.,0.));
#8813 = ORIENTED_EDGE('',*,*,#8814,.T.);
#8814 = EDGE_CURVE('',#8807,#8815,#8817,.T.);
#8815 = VERTEX_POINT('',#8816);
#8816 = CARTESIAN_POINT('',(161.971371,-65.519925,1.585));
#8817 = CIRCLE('',#8818,5.000000000001E-02);
#8818 = AXIS2_PLACEMENT_3D('',#8819,#8820,#8821);
#8819 = CARTESIAN_POINT('',(161.921371,-65.51992504771,1.585));
#8820 = DIRECTION('',(0.,0.,-1.));
#8821 = DIRECTION('',(-1.,9.542361567582E-07,0.));
#8822 = ORIENTED_EDGE('',*,*,#8823,.T.);
#8823 = EDGE_CURVE('',#8815,#8824,#8826,.T.);
#8824 = VERTEX_POINT('',#8825);
#8825 = CARTESIAN_POINT('',(161.971371,-65.891353,1.585));
#8826 = LINE('',#8827,#8828);
#8827 = CARTESIAN_POINT('',(161.971371,-65.519925,1.585));
#8828 = VECTOR('',#8829,1.);
#8829 = DIRECTION('',(0.,-1.,0.));
#8830 = ORIENTED_EDGE('',*,*,#8831,.T.);
#8831 = EDGE_CURVE('',#8824,#8832,#8834,.T.);
#8832 = VERTEX_POINT('',#8833);
#8833 = CARTESIAN_POINT('',(161.886016,-65.926708,1.585));
#8834 = CIRCLE('',#8835,4.99996389501E-02);
#8835 = AXIS2_PLACEMENT_3D('',#8836,#8837,#8838);
#8836 = CARTESIAN_POINT('',(161.92137136105,-65.89135319353,1.585));
#8837 = DIRECTION('',(0.,0.,-1.));
#8838 = DIRECTION('',(0.999999999993,3.870737356916E-06,0.));
#8839 = ORIENTED_EDGE('',*,*,#8840,.T.);
#8840 = EDGE_CURVE('',#8832,#8841,#8843,.T.);
#8841 = VERTEX_POINT('',#8842);
#8842 = CARTESIAN_POINT('',(161.551506,-65.592198,1.585));
#8843 = LINE('',#8844,#8845);
#8844 = CARTESIAN_POINT('',(161.886016,-65.926708,1.585));
#8845 = VECTOR('',#8846,1.);
#8846 = DIRECTION('',(-0.707106781187,0.707106781187,0.));
#8847 = ORIENTED_EDGE('',*,*,#8848,.T.);
#8848 = EDGE_CURVE('',#8841,#8849,#8851,.T.);
#8849 = VERTEX_POINT('',#8850);
#8850 = CARTESIAN_POINT('',(161.484687,-65.569925,1.585));
#8851 = LINE('',#8852,#8853);
#8852 = CARTESIAN_POINT('',(161.551506,-65.592198,1.585));
#8853 = VECTOR('',#8854,1.);
#8854 = DIRECTION('',(-0.94868329805,0.316227766017,0.));
#8855 = ORIENTED_EDGE('',*,*,#8856,.T.);
#8856 = EDGE_CURVE('',#8849,#8857,#8859,.T.);
#8857 = VERTEX_POINT('',#8858);
#8858 = CARTESIAN_POINT('',(161.44746,-65.569925,1.585));
#8859 = LINE('',#8860,#8861);
#8860 = CARTESIAN_POINT('',(161.484687,-65.569925,1.585));
#8861 = VECTOR('',#8862,1.);
#8862 = DIRECTION('',(-1.,0.,0.));
#8863 = ORIENTED_EDGE('',*,*,#8864,.T.);
#8864 = EDGE_CURVE('',#8857,#8865,#8867,.T.);
#8865 = VERTEX_POINT('',#8866);
#8866 = CARTESIAN_POINT('',(161.371371,-65.646012,1.585));
#8867 = CIRCLE('',#8868,0.106477976277);
#8868 = AXIS2_PLACEMENT_3D('',#8869,#8870,#8871);
#8869 = CARTESIAN_POINT('',(161.47438720782,-65.67294191565,1.585));
#8870 = DIRECTION('',(0.,0.,1.));
#8871 = DIRECTION('',(-0.25288992868,0.967495056304,0.));
#8872 = ORIENTED_EDGE('',*,*,#8873,.T.);
#8873 = EDGE_CURVE('',#8865,#8874,#8876,.T.);
#8874 = VERTEX_POINT('',#8875);
#8875 = CARTESIAN_POINT('',(161.371371,-65.765265,1.585));
#8876 = LINE('',#8877,#8878);
#8877 = CARTESIAN_POINT('',(161.371371,-65.646012,1.585));
#8878 = VECTOR('',#8879,1.);
#8879 = DIRECTION('',(0.,-1.,0.));
#8880 = ORIENTED_EDGE('',*,*,#8881,.T.);
#8881 = EDGE_CURVE('',#8874,#8882,#8884,.T.);
#8882 = VERTEX_POINT('',#8883);
#8883 = CARTESIAN_POINT('',(161.391034,-65.804592,1.585));
#8884 = LINE('',#8885,#8886);
#8885 = CARTESIAN_POINT('',(161.371371,-65.765265,1.585));
#8886 = VECTOR('',#8887,1.);
#8887 = DIRECTION('',(0.447204498096,-0.894431739644,0.));
#8888 = ORIENTED_EDGE('',*,*,#8889,.T.);
#8889 = EDGE_CURVE('',#8882,#8890,#8892,.T.);
#8890 = VERTEX_POINT('',#8891);
#8891 = CARTESIAN_POINT('',(161.424708,-65.843648,1.585));
#8892 = LINE('',#8893,#8894);
#8893 = CARTESIAN_POINT('',(161.391034,-65.804592,1.585));
#8894 = VECTOR('',#8895,1.);
#8895 = DIRECTION('',(0.652995626013,-0.75736167873,0.));
#8896 = ORIENTED_EDGE('',*,*,#8897,.T.);
#8897 = EDGE_CURVE('',#8890,#8898,#8900,.T.);
#8898 = VERTEX_POINT('',#8899);
#8899 = CARTESIAN_POINT('',(161.35938,-65.908976,1.585));
#8900 = CIRCLE('',#8901,4.999995591997E-02);
#8901 = AXIS2_PLACEMENT_3D('',#8902,#8903,#8904);
#8902 = CARTESIAN_POINT('',(161.378514,-65.862782,1.585));
#8903 = DIRECTION('',(0.,0.,-1.));
#8904 = DIRECTION('',(0.923880814494,0.382680337371,0.));
#8905 = ORIENTED_EDGE('',*,*,#8906,.T.);
#8906 = EDGE_CURVE('',#8898,#8756,#8907,.T.);
#8907 = LINE('',#8908,#8909);
#8908 = CARTESIAN_POINT('',(161.35938,-65.908976,1.585));
#8909 = VECTOR('',#8910,1.);
#8910 = DIRECTION('',(-0.750770371179,0.660563282177,0.));
#8911 = PLANE('',#8912);
#8912 = AXIS2_PLACEMENT_3D('',#8913,#8914,#8915);
#8913 = CARTESIAN_POINT('',(0.,0.,1.585));
#8914 = DIRECTION('',(0.,0.,1.));
#8915 = DIRECTION('',(1.,0.,-0.));
#8916 = SHELL_BASED_SURFACE_MODEL('',(#8917));
#8917 = OPEN_SHELL('',(#8918));
#8918 = ADVANCED_FACE('',(#8919),#8985,.T.);
#8919 = FACE_BOUND('',#8920,.F.);
#8920 = EDGE_LOOP('',(#8921,#8931,#8939,#8947,#8955,#8963,#8971,#8979));
#8921 = ORIENTED_EDGE('',*,*,#8922,.T.);
#8922 = EDGE_CURVE('',#8923,#8925,#8927,.T.);
#8923 = VERTEX_POINT('',#8924);
#8924 = CARTESIAN_POINT('',(155.178572,-65.145477,1.585));
#8925 = VERTEX_POINT('',#8926);
#8926 = CARTESIAN_POINT('',(155.256,-65.081308,1.585));
#8927 = LINE('',#8928,#8929);
#8928 = CARTESIAN_POINT('',(155.178572,-65.145477,1.585));
#8929 = VECTOR('',#8930,1.);
#8930 = DIRECTION('',(0.769951345931,0.638102597471,0.));
#8931 = ORIENTED_EDGE('',*,*,#8932,.T.);
#8932 = EDGE_CURVE('',#8925,#8933,#8935,.T.);
#8933 = VERTEX_POINT('',#8934);
#8934 = CARTESIAN_POINT('',(155.345326,-65.025829,1.585));
#8935 = LINE('',#8936,#8937);
#8936 = CARTESIAN_POINT('',(155.256,-65.081308,1.585));
#8937 = VECTOR('',#8938,1.);
#8938 = DIRECTION('',(0.849489816621,0.527605014624,0.));
#8939 = ORIENTED_EDGE('',*,*,#8940,.T.);
#8940 = EDGE_CURVE('',#8933,#8941,#8943,.T.);
#8941 = VERTEX_POINT('',#8942);
#8942 = CARTESIAN_POINT('',(155.34757,-65.029929,1.585));
#8943 = LINE('',#8944,#8945);
#8944 = CARTESIAN_POINT('',(155.345326,-65.025829,1.585));
#8945 = VECTOR('',#8946,1.);
#8946 = DIRECTION('',(0.480110827241,-0.877207839435,0.));
#8947 = ORIENTED_EDGE('',*,*,#8948,.T.);
#8948 = EDGE_CURVE('',#8941,#8949,#8951,.T.);
#8949 = VERTEX_POINT('',#8950);
#8950 = CARTESIAN_POINT('',(155.315785,-65.341706,1.585));
#8951 = LINE('',#8952,#8953);
#8952 = CARTESIAN_POINT('',(155.34757,-65.029929,1.585));
#8953 = VECTOR('',#8954,1.);
#8954 = DIRECTION('',(-0.10142217005,-0.994843476846,0.));
#8955 = ORIENTED_EDGE('',*,*,#8956,.T.);
#8956 = EDGE_CURVE('',#8949,#8957,#8959,.T.);
#8957 = VERTEX_POINT('',#8958);
#8958 = CARTESIAN_POINT('',(155.230886,-65.281381,1.585));
#8959 = LINE('',#8960,#8961);
#8960 = CARTESIAN_POINT('',(155.315785,-65.341706,1.585));
#8961 = VECTOR('',#8962,1.);
#8962 = DIRECTION('',(-0.815171221855,0.579220060995,0.));
#8963 = ORIENTED_EDGE('',*,*,#8964,.T.);
#8964 = EDGE_CURVE('',#8957,#8965,#8967,.T.);
#8965 = VERTEX_POINT('',#8966);
#8966 = CARTESIAN_POINT('',(155.161567,-65.250474,1.585));
#8967 = LINE('',#8968,#8969);
#8968 = CARTESIAN_POINT('',(155.230886,-65.281381,1.585));
#8969 = VECTOR('',#8970,1.);
#8970 = DIRECTION('',(-0.913328972089,0.407222529759,0.));
#8971 = ORIENTED_EDGE('',*,*,#8972,.T.);
#8972 = EDGE_CURVE('',#8965,#8973,#8975,.T.);
#8973 = VERTEX_POINT('',#8974);
#8974 = CARTESIAN_POINT('',(155.101562,-65.23643,1.585));
#8975 = LINE('',#8976,#8977);
#8976 = CARTESIAN_POINT('',(155.161567,-65.250474,1.585));
#8977 = VECTOR('',#8978,1.);
#8978 = DIRECTION('',(-0.973687182895,0.22788872255,0.));
#8979 = ORIENTED_EDGE('',*,*,#8980,.T.);
#8980 = EDGE_CURVE('',#8973,#8923,#8981,.T.);
#8981 = LINE('',#8982,#8983);
#8982 = CARTESIAN_POINT('',(155.101562,-65.23643,1.585));
#8983 = VECTOR('',#8984,1.);
#8984 = DIRECTION('',(0.646185574567,0.763180321563,0.));
#8985 = PLANE('',#8986);
#8986 = AXIS2_PLACEMENT_3D('',#8987,#8988,#8989);
#8987 = CARTESIAN_POINT('',(0.,0.,1.585));
#8988 = DIRECTION('',(0.,0.,1.));
#8989 = DIRECTION('',(1.,0.,-0.));
#8990 = SHELL_BASED_SURFACE_MODEL('',(#8991));
#8991 = OPEN_SHELL('',(#8992));
#8992 = ADVANCED_FACE('',(#8993,#9140),#9242,.T.);
#8993 = FACE_BOUND('',#8994,.F.);
#8994 = EDGE_LOOP('',(#8995,#9005,#9013,#9021,#9029,#9037,#9045,#9053,
    #9061,#9069,#9077,#9085,#9094,#9102,#9110,#9118,#9126,#9134));
#8995 = ORIENTED_EDGE('',*,*,#8996,.T.);
#8996 = EDGE_CURVE('',#8997,#8999,#9001,.T.);
#8997 = VERTEX_POINT('',#8998);
#8998 = CARTESIAN_POINT('',(161.356153,-64.960918,1.585));
#8999 = VERTEX_POINT('',#9000);
#9000 = CARTESIAN_POINT('',(161.42353,-64.92856,1.585));
#9001 = LINE('',#9002,#9003);
#9002 = CARTESIAN_POINT('',(161.356153,-64.960918,1.585));
#9003 = VECTOR('',#9004,1.);
#9004 = DIRECTION('',(0.901434100538,0.432916345715,0.));
#9005 = ORIENTED_EDGE('',*,*,#9006,.T.);
#9006 = EDGE_CURVE('',#8999,#9007,#9009,.T.);
#9007 = VERTEX_POINT('',#9008);
#9008 = CARTESIAN_POINT('',(161.549942,-64.898496,1.585));
#9009 = LINE('',#9010,#9011);
#9010 = CARTESIAN_POINT('',(161.42353,-64.92856,1.585));
#9011 = VECTOR('',#9012,1.);
#9012 = DIRECTION('',(0.972865306681,0.231372200266,0.));
#9013 = ORIENTED_EDGE('',*,*,#9014,.T.);
#9014 = EDGE_CURVE('',#9007,#9015,#9017,.T.);
#9015 = VERTEX_POINT('',#9016);
#9016 = CARTESIAN_POINT('',(161.698809,-64.899691,1.585));
#9017 = LINE('',#9018,#9019);
#9018 = CARTESIAN_POINT('',(161.549942,-64.898496,1.585));
#9019 = VECTOR('',#9020,1.);
#9020 = DIRECTION('',(0.999967782788,-8.027040918682E-03,0.));
#9021 = ORIENTED_EDGE('',*,*,#9022,.T.);
#9022 = EDGE_CURVE('',#9015,#9023,#9025,.T.);
#9023 = VERTEX_POINT('',#9024);
#9024 = CARTESIAN_POINT('',(161.829446,-64.932346,1.585));
#9025 = LINE('',#9026,#9027);
#9026 = CARTESIAN_POINT('',(161.698809,-64.899691,1.585));
#9027 = VECTOR('',#9028,1.);
#9028 = DIRECTION('',(0.970149925993,-0.242505919711,0.));
#9029 = ORIENTED_EDGE('',*,*,#9030,.T.);
#9030 = EDGE_CURVE('',#9023,#9031,#9033,.T.);
#9031 = VERTEX_POINT('',#9032);
#9032 = CARTESIAN_POINT('',(161.899583,-64.970283,1.585));
#9033 = LINE('',#9034,#9035);
#9034 = CARTESIAN_POINT('',(161.829446,-64.932346,1.585));
#9035 = VECTOR('',#9036,1.);
#9036 = DIRECTION('',(0.879574762336,-0.475760693482,0.));
#9037 = ORIENTED_EDGE('',*,*,#9038,.T.);
#9038 = EDGE_CURVE('',#9031,#9039,#9041,.T.);
#9039 = VERTEX_POINT('',#9040);
#9040 = CARTESIAN_POINT('',(161.937522,-65.01185,1.585));
#9041 = LINE('',#9042,#9043);
#9042 = CARTESIAN_POINT('',(161.899583,-64.970283,1.585));
#9043 = VECTOR('',#9044,1.);
#9044 = DIRECTION('',(0.67413874204,-0.738604736297,0.));
#9045 = ORIENTED_EDGE('',*,*,#9046,.T.);
#9046 = EDGE_CURVE('',#9039,#9047,#9049,.T.);
#9047 = VERTEX_POINT('',#9048);
#9048 = CARTESIAN_POINT('',(161.971245,-65.087809,1.585));
#9049 = LINE('',#9050,#9051);
#9050 = CARTESIAN_POINT('',(161.937522,-65.01185,1.585));
#9051 = VECTOR('',#9052,1.);
#9052 = DIRECTION('',(0.405771132663,-0.913974719507,0.));
#9053 = ORIENTED_EDGE('',*,*,#9054,.T.);
#9054 = EDGE_CURVE('',#9047,#9055,#9057,.T.);
#9055 = VERTEX_POINT('',#9056);
#9056 = CARTESIAN_POINT('',(161.967565,-65.16763,1.585));
#9057 = LINE('',#9058,#9059);
#9058 = CARTESIAN_POINT('',(161.971245,-65.087809,1.585));
#9059 = VECTOR('',#9060,1.);
#9060 = DIRECTION('',(-4.605423762776E-02,-0.998938940675,0.));
#9061 = ORIENTED_EDGE('',*,*,#9062,.T.);
#9062 = EDGE_CURVE('',#9055,#9063,#9065,.T.);
#9063 = VERTEX_POINT('',#9064);
#9064 = CARTESIAN_POINT('',(161.928155,-65.240995,1.585));
#9065 = LINE('',#9066,#9067);
#9066 = CARTESIAN_POINT('',(161.967565,-65.16763,1.585));
#9067 = VECTOR('',#9068,1.);
#9068 = DIRECTION('',(-0.473222421687,-0.880942983179,0.));
#9069 = ORIENTED_EDGE('',*,*,#9070,.T.);
#9070 = EDGE_CURVE('',#9063,#9071,#9073,.T.);
#9071 = VERTEX_POINT('',#9072);
#9072 = CARTESIAN_POINT('',(161.886589,-65.278931,1.585));
#9073 = LINE('',#9074,#9075);
#9074 = CARTESIAN_POINT('',(161.928155,-65.240995,1.585));
#9075 = VECTOR('',#9076,1.);
#9076 = DIRECTION('',(-0.738623204322,-0.674118507413,0.));
#9077 = ORIENTED_EDGE('',*,*,#9078,.T.);
#9078 = EDGE_CURVE('',#9071,#9079,#9081,.T.);
#9079 = VERTEX_POINT('',#9080);
#9080 = CARTESIAN_POINT('',(161.819212,-65.311288,1.585));
#9081 = LINE('',#9082,#9083);
#9082 = CARTESIAN_POINT('',(161.886589,-65.278931,1.585));
#9083 = VECTOR('',#9084,1.);
#9084 = DIRECTION('',(-0.901439321582,-0.4329054741,0.));
#9085 = ORIENTED_EDGE('',*,*,#9086,.T.);
#9086 = EDGE_CURVE('',#9079,#9087,#9089,.T.);
#9087 = VERTEX_POINT('',#9088);
#9088 = CARTESIAN_POINT('',(161.413297,-65.307503,1.585));
#9089 = CIRCLE('',#9090,0.585477827323);
#9090 = AXIS2_PLACEMENT_3D('',#9091,#9092,#9093);
#9091 = CARTESIAN_POINT('',(161.6213750855,-64.76024821781,1.585));
#9092 = DIRECTION('',(-0.,0.,-1.));
#9093 = DIRECTION('',(0.337906757981,-0.94117959121,-0.));
#9094 = ORIENTED_EDGE('',*,*,#9095,.T.);
#9095 = EDGE_CURVE('',#9087,#9096,#9098,.T.);
#9096 = VERTEX_POINT('',#9097);
#9097 = CARTESIAN_POINT('',(161.343159,-65.269566,1.585));
#9098 = LINE('',#9099,#9100);
#9099 = CARTESIAN_POINT('',(161.413297,-65.307503,1.585));
#9100 = VECTOR('',#9101,1.);
#9101 = DIRECTION('',(-0.879577600879,0.475755445615,0.));
#9102 = ORIENTED_EDGE('',*,*,#9103,.T.);
#9103 = EDGE_CURVE('',#9096,#9104,#9106,.T.);
#9104 = VERTEX_POINT('',#9105);
#9105 = CARTESIAN_POINT('',(161.305221,-65.228,1.585));
#9106 = LINE('',#9107,#9108);
#9107 = CARTESIAN_POINT('',(161.343159,-65.269566,1.585));
#9108 = VECTOR('',#9109,1.);
#9109 = DIRECTION('',(-0.674137895949,0.73860550854,0.));
#9110 = ORIENTED_EDGE('',*,*,#9111,.T.);
#9111 = EDGE_CURVE('',#9104,#9112,#9114,.T.);
#9112 = VERTEX_POINT('',#9113);
#9113 = CARTESIAN_POINT('',(161.271497,-65.15204,1.585));
#9114 = LINE('',#9115,#9116);
#9115 = CARTESIAN_POINT('',(161.305221,-65.228,1.585));
#9116 = VECTOR('',#9117,1.);
#9117 = DIRECTION('',(-0.405776721473,0.91397223826,0.));
#9118 = ORIENTED_EDGE('',*,*,#9119,.T.);
#9119 = EDGE_CURVE('',#9112,#9120,#9122,.T.);
#9120 = VERTEX_POINT('',#9121);
#9121 = CARTESIAN_POINT('',(161.275177,-65.072219,1.585));
#9122 = LINE('',#9123,#9124);
#9123 = CARTESIAN_POINT('',(161.271497,-65.15204,1.585));
#9124 = VECTOR('',#9125,1.);
#9125 = DIRECTION('',(4.605423762777E-02,0.998938940675,0.));
#9126 = ORIENTED_EDGE('',*,*,#9127,.T.);
#9127 = EDGE_CURVE('',#9120,#9128,#9130,.T.);
#9128 = VERTEX_POINT('',#9129);
#9129 = CARTESIAN_POINT('',(161.314587,-64.998854,1.585));
#9130 = LINE('',#9131,#9132);
#9131 = CARTESIAN_POINT('',(161.275177,-65.072219,1.585));
#9132 = VECTOR('',#9133,1.);
#9133 = DIRECTION('',(0.473222421687,0.880942983179,0.));
#9134 = ORIENTED_EDGE('',*,*,#9135,.T.);
#9135 = EDGE_CURVE('',#9128,#8997,#9136,.T.);
#9136 = LINE('',#9137,#9138);
#9137 = CARTESIAN_POINT('',(161.314587,-64.998854,1.585));
#9138 = VECTOR('',#9139,1.);
#9139 = DIRECTION('',(0.738623204322,0.674118507413,0.));
#9140 = FACE_BOUND('',#9141,.F.);
#9141 = EDGE_LOOP('',(#9142,#9153,#9161,#9169,#9178,#9186,#9194,#9203,
    #9211,#9219,#9228,#9236));
#9142 = ORIENTED_EDGE('',*,*,#9143,.T.);
#9143 = EDGE_CURVE('',#9144,#9146,#9148,.T.);
#9144 = VERTEX_POINT('',#9145);
#9145 = CARTESIAN_POINT('',(161.789633,-65.024242,1.585));
#9146 = VERTEX_POINT('',#9147);
#9147 = CARTESIAN_POINT('',(161.453108,-65.024242,1.585));
#9148 = CIRCLE('',#9149,0.484383419942);
#9149 = AXIS2_PLACEMENT_3D('',#9150,#9151,#9152);
#9150 = CARTESIAN_POINT('',(161.6213705,-65.47846114161,1.585));
#9151 = DIRECTION('',(0.,0.,1.));
#9152 = DIRECTION('',(0.347374606711,0.937726443379,-0.));
#9153 = ORIENTED_EDGE('',*,*,#9154,.T.);
#9154 = EDGE_CURVE('',#9146,#9155,#9157,.T.);
#9155 = VERTEX_POINT('',#9156);
#9156 = CARTESIAN_POINT('',(161.408132,-65.046731,1.585));
#9157 = LINE('',#9158,#9159);
#9158 = CARTESIAN_POINT('',(161.453108,-65.024242,1.585));
#9159 = VECTOR('',#9160,1.);
#9160 = DIRECTION('',(-0.894419236223,-0.447229504701,0.));
#9161 = ORIENTED_EDGE('',*,*,#9162,.T.);
#9162 = EDGE_CURVE('',#9155,#9163,#9165,.T.);
#9163 = VERTEX_POINT('',#9164);
#9164 = CARTESIAN_POINT('',(161.391034,-65.063828,1.585));
#9165 = LINE('',#9166,#9167);
#9166 = CARTESIAN_POINT('',(161.408132,-65.046731,1.585));
#9167 = VECTOR('',#9168,1.);
#9168 = DIRECTION('',(-0.707127459544,-0.707086102224,0.));
#9169 = ORIENTED_EDGE('',*,*,#9170,.T.);
#9170 = EDGE_CURVE('',#9163,#9171,#9173,.T.);
#9171 = VERTEX_POINT('',#9172);
#9172 = CARTESIAN_POINT('',(161.391034,-65.17602,1.585));
#9173 = CIRCLE('',#9174,8.438201489359E-02);
#9174 = AXIS2_PLACEMENT_3D('',#9175,#9176,#9177);
#9175 = CARTESIAN_POINT('',(161.45407020564,-65.119924,1.585));
#9176 = DIRECTION('',(0.,0.,1.));
#9177 = DIRECTION('',(-0.74703366256,0.664786211502,0.));
#9178 = ORIENTED_EDGE('',*,*,#9179,.T.);
#9179 = EDGE_CURVE('',#9171,#9180,#9182,.T.);
#9180 = VERTEX_POINT('',#9181);
#9181 = CARTESIAN_POINT('',(161.408131,-65.193116,1.585));
#9182 = LINE('',#9183,#9184);
#9183 = CARTESIAN_POINT('',(161.391034,-65.17602,1.585));
#9184 = VECTOR('',#9185,1.);
#9185 = DIRECTION('',(0.707127460754,-0.707086101015,0.));
#9186 = ORIENTED_EDGE('',*,*,#9187,.T.);
#9187 = EDGE_CURVE('',#9180,#9188,#9190,.T.);
#9188 = VERTEX_POINT('',#9189);
#9189 = CARTESIAN_POINT('',(161.453108,-65.215605,1.585));
#9190 = LINE('',#9191,#9192);
#9191 = CARTESIAN_POINT('',(161.408131,-65.193116,1.585));
#9192 = VECTOR('',#9193,1.);
#9193 = DIRECTION('',(0.894423213717,-0.447221549976,0.));
#9194 = ORIENTED_EDGE('',*,*,#9195,.T.);
#9195 = EDGE_CURVE('',#9188,#9196,#9198,.T.);
#9196 = VERTEX_POINT('',#9197);
#9197 = CARTESIAN_POINT('',(161.789632,-65.215605,1.585));
#9198 = CIRCLE('',#9199,0.484348788104);
#9199 = AXIS2_PLACEMENT_3D('',#9200,#9201,#9202);
#9200 = CARTESIAN_POINT('',(161.62137,-64.76142260503,1.585));
#9201 = DIRECTION('',(0.,0.,1.));
#9202 = DIRECTION('',(-0.347398412327,-0.937717624401,0.));
#9203 = ORIENTED_EDGE('',*,*,#9204,.T.);
#9204 = EDGE_CURVE('',#9196,#9205,#9207,.T.);
#9205 = VERTEX_POINT('',#9206);
#9206 = CARTESIAN_POINT('',(161.83461,-65.193116,1.585));
#9207 = LINE('',#9208,#9209);
#9208 = CARTESIAN_POINT('',(161.789632,-65.215605,1.585));
#9209 = VECTOR('',#9210,1.);
#9210 = DIRECTION('',(0.894427191,0.4472135955,0.));
#9211 = ORIENTED_EDGE('',*,*,#9212,.T.);
#9212 = EDGE_CURVE('',#9205,#9213,#9215,.T.);
#9213 = VERTEX_POINT('',#9214);
#9214 = CARTESIAN_POINT('',(161.851707,-65.17602,1.585));
#9215 = LINE('',#9216,#9217);
#9216 = CARTESIAN_POINT('',(161.83461,-65.193116,1.585));
#9217 = VECTOR('',#9218,1.);
#9218 = DIRECTION('',(0.707127460754,0.707086101015,0.));
#9219 = ORIENTED_EDGE('',*,*,#9220,.T.);
#9220 = EDGE_CURVE('',#9213,#9221,#9223,.T.);
#9221 = VERTEX_POINT('',#9222);
#9222 = CARTESIAN_POINT('',(161.851707,-65.063828,1.585));
#9223 = CIRCLE('',#9224,8.437823617197E-02);
#9224 = AXIS2_PLACEMENT_3D('',#9225,#9226,#9227);
#9225 = CARTESIAN_POINT('',(161.78867585275,-65.119924,1.585));
#9226 = DIRECTION('',(0.,-0.,1.));
#9227 = DIRECTION('',(0.74700716806,-0.66481598271,-0.));
#9228 = ORIENTED_EDGE('',*,*,#9229,.T.);
#9229 = EDGE_CURVE('',#9221,#9230,#9232,.T.);
#9230 = VERTEX_POINT('',#9231);
#9231 = CARTESIAN_POINT('',(161.834609,-65.046731,1.585));
#9232 = LINE('',#9233,#9234);
#9233 = CARTESIAN_POINT('',(161.851707,-65.063828,1.585));
#9234 = VECTOR('',#9235,1.);
#9235 = DIRECTION('',(-0.707127459544,0.707086102224,0.));
#9236 = ORIENTED_EDGE('',*,*,#9237,.T.);
#9237 = EDGE_CURVE('',#9230,#9144,#9238,.T.);
#9238 = LINE('',#9239,#9240);
#9239 = CARTESIAN_POINT('',(161.834609,-65.046731,1.585));
#9240 = VECTOR('',#9241,1.);
#9241 = DIRECTION('',(-0.894419236223,0.447229504701,0.));
#9242 = PLANE('',#9243);
#9243 = AXIS2_PLACEMENT_3D('',#9244,#9245,#9246);
#9244 = CARTESIAN_POINT('',(0.,0.,1.585));
#9245 = DIRECTION('',(0.,0.,1.));
#9246 = DIRECTION('',(1.,0.,-0.));
#9247 = SHELL_BASED_SURFACE_MODEL('',(#9248));
#9248 = OPEN_SHELL('',(#9249));
#9249 = ADVANCED_FACE('',(#9250),#9409,.T.);
#9250 = FACE_BOUND('',#9251,.F.);
#9251 = EDGE_LOOP('',(#9252,#9263,#9271,#9279,#9287,#9295,#9303,#9311,
    #9320,#9328,#9337,#9345,#9353,#9361,#9370,#9378,#9386,#9394,#9403));
#9252 = ORIENTED_EDGE('',*,*,#9253,.T.);
#9253 = EDGE_CURVE('',#9254,#9256,#9258,.T.);
#9254 = VERTEX_POINT('',#9255);
#9255 = CARTESIAN_POINT('',(161.314587,-64.726707,1.585));
#9256 = VERTEX_POINT('',#9257);
#9257 = CARTESIAN_POINT('',(161.314587,-64.398855,1.585));
#9258 = CIRCLE('',#9259,0.277545758236);
#9259 = AXIS2_PLACEMENT_3D('',#9260,#9261,#9262);
#9260 = CARTESIAN_POINT('',(161.53855109185,-64.562781,1.585));
#9261 = DIRECTION('',(0.,0.,-1.));
#9262 = DIRECTION('',(-0.806944747687,-0.590626933166,-0.));
#9263 = ORIENTED_EDGE('',*,*,#9264,.T.);
#9264 = EDGE_CURVE('',#9256,#9265,#9267,.T.);
#9265 = VERTEX_POINT('',#9266);
#9266 = CARTESIAN_POINT('',(161.356154,-64.360916,1.585));
#9267 = LINE('',#9268,#9269);
#9268 = CARTESIAN_POINT('',(161.314587,-64.398855,1.585));
#9269 = VECTOR('',#9270,1.);
#9270 = DIRECTION('',(0.738604736297,0.67413874204,0.));
#9271 = ORIENTED_EDGE('',*,*,#9272,.T.);
#9272 = EDGE_CURVE('',#9265,#9273,#9275,.T.);
#9273 = VERTEX_POINT('',#9274);
#9274 = CARTESIAN_POINT('',(161.432113,-64.327193,1.585));
#9275 = LINE('',#9276,#9277);
#9276 = CARTESIAN_POINT('',(161.356154,-64.360916,1.585));
#9277 = VECTOR('',#9278,1.);
#9278 = DIRECTION('',(0.913974719507,0.405771132663,0.));
#9279 = ORIENTED_EDGE('',*,*,#9280,.T.);
#9280 = EDGE_CURVE('',#9273,#9281,#9283,.T.);
#9281 = VERTEX_POINT('',#9282);
#9282 = CARTESIAN_POINT('',(161.500662,-64.32863,1.585));
#9283 = LINE('',#9284,#9285);
#9284 = CARTESIAN_POINT('',(161.432113,-64.327193,1.585));
#9285 = VECTOR('',#9286,1.);
#9286 = DIRECTION('',(0.999780346472,-2.09585020626E-02,0.));
#9287 = ORIENTED_EDGE('',*,*,#9288,.T.);
#9288 = EDGE_CURVE('',#9281,#9289,#9291,.T.);
#9289 = VERTEX_POINT('',#9290);
#9290 = CARTESIAN_POINT('',(161.604312,-64.363897,1.585));
#9291 = LINE('',#9292,#9293);
#9292 = CARTESIAN_POINT('',(161.500662,-64.32863,1.585));
#9293 = VECTOR('',#9294,1.);
#9294 = DIRECTION('',(0.946700346154,-0.322115591971,0.));
#9295 = ORIENTED_EDGE('',*,*,#9296,.T.);
#9296 = EDGE_CURVE('',#9289,#9297,#9299,.T.);
#9297 = VERTEX_POINT('',#9298);
#9298 = CARTESIAN_POINT('',(161.871371,-64.627785,1.585));
#9299 = LINE('',#9300,#9301);
#9300 = CARTESIAN_POINT('',(161.604312,-64.363897,1.585));
#9301 = VECTOR('',#9302,1.);
#9302 = DIRECTION('',(0.711317182769,-0.702871158533,0.));
#9303 = ORIENTED_EDGE('',*,*,#9304,.T.);
#9304 = EDGE_CURVE('',#9297,#9305,#9307,.T.);
#9305 = VERTEX_POINT('',#9306);
#9306 = CARTESIAN_POINT('',(161.871371,-64.377067,1.585));
#9307 = LINE('',#9308,#9309);
#9308 = CARTESIAN_POINT('',(161.871371,-64.627785,1.585));
#9309 = VECTOR('',#9310,1.);
#9310 = DIRECTION('',(0.,1.,0.));
#9311 = ORIENTED_EDGE('',*,*,#9312,.T.);
#9312 = EDGE_CURVE('',#9305,#9313,#9315,.T.);
#9313 = VERTEX_POINT('',#9314);
#9314 = CARTESIAN_POINT('',(161.971371,-64.377067,1.585));
#9315 = CIRCLE('',#9316,5.000000000002E-02);
#9316 = AXIS2_PLACEMENT_3D('',#9317,#9318,#9319);
#9317 = CARTESIAN_POINT('',(161.921371,-64.37706704771,1.585));
#9318 = DIRECTION('',(0.,0.,-1.));
#9319 = DIRECTION('',(-1.,9.542364409753E-07,0.));
#9320 = ORIENTED_EDGE('',*,*,#9321,.T.);
#9321 = EDGE_CURVE('',#9313,#9322,#9324,.T.);
#9322 = VERTEX_POINT('',#9323);
#9323 = CARTESIAN_POINT('',(161.971371,-64.748495,1.585));
#9324 = LINE('',#9325,#9326);
#9325 = CARTESIAN_POINT('',(161.971371,-64.377067,1.585));
#9326 = VECTOR('',#9327,1.);
#9327 = DIRECTION('',(0.,-1.,0.));
#9328 = ORIENTED_EDGE('',*,*,#9329,.T.);
#9329 = EDGE_CURVE('',#9322,#9330,#9332,.T.);
#9330 = VERTEX_POINT('',#9331);
#9331 = CARTESIAN_POINT('',(161.886016,-64.78385,1.585));
#9332 = CIRCLE('',#9333,4.999963895009E-02);
#9333 = AXIS2_PLACEMENT_3D('',#9334,#9335,#9336);
#9334 = CARTESIAN_POINT('',(161.92137136105,-64.74849519353,1.585));
#9335 = DIRECTION('',(0.,0.,-1.));
#9336 = DIRECTION('',(0.999999999993,3.870737641135E-06,0.));
#9337 = ORIENTED_EDGE('',*,*,#9338,.T.);
#9338 = EDGE_CURVE('',#9330,#9339,#9341,.T.);
#9339 = VERTEX_POINT('',#9340);
#9340 = CARTESIAN_POINT('',(161.551506,-64.44934,1.585));
#9341 = LINE('',#9342,#9343);
#9342 = CARTESIAN_POINT('',(161.886016,-64.78385,1.585));
#9343 = VECTOR('',#9344,1.);
#9344 = DIRECTION('',(-0.707106781187,0.707106781187,0.));
#9345 = ORIENTED_EDGE('',*,*,#9346,.T.);
#9346 = EDGE_CURVE('',#9339,#9347,#9349,.T.);
#9347 = VERTEX_POINT('',#9348);
#9348 = CARTESIAN_POINT('',(161.484687,-64.427067,1.585));
#9349 = LINE('',#9350,#9351);
#9350 = CARTESIAN_POINT('',(161.551506,-64.44934,1.585));
#9351 = VECTOR('',#9352,1.);
#9352 = DIRECTION('',(-0.94868329805,0.316227766017,0.));
#9353 = ORIENTED_EDGE('',*,*,#9354,.T.);
#9354 = EDGE_CURVE('',#9347,#9355,#9357,.T.);
#9355 = VERTEX_POINT('',#9356);
#9356 = CARTESIAN_POINT('',(161.44746,-64.427067,1.585));
#9357 = LINE('',#9358,#9359);
#9358 = CARTESIAN_POINT('',(161.484687,-64.427067,1.585));
#9359 = VECTOR('',#9360,1.);
#9360 = DIRECTION('',(-1.,0.,0.));
#9361 = ORIENTED_EDGE('',*,*,#9362,.T.);
#9362 = EDGE_CURVE('',#9355,#9363,#9365,.T.);
#9363 = VERTEX_POINT('',#9364);
#9364 = CARTESIAN_POINT('',(161.371371,-64.503154,1.585));
#9365 = CIRCLE('',#9366,0.106477976277);
#9366 = AXIS2_PLACEMENT_3D('',#9367,#9368,#9369);
#9367 = CARTESIAN_POINT('',(161.47438720782,-64.53008391565,1.585));
#9368 = DIRECTION('',(0.,0.,1.));
#9369 = DIRECTION('',(-0.25288992868,0.967495056304,0.));
#9370 = ORIENTED_EDGE('',*,*,#9371,.T.);
#9371 = EDGE_CURVE('',#9363,#9372,#9374,.T.);
#9372 = VERTEX_POINT('',#9373);
#9373 = CARTESIAN_POINT('',(161.371371,-64.622407,1.585));
#9374 = LINE('',#9375,#9376);
#9375 = CARTESIAN_POINT('',(161.371371,-64.503154,1.585));
#9376 = VECTOR('',#9377,1.);
#9377 = DIRECTION('',(0.,-1.,0.));
#9378 = ORIENTED_EDGE('',*,*,#9379,.T.);
#9379 = EDGE_CURVE('',#9372,#9380,#9382,.T.);
#9380 = VERTEX_POINT('',#9381);
#9381 = CARTESIAN_POINT('',(161.391034,-64.661734,1.585));
#9382 = LINE('',#9383,#9384);
#9383 = CARTESIAN_POINT('',(161.371371,-64.622407,1.585));
#9384 = VECTOR('',#9385,1.);
#9385 = DIRECTION('',(0.447204498096,-0.894431739644,0.));
#9386 = ORIENTED_EDGE('',*,*,#9387,.T.);
#9387 = EDGE_CURVE('',#9380,#9388,#9390,.T.);
#9388 = VERTEX_POINT('',#9389);
#9389 = CARTESIAN_POINT('',(161.424708,-64.70079,1.585));
#9390 = LINE('',#9391,#9392);
#9391 = CARTESIAN_POINT('',(161.391034,-64.661734,1.585));
#9392 = VECTOR('',#9393,1.);
#9393 = DIRECTION('',(0.652995626013,-0.75736167873,0.));
#9394 = ORIENTED_EDGE('',*,*,#9395,.T.);
#9395 = EDGE_CURVE('',#9388,#9396,#9398,.T.);
#9396 = VERTEX_POINT('',#9397);
#9397 = CARTESIAN_POINT('',(161.35938,-64.766118,1.585));
#9398 = CIRCLE('',#9399,4.999995591999E-02);
#9399 = AXIS2_PLACEMENT_3D('',#9400,#9401,#9402);
#9400 = CARTESIAN_POINT('',(161.378514,-64.719924,1.585));
#9401 = DIRECTION('',(0.,0.,-1.));
#9402 = DIRECTION('',(0.923880814494,0.382680337371,0.));
#9403 = ORIENTED_EDGE('',*,*,#9404,.T.);
#9404 = EDGE_CURVE('',#9396,#9254,#9405,.T.);
#9405 = LINE('',#9406,#9407);
#9406 = CARTESIAN_POINT('',(161.35938,-64.766118,1.585));
#9407 = VECTOR('',#9408,1.);
#9408 = DIRECTION('',(-0.750770371179,0.660563282177,0.));
#9409 = PLANE('',#9410);
#9410 = AXIS2_PLACEMENT_3D('',#9411,#9412,#9413);
#9411 = CARTESIAN_POINT('',(0.,0.,1.585));
#9412 = DIRECTION('',(0.,0.,1.));
#9413 = DIRECTION('',(1.,0.,-0.));
#9414 = SHELL_BASED_SURFACE_MODEL('',(#9415));
#9415 = OPEN_SHELL('',(#9416));
#9416 = ADVANCED_FACE('',(#9417),#9478,.T.);
#9417 = FACE_BOUND('',#9418,.F.);
#9418 = EDGE_LOOP('',(#9419,#9430,#9438,#9447,#9455,#9463,#9472));
#9419 = ORIENTED_EDGE('',*,*,#9420,.T.);
#9420 = EDGE_CURVE('',#9421,#9423,#9425,.T.);
#9421 = VERTEX_POINT('',#9422);
#9422 = CARTESIAN_POINT('',(152.39225,-63.7625,1.585));
#9423 = VERTEX_POINT('',#9424);
#9424 = CARTESIAN_POINT('',(152.45575,-63.699,1.585));
#9425 = CIRCLE('',#9426,6.350155257222E-02);
#9426 = AXIS2_PLACEMENT_3D('',#9427,#9428,#9429);
#9427 = CARTESIAN_POINT('',(152.45575155255,-63.76250155255,1.585));
#9428 = DIRECTION('',(0.,0.,-1.));
#9429 = DIRECTION('',(-0.999999999701,2.444905914879E-05,0.));
#9430 = ORIENTED_EDGE('',*,*,#9431,.T.);
#9431 = EDGE_CURVE('',#9423,#9432,#9434,.T.);
#9432 = VERTEX_POINT('',#9433);
#9433 = CARTESIAN_POINT('',(153.73575,-63.699,1.585));
#9434 = LINE('',#9435,#9436);
#9435 = CARTESIAN_POINT('',(152.45575,-63.699,1.585));
#9436 = VECTOR('',#9437,1.);
#9437 = DIRECTION('',(1.,0.,0.));
#9438 = ORIENTED_EDGE('',*,*,#9439,.T.);
#9439 = EDGE_CURVE('',#9432,#9440,#9442,.T.);
#9440 = VERTEX_POINT('',#9441);
#9441 = CARTESIAN_POINT('',(153.73575,-63.826,1.585));
#9442 = CIRCLE('',#9443,6.350000000209E-02);
#9443 = AXIS2_PLACEMENT_3D('',#9444,#9445,#9446);
#9444 = CARTESIAN_POINT('',(153.73574948484,-63.7625,1.585));
#9445 = DIRECTION('',(0.,0.,-1.));
#9446 = DIRECTION('',(8.11265469474E-06,0.999999999967,0.));
#9447 = ORIENTED_EDGE('',*,*,#9448,.T.);
#9448 = EDGE_CURVE('',#9440,#9449,#9451,.T.);
#9449 = VERTEX_POINT('',#9450);
#9450 = CARTESIAN_POINT('',(152.51925,-63.826,1.585));
#9451 = LINE('',#9452,#9453);
#9452 = CARTESIAN_POINT('',(153.73575,-63.826,1.585));
#9453 = VECTOR('',#9454,1.);
#9454 = DIRECTION('',(-1.,0.,0.));
#9455 = ORIENTED_EDGE('',*,*,#9456,.T.);
#9456 = EDGE_CURVE('',#9449,#9457,#9459,.T.);
#9457 = VERTEX_POINT('',#9458);
#9458 = CARTESIAN_POINT('',(152.51925,-64.4925,1.585));
#9459 = LINE('',#9460,#9461);
#9460 = CARTESIAN_POINT('',(152.51925,-63.826,1.585));
#9461 = VECTOR('',#9462,1.);
#9462 = DIRECTION('',(0.,-1.,0.));
#9463 = ORIENTED_EDGE('',*,*,#9464,.T.);
#9464 = EDGE_CURVE('',#9457,#9465,#9467,.T.);
#9465 = VERTEX_POINT('',#9466);
#9466 = CARTESIAN_POINT('',(152.39225,-64.4925,1.585));
#9467 = CIRCLE('',#9468,6.350000000209E-02);
#9468 = AXIS2_PLACEMENT_3D('',#9469,#9470,#9471);
#9469 = CARTESIAN_POINT('',(152.45575,-64.49249948484,1.585));
#9470 = DIRECTION('',(-0.,0.,-1.));
#9471 = DIRECTION('',(0.999999999967,-8.112654918532E-06,-0.));
#9472 = ORIENTED_EDGE('',*,*,#9473,.T.);
#9473 = EDGE_CURVE('',#9465,#9421,#9474,.T.);
#9474 = LINE('',#9475,#9476);
#9475 = CARTESIAN_POINT('',(152.39225,-64.4925,1.585));
#9476 = VECTOR('',#9477,1.);
#9477 = DIRECTION('',(0.,1.,0.));
#9478 = PLANE('',#9479);
#9479 = AXIS2_PLACEMENT_3D('',#9480,#9481,#9482);
#9480 = CARTESIAN_POINT('',(0.,0.,1.585));
#9481 = DIRECTION('',(0.,0.,1.));
#9482 = DIRECTION('',(1.,0.,-0.));
#9483 = SHELL_BASED_SURFACE_MODEL('',(#9484));
#9484 = OPEN_SHELL('',(#9485));
#9485 = ADVANCED_FACE('',(#9486),#9547,.T.);
#9486 = FACE_BOUND('',#9487,.F.);
#9487 = EDGE_LOOP('',(#9488,#9499,#9507,#9516,#9524,#9533,#9541));
#9488 = ORIENTED_EDGE('',*,*,#9489,.T.);
#9489 = EDGE_CURVE('',#9490,#9492,#9494,.T.);
#9490 = VERTEX_POINT('',#9491);
#9491 = CARTESIAN_POINT('',(156.27575,-63.826,1.585));
#9492 = VERTEX_POINT('',#9493);
#9493 = CARTESIAN_POINT('',(156.27575,-63.699,1.585));
#9494 = CIRCLE('',#9495,6.350000000209E-02);
#9495 = AXIS2_PLACEMENT_3D('',#9496,#9497,#9498);
#9496 = CARTESIAN_POINT('',(156.27575051515,-63.7625,1.585));
#9497 = DIRECTION('',(0.,0.,-1.));
#9498 = DIRECTION('',(-8.112655142325E-06,-0.999999999967,-0.));
#9499 = ORIENTED_EDGE('',*,*,#9500,.T.);
#9500 = EDGE_CURVE('',#9492,#9501,#9503,.T.);
#9501 = VERTEX_POINT('',#9502);
#9502 = CARTESIAN_POINT('',(157.55575,-63.699,1.585));
#9503 = LINE('',#9504,#9505);
#9504 = CARTESIAN_POINT('',(156.27575,-63.699,1.585));
#9505 = VECTOR('',#9506,1.);
#9506 = DIRECTION('',(1.,0.,0.));
#9507 = ORIENTED_EDGE('',*,*,#9508,.T.);
#9508 = EDGE_CURVE('',#9501,#9509,#9511,.T.);
#9509 = VERTEX_POINT('',#9510);
#9510 = CARTESIAN_POINT('',(157.61925,-63.7625,1.585));
#9511 = CIRCLE('',#9512,6.350155257214E-02);
#9512 = AXIS2_PLACEMENT_3D('',#9513,#9514,#9515);
#9513 = CARTESIAN_POINT('',(157.55574844744,-63.76250155255,1.585));
#9514 = DIRECTION('',(0.,0.,-1.));
#9515 = DIRECTION('',(2.444905825368E-05,0.999999999701,0.));
#9516 = ORIENTED_EDGE('',*,*,#9517,.T.);
#9517 = EDGE_CURVE('',#9509,#9518,#9520,.T.);
#9518 = VERTEX_POINT('',#9519);
#9519 = CARTESIAN_POINT('',(157.61925,-64.4925,1.585));
#9520 = LINE('',#9521,#9522);
#9521 = CARTESIAN_POINT('',(157.61925,-63.7625,1.585));
#9522 = VECTOR('',#9523,1.);
#9523 = DIRECTION('',(0.,-1.,0.));
#9524 = ORIENTED_EDGE('',*,*,#9525,.T.);
#9525 = EDGE_CURVE('',#9518,#9526,#9528,.T.);
#9526 = VERTEX_POINT('',#9527);
#9527 = CARTESIAN_POINT('',(157.49225,-64.4925,1.585));
#9528 = CIRCLE('',#9529,6.350000000207E-02);
#9529 = AXIS2_PLACEMENT_3D('',#9530,#9531,#9532);
#9530 = CARTESIAN_POINT('',(157.55575,-64.49249948484,1.585));
#9531 = DIRECTION('',(-0.,0.,-1.));
#9532 = DIRECTION('',(0.999999999967,-8.112654694743E-06,-0.));
#9533 = ORIENTED_EDGE('',*,*,#9534,.T.);
#9534 = EDGE_CURVE('',#9526,#9535,#9537,.T.);
#9535 = VERTEX_POINT('',#9536);
#9536 = CARTESIAN_POINT('',(157.49225,-63.826,1.585));
#9537 = LINE('',#9538,#9539);
#9538 = CARTESIAN_POINT('',(157.49225,-64.4925,1.585));
#9539 = VECTOR('',#9540,1.);
#9540 = DIRECTION('',(0.,1.,0.));
#9541 = ORIENTED_EDGE('',*,*,#9542,.T.);
#9542 = EDGE_CURVE('',#9535,#9490,#9543,.T.);
#9543 = LINE('',#9544,#9545);
#9544 = CARTESIAN_POINT('',(157.49225,-63.826,1.585));
#9545 = VECTOR('',#9546,1.);
#9546 = DIRECTION('',(-1.,0.,0.));
#9547 = PLANE('',#9548);
#9548 = AXIS2_PLACEMENT_3D('',#9549,#9550,#9551);
#9549 = CARTESIAN_POINT('',(0.,0.,1.585));
#9550 = DIRECTION('',(0.,0.,1.));
#9551 = DIRECTION('',(1.,0.,-0.));
#9552 = SHELL_BASED_SURFACE_MODEL('',(#9553));
#9553 = OPEN_SHELL('',(#9554));
#9554 = ADVANCED_FACE('',(#9555,#9736),#9806,.T.);
#9555 = FACE_BOUND('',#9556,.F.);
#9556 = EDGE_LOOP('',(#9557,#9567,#9575,#9583,#9592,#9600,#9608,#9616,
    #9624,#9632,#9640,#9649,#9657,#9665,#9674,#9682,#9690,#9698,#9706,
    #9714,#9722,#9730));
#9557 = ORIENTED_EDGE('',*,*,#9558,.T.);
#9558 = EDGE_CURVE('',#9559,#9561,#9563,.T.);
#9559 = VERTEX_POINT('',#9560);
#9560 = CARTESIAN_POINT('',(161.543158,-63.827426,1.585));
#9561 = VERTEX_POINT('',#9562);
#9562 = CARTESIAN_POINT('',(161.584725,-63.789487,1.585));
#9563 = LINE('',#9564,#9565);
#9564 = CARTESIAN_POINT('',(161.543158,-63.827426,1.585));
#9565 = VECTOR('',#9566,1.);
#9566 = DIRECTION('',(0.738604736297,0.67413874204,0.));
#9567 = ORIENTED_EDGE('',*,*,#9568,.T.);
#9568 = EDGE_CURVE('',#9561,#9569,#9571,.T.);
#9569 = VERTEX_POINT('',#9570);
#9570 = CARTESIAN_POINT('',(161.660684,-63.755764,1.585));
#9571 = LINE('',#9572,#9573);
#9572 = CARTESIAN_POINT('',(161.584725,-63.789487,1.585));
#9573 = VECTOR('',#9574,1.);
#9574 = DIRECTION('',(0.913974719507,0.405771132663,0.));
#9575 = ORIENTED_EDGE('',*,*,#9576,.T.);
#9576 = EDGE_CURVE('',#9569,#9577,#9579,.T.);
#9577 = VERTEX_POINT('',#9578);
#9578 = CARTESIAN_POINT('',(161.809541,-63.756126,1.585));
#9579 = LINE('',#9580,#9581);
#9580 = CARTESIAN_POINT('',(161.660684,-63.755764,1.585));
#9581 = VECTOR('',#9582,1.);
#9582 = DIRECTION('',(0.999997043032,-2.431856947138E-03,0.));
#9583 = ORIENTED_EDGE('',*,*,#9584,.T.);
#9584 = EDGE_CURVE('',#9577,#9585,#9587,.T.);
#9585 = VERTEX_POINT('',#9586);
#9586 = CARTESIAN_POINT('',(161.937521,-63.84042,1.585));
#9587 = CIRCLE('',#9588,0.197662339165);
#9588 = AXIS2_PLACEMENT_3D('',#9589,#9590,#9591);
#9589 = CARTESIAN_POINT('',(161.77330697457,-63.950438881,1.585));
#9590 = DIRECTION('',(0.,0.,-1.));
#9591 = DIRECTION('',(0.183312742208,0.983054646774,0.));
#9592 = ORIENTED_EDGE('',*,*,#9593,.T.);
#9593 = EDGE_CURVE('',#9585,#9594,#9596,.T.);
#9594 = VERTEX_POINT('',#9595);
#9595 = CARTESIAN_POINT('',(161.971245,-63.916379,1.585));
#9596 = LINE('',#9597,#9598);
#9597 = CARTESIAN_POINT('',(161.937521,-63.84042,1.585));
#9598 = VECTOR('',#9599,1.);
#9599 = DIRECTION('',(0.405781183914,-0.913970257055,0.));
#9600 = ORIENTED_EDGE('',*,*,#9601,.T.);
#9601 = EDGE_CURVE('',#9594,#9602,#9604,.T.);
#9602 = VERTEX_POINT('',#9603);
#9603 = CARTESIAN_POINT('',(161.969128,-64.045482,1.585));
#9604 = LINE('',#9605,#9606);
#9605 = CARTESIAN_POINT('',(161.971245,-63.916379,1.585));
#9606 = VECTOR('',#9607,1.);
#9607 = DIRECTION('',(-1.63955558042E-02,-0.999865583841,0.));
#9608 = ORIENTED_EDGE('',*,*,#9609,.T.);
#9609 = EDGE_CURVE('',#9602,#9610,#9612,.T.);
#9610 = VERTEX_POINT('',#9611);
#9611 = CARTESIAN_POINT('',(161.928155,-64.126708,1.585));
#9612 = LINE('',#9613,#9614);
#9613 = CARTESIAN_POINT('',(161.969128,-64.045482,1.585));
#9614 = VECTOR('',#9615,1.);
#9615 = DIRECTION('',(-0.450376499365,-0.892838736178,0.));
#9616 = ORIENTED_EDGE('',*,*,#9617,.T.);
#9617 = EDGE_CURVE('',#9610,#9618,#9620,.T.);
#9618 = VERTEX_POINT('',#9619);
#9619 = CARTESIAN_POINT('',(161.886589,-64.164644,1.585));
#9620 = LINE('',#9621,#9622);
#9621 = CARTESIAN_POINT('',(161.928155,-64.126708,1.585));
#9622 = VECTOR('',#9623,1.);
#9623 = DIRECTION('',(-0.738623204322,-0.674118507413,0.));
#9624 = ORIENTED_EDGE('',*,*,#9625,.T.);
#9625 = EDGE_CURVE('',#9618,#9626,#9628,.T.);
#9626 = VERTEX_POINT('',#9627);
#9627 = CARTESIAN_POINT('',(161.81063,-64.198369,1.585));
#9628 = LINE('',#9629,#9630);
#9629 = CARTESIAN_POINT('',(161.886589,-64.164644,1.585));
#9630 = VECTOR('',#9631,1.);
#9631 = DIRECTION('',(-0.913965794536,-0.405791235018,0.));
#9632 = ORIENTED_EDGE('',*,*,#9633,.T.);
#9633 = EDGE_CURVE('',#9626,#9634,#9636,.T.);
#9634 = VERTEX_POINT('',#9635);
#9635 = CARTESIAN_POINT('',(161.566387,-64.197002,1.585));
#9636 = LINE('',#9637,#9638);
#9637 = CARTESIAN_POINT('',(161.81063,-64.198369,1.585));
#9638 = VECTOR('',#9639,1.);
#9639 = DIRECTION('',(-0.999984337807,5.596797409889E-03,0.));
#9640 = ORIENTED_EDGE('',*,*,#9641,.T.);
#9641 = EDGE_CURVE('',#9634,#9642,#9644,.T.);
#9642 = VERTEX_POINT('',#9643);
#9643 = CARTESIAN_POINT('',(161.305221,-64.05657,1.585));
#9644 = CIRCLE('',#9645,0.373810118447);
#9645 = AXIS2_PLACEMENT_3D('',#9646,#9647,#9648);
#9646 = CARTESIAN_POINT('',(161.59831554422,-63.82455794686,1.585));
#9647 = DIRECTION('',(0.,0.,-1.));
#9648 = DIRECTION('',(-8.541380408324E-02,-0.996345563583,-0.));
#9649 = ORIENTED_EDGE('',*,*,#9650,.T.);
#9650 = EDGE_CURVE('',#9642,#9651,#9653,.T.);
#9651 = VERTEX_POINT('',#9652);
#9652 = CARTESIAN_POINT('',(161.271497,-63.98061,1.585));
#9653 = LINE('',#9654,#9655);
#9654 = CARTESIAN_POINT('',(161.305221,-64.05657,1.585));
#9655 = VECTOR('',#9656,1.);
#9656 = DIRECTION('',(-0.405776721473,0.91397223826,0.));
#9657 = ORIENTED_EDGE('',*,*,#9658,.T.);
#9658 = EDGE_CURVE('',#9651,#9659,#9661,.T.);
#9659 = VERTEX_POINT('',#9660);
#9660 = CARTESIAN_POINT('',(161.271371,-63.862781,1.585));
#9661 = LINE('',#9662,#9663);
#9662 = CARTESIAN_POINT('',(161.271497,-63.98061,1.585));
#9663 = VECTOR('',#9664,1.);
#9664 = DIRECTION('',(-1.069345644811E-03,0.99999942825,0.));
#9665 = ORIENTED_EDGE('',*,*,#9666,.T.);
#9666 = EDGE_CURVE('',#9659,#9667,#9669,.T.);
#9667 = VERTEX_POINT('',#9668);
#9668 = CARTESIAN_POINT('',(161.371371,-63.862781,1.585));
#9669 = CIRCLE('',#9670,5.000000000004E-02);
#9670 = AXIS2_PLACEMENT_3D('',#9671,#9672,#9673);
#9671 = CARTESIAN_POINT('',(161.321371,-63.86278104771,1.585));
#9672 = DIRECTION('',(0.,0.,-1.));
#9673 = DIRECTION('',(-1.,9.542367251918E-07,0.));
#9674 = ORIENTED_EDGE('',*,*,#9675,.T.);
#9675 = EDGE_CURVE('',#9667,#9676,#9678,.T.);
#9676 = VERTEX_POINT('',#9677);
#9677 = CARTESIAN_POINT('',(161.371371,-63.965262,1.585));
#9678 = LINE('',#9679,#9680);
#9679 = CARTESIAN_POINT('',(161.371371,-63.862781,1.585));
#9680 = VECTOR('',#9681,1.);
#9681 = DIRECTION('',(0.,-1.,0.));
#9682 = ORIENTED_EDGE('',*,*,#9683,.T.);
#9683 = EDGE_CURVE('',#9676,#9684,#9686,.T.);
#9684 = VERTEX_POINT('',#9685);
#9685 = CARTESIAN_POINT('',(161.391036,-64.004593,1.585));
#9686 = LINE('',#9687,#9688);
#9687 = CARTESIAN_POINT('',(161.371371,-63.965262,1.585));
#9688 = VECTOR('',#9689,1.);
#9689 = DIRECTION('',(0.447204499021,-0.894431739181,0.));
#9690 = ORIENTED_EDGE('',*,*,#9691,.T.);
#9691 = EDGE_CURVE('',#9684,#9692,#9694,.T.);
#9692 = VERTEX_POINT('',#9693);
#9693 = CARTESIAN_POINT('',(161.410364,-64.023921,1.585));
#9694 = LINE('',#9695,#9696);
#9695 = CARTESIAN_POINT('',(161.391036,-64.004593,1.585));
#9696 = VECTOR('',#9697,1.);
#9697 = DIRECTION('',(0.707106781186,-0.707106781187,0.));
#9698 = ORIENTED_EDGE('',*,*,#9699,.T.);
#9699 = EDGE_CURVE('',#9692,#9700,#9702,.T.);
#9700 = VERTEX_POINT('',#9701);
#9701 = CARTESIAN_POINT('',(161.484758,-64.073516,1.585));
#9702 = LINE('',#9703,#9704);
#9703 = CARTESIAN_POINT('',(161.410364,-64.023921,1.585));
#9704 = VECTOR('',#9705,1.);
#9705 = DIRECTION('',(0.832055456353,-0.554692453125,0.));
#9706 = ORIENTED_EDGE('',*,*,#9707,.T.);
#9707 = EDGE_CURVE('',#9700,#9708,#9710,.T.);
#9708 = VERTEX_POINT('',#9709);
#9709 = CARTESIAN_POINT('',(161.517828,-64.081784,1.585));
#9710 = LINE('',#9711,#9712);
#9711 = CARTESIAN_POINT('',(161.484758,-64.073516,1.585));
#9712 = VECTOR('',#9713,1.);
#9713 = DIRECTION('',(0.970139048762,-0.242549430153,0.));
#9714 = ORIENTED_EDGE('',*,*,#9715,.T.);
#9715 = EDGE_CURVE('',#9708,#9716,#9718,.T.);
#9716 = VERTEX_POINT('',#9717);
#9717 = CARTESIAN_POINT('',(161.50043,-64.036665,1.585));
#9718 = LINE('',#9719,#9720);
#9719 = CARTESIAN_POINT('',(161.517828,-64.081784,1.585));
#9720 = VECTOR('',#9721,1.);
#9721 = DIRECTION('',(-0.359781288495,0.93303666833,0.));
#9722 = ORIENTED_EDGE('',*,*,#9723,.T.);
#9723 = EDGE_CURVE('',#9716,#9724,#9726,.T.);
#9724 = VERTEX_POINT('',#9725);
#9725 = CARTESIAN_POINT('',(161.502184,-63.90865,1.585));
#9726 = LINE('',#9727,#9728);
#9727 = CARTESIAN_POINT('',(161.50043,-64.036665,1.585));
#9728 = VECTOR('',#9729,1.);
#9729 = DIRECTION('',(1.370023343E-02,0.999906147398,0.));
#9730 = ORIENTED_EDGE('',*,*,#9731,.T.);
#9731 = EDGE_CURVE('',#9724,#9559,#9732,.T.);
#9732 = LINE('',#9733,#9734);
#9733 = CARTESIAN_POINT('',(161.502184,-63.90865,1.585));
#9734 = VECTOR('',#9735,1.);
#9735 = DIRECTION('',(0.450394102045,0.892829856604,0.));
#9736 = FACE_BOUND('',#9737,.F.);
#9737 = EDGE_LOOP('',(#9738,#9749,#9757,#9766,#9774,#9783,#9791,#9800));
#9738 = ORIENTED_EDGE('',*,*,#9739,.T.);
#9739 = EDGE_CURVE('',#9740,#9742,#9744,.T.);
#9740 = VERTEX_POINT('',#9741);
#9741 = CARTESIAN_POINT('',(161.834612,-63.875303,1.585));
#9742 = VERTEX_POINT('',#9743);
#9743 = CARTESIAN_POINT('',(161.636703,-63.875301,1.585));
#9744 = CIRCLE('',#9745,0.17866061171);
#9745 = AXIS2_PLACEMENT_3D('',#9746,#9747,#9748);
#9746 = CARTESIAN_POINT('',(161.73565599674,-64.02405555828,1.585));
#9747 = DIRECTION('',(0.,0.,1.));
#9748 = DIRECTION('',(0.553876997873,0.83259850542,-0.));
#9749 = ORIENTED_EDGE('',*,*,#9750,.T.);
#9750 = EDGE_CURVE('',#9742,#9751,#9753,.T.);
#9751 = VERTEX_POINT('',#9752);
#9752 = CARTESIAN_POINT('',(161.619605,-63.892399,1.585));
#9753 = LINE('',#9754,#9755);
#9754 = CARTESIAN_POINT('',(161.636703,-63.875301,1.585));
#9755 = VECTOR('',#9756,1.);
#9756 = DIRECTION('',(-0.707106781187,-0.707106781186,0.));
#9757 = ORIENTED_EDGE('',*,*,#9758,.T.);
#9758 = EDGE_CURVE('',#9751,#9759,#9761,.T.);
#9759 = VERTEX_POINT('',#9760);
#9760 = CARTESIAN_POINT('',(161.619606,-64.061734,1.585));
#9761 = CIRCLE('',#9762,0.147007856765);
#9762 = AXIS2_PLACEMENT_3D('',#9763,#9764,#9765);
#9763 = CARTESIAN_POINT('',(161.73978338645,-63.97706579029,1.585));
#9764 = DIRECTION('',(0.,0.,1.));
#9765 = DIRECTION('',(-0.817496350896,0.575933777678,0.));
#9766 = ORIENTED_EDGE('',*,*,#9767,.T.);
#9767 = EDGE_CURVE('',#9759,#9768,#9770,.T.);
#9768 = VERTEX_POINT('',#9769);
#9769 = CARTESIAN_POINT('',(161.636703,-64.07883,1.585));
#9770 = LINE('',#9771,#9772);
#9771 = CARTESIAN_POINT('',(161.619606,-64.061734,1.585));
#9772 = VECTOR('',#9773,1.);
#9773 = DIRECTION('',(0.707127460754,-0.707086101014,0.));
#9774 = ORIENTED_EDGE('',*,*,#9775,.T.);
#9775 = EDGE_CURVE('',#9768,#9776,#9778,.T.);
#9776 = VERTEX_POINT('',#9777);
#9777 = CARTESIAN_POINT('',(161.834609,-64.07883,1.585));
#9778 = CIRCLE('',#9779,0.178646357604);
#9779 = AXIS2_PLACEMENT_3D('',#9780,#9781,#9782);
#9780 = CARTESIAN_POINT('',(161.735656,-63.93009256397,1.585));
#9781 = DIRECTION('',(0.,0.,1.));
#9782 = DIRECTION('',(-0.553904380291,-0.832580288918,0.));
#9783 = ORIENTED_EDGE('',*,*,#9784,.T.);
#9784 = EDGE_CURVE('',#9776,#9785,#9787,.T.);
#9785 = VERTEX_POINT('',#9786);
#9786 = CARTESIAN_POINT('',(161.851707,-64.061733,1.585));
#9787 = LINE('',#9788,#9789);
#9788 = CARTESIAN_POINT('',(161.834609,-64.07883,1.585));
#9789 = VECTOR('',#9790,1.);
#9790 = DIRECTION('',(0.707127459544,0.707086102224,0.));
#9791 = ORIENTED_EDGE('',*,*,#9792,.T.);
#9792 = EDGE_CURVE('',#9785,#9793,#9795,.T.);
#9793 = VERTEX_POINT('',#9794);
#9794 = CARTESIAN_POINT('',(161.851707,-63.892398,1.585));
#9795 = CIRCLE('',#9796,0.14700361221);
#9796 = AXIS2_PLACEMENT_3D('',#9797,#9798,#9799);
#9797 = CARTESIAN_POINT('',(161.73153430573,-63.9770655,1.585));
#9798 = DIRECTION('',(0.,-0.,1.));
#9799 = DIRECTION('',(0.817481233671,-0.575955234889,-0.));
#9800 = ORIENTED_EDGE('',*,*,#9801,.T.);
#9801 = EDGE_CURVE('',#9793,#9740,#9802,.T.);
#9802 = LINE('',#9803,#9804);
#9803 = CARTESIAN_POINT('',(161.851707,-63.892398,1.585));
#9804 = VECTOR('',#9805,1.);
#9805 = DIRECTION('',(-0.707106781187,0.707106781186,0.));
#9806 = PLANE('',#9807);
#9807 = AXIS2_PLACEMENT_3D('',#9808,#9809,#9810);
#9808 = CARTESIAN_POINT('',(0.,0.,1.585));
#9809 = DIRECTION('',(0.,0.,1.));
#9810 = DIRECTION('',(1.,0.,-0.));
#9811 = ( GEOMETRIC_REPRESENTATION_CONTEXT(3) 
GLOBAL_UNCERTAINTY_ASSIGNED_CONTEXT((#9815)) 
GLOBAL_UNIT_ASSIGNED_CONTEXT((#9812,#9813,#9814)) REPRESENTATION_CONTEXT
('Context #1','3D Context with UNIT and UNCERTAINTY') );
#9812 = ( LENGTH_UNIT() NAMED_UNIT(*) SI_UNIT(.MILLI.,.METRE.) );
#9813 = ( NAMED_UNIT(*) PLANE_ANGLE_UNIT() SI_UNIT($,.RADIAN.) );
#9814 = ( NAMED_UNIT(*) SI_UNIT($,.STERADIAN.) SOLID_ANGLE_UNIT() );
#9815 = UNCERTAINTY_MEASURE_WITH_UNIT(LENGTH_MEASURE(1.E-07),#9812,
  'distance_accuracy_value','confusion accuracy');
#9816 = CONTEXT_DEPENDENT_SHAPE_REPRESENTATION(#9817,#9819);
#9817 = ( REPRESENTATION_RELATIONSHIP('','',#4732,#10) 
REPRESENTATION_RELATIONSHIP_WITH_TRANSFORMATION(#9818) 
SHAPE_REPRESENTATION_RELATIONSHIP() );
#9818 = ITEM_DEFINED_TRANSFORMATION('','',#11,#23);
#9819 = PRODUCT_DEFINITION_SHAPE('Placement','Placement of an item',
  #9820);
#9820 = NEXT_ASSEMBLY_USAGE_OCCURRENCE('3','=>[0:1:1:4]','',#5,#4727,$);
#9821 = PRODUCT_RELATED_PRODUCT_CATEGORY('part',$,(#4729));
#9822 = SHAPE_DEFINITION_REPRESENTATION(#9823,#9829);
#9823 = PRODUCT_DEFINITION_SHAPE('','',#9824);
#9824 = PRODUCT_DEFINITION('design','',#9825,#9828);
#9825 = PRODUCT_DEFINITION_FORMATION('','',#9826);
#9826 = PRODUCT('Cedexis - Audio Jack_silkscreen',
  'Cedexis - Audio Jack_silkscreen','',(#9827));
#9827 = PRODUCT_CONTEXT('',#2,'mechanical');
#9828 = PRODUCT_DEFINITION_CONTEXT('part definition',#2,'design');
#9829 = SHAPE_REPRESENTATION('',(#11,#9830,#10089,#10256,#10513,#10680,
    #10732,#10991,#11082,#11208,#11293,#11345,#11606,#11716,#11924),
  #12099);
#9830 = SHELL_BASED_SURFACE_MODEL('',(#9831));
#9831 = OPEN_SHELL('',(#9832));
#9832 = ADVANCED_FACE('',(#9833,#10014),#10084,.T.);
#9833 = FACE_BOUND('',#9834,.T.);
#9834 = EDGE_LOOP('',(#9835,#9845,#9853,#9861,#9870,#9878,#9886,#9894,
    #9902,#9911,#9919,#9927,#9935,#9943,#9951,#9959,#9967,#9975,#9983,
    #9992,#10000,#10008));
#9835 = ORIENTED_EDGE('',*,*,#9836,.T.);
#9836 = EDGE_CURVE('',#9837,#9839,#9841,.T.);
#9837 = VERTEX_POINT('',#9838);
#9838 = CARTESIAN_POINT('',(161.350779,-70.895617,-7.5E-02));
#9839 = VERTEX_POINT('',#9840);
#9840 = CARTESIAN_POINT('',(161.452101,-70.831569,-7.5E-02));
#9841 = LINE('',#9842,#9843);
#9842 = CARTESIAN_POINT('',(161.350779,-70.895617,-7.5E-02));
#9843 = VECTOR('',#9844,1.);
#9844 = DIRECTION('',(0.845281085447,0.534321894166,0.));
#9845 = ORIENTED_EDGE('',*,*,#9846,.T.);
#9846 = EDGE_CURVE('',#9839,#9847,#9849,.T.);
#9847 = VERTEX_POINT('',#9848);
#9848 = CARTESIAN_POINT('',(161.578514,-70.801504,-7.5E-02));
#9849 = LINE('',#9850,#9851);
#9850 = CARTESIAN_POINT('',(161.452101,-70.831569,-7.5E-02));
#9851 = VECTOR('',#9852,1.);
#9852 = DIRECTION('',(0.972863986347,0.231377751889,0.));
#9853 = ORIENTED_EDGE('',*,*,#9854,.T.);
#9854 = EDGE_CURVE('',#9847,#9855,#9857,.T.);
#9855 = VERTEX_POINT('',#9856);
#9856 = CARTESIAN_POINT('',(161.809541,-70.801992,-7.5E-02));
#9857 = LINE('',#9858,#9859);
#9858 = CARTESIAN_POINT('',(161.578514,-70.801504,-7.5E-02));
#9859 = VECTOR('',#9860,1.);
#9860 = DIRECTION('',(0.999997769087,-2.112302507147E-03,0.));
#9861 = ORIENTED_EDGE('',*,*,#9862,.T.);
#9862 = EDGE_CURVE('',#9855,#9863,#9865,.T.);
#9863 = VERTEX_POINT('',#9864);
#9864 = CARTESIAN_POINT('',(161.937522,-70.886287,-7.5E-02));
#9865 = CIRCLE('',#9866,0.197681076849);
#9866 = AXIS2_PLACEMENT_3D('',#9867,#9868,#9869);
#9867 = CARTESIAN_POINT('',(161.77329617071,-70.99632192691,-7.5E-02));
#9868 = DIRECTION('',(0.,0.,-1.));
#9869 = DIRECTION('',(0.183350019431,0.983047694863,0.));
#9870 = ORIENTED_EDGE('',*,*,#9871,.T.);
#9871 = EDGE_CURVE('',#9863,#9872,#9874,.T.);
#9872 = VERTEX_POINT('',#9873);
#9873 = CARTESIAN_POINT('',(161.971245,-70.962246,-7.5E-02));
#9874 = LINE('',#9875,#9876);
#9875 = CARTESIAN_POINT('',(161.937522,-70.886287,-7.5E-02));
#9876 = VECTOR('',#9877,1.);
#9877 = DIRECTION('',(0.405771132663,-0.913974719507,0.));
#9878 = ORIENTED_EDGE('',*,*,#9879,.T.);
#9879 = EDGE_CURVE('',#9872,#9880,#9882,.T.);
#9880 = VERTEX_POINT('',#9881);
#9881 = CARTESIAN_POINT('',(161.969128,-71.091349,-7.5E-02));
#9882 = LINE('',#9883,#9884);
#9883 = CARTESIAN_POINT('',(161.971245,-70.962246,-7.5E-02));
#9884 = VECTOR('',#9885,1.);
#9885 = DIRECTION('',(-1.63955558042E-02,-0.999865583841,0.));
#9886 = ORIENTED_EDGE('',*,*,#9887,.T.);
#9887 = EDGE_CURVE('',#9880,#9888,#9890,.T.);
#9888 = VERTEX_POINT('',#9889);
#9889 = CARTESIAN_POINT('',(161.928155,-71.172575,-7.5E-02));
#9890 = LINE('',#9891,#9892);
#9891 = CARTESIAN_POINT('',(161.969128,-71.091349,-7.5E-02));
#9892 = VECTOR('',#9893,1.);
#9893 = DIRECTION('',(-0.450376499365,-0.892838736178,0.));
#9894 = ORIENTED_EDGE('',*,*,#9895,.T.);
#9895 = EDGE_CURVE('',#9888,#9896,#9898,.T.);
#9896 = VERTEX_POINT('',#9897);
#9897 = CARTESIAN_POINT('',(161.886589,-71.210511,-7.5E-02));
#9898 = LINE('',#9899,#9900);
#9899 = CARTESIAN_POINT('',(161.928155,-71.172575,-7.5E-02));
#9900 = VECTOR('',#9901,1.);
#9901 = DIRECTION('',(-0.738623204322,-0.674118507413,0.));
#9902 = ORIENTED_EDGE('',*,*,#9903,.T.);
#9903 = EDGE_CURVE('',#9896,#9904,#9906,.T.);
#9904 = VERTEX_POINT('',#9905);
#9905 = CARTESIAN_POINT('',(161.571729,-71.201145,-7.5E-02));
#9906 = CIRCLE('',#9907,0.280464627829);
#9907 = AXIS2_PLACEMENT_3D('',#9908,#9909,#9910);
#9908 = CARTESIAN_POINT('',(161.73605908884,-70.97386537187,-7.5E-02));
#9909 = DIRECTION('',(-0.,0.,-1.));
#9910 = DIRECTION('',(0.53671620666,-0.84376283013,-0.));
#9911 = ORIENTED_EDGE('',*,*,#9912,.T.);
#9912 = EDGE_CURVE('',#9904,#9913,#9915,.T.);
#9913 = VERTEX_POINT('',#9914);
#9914 = CARTESIAN_POINT('',(161.533793,-71.15958,-7.5E-02));
#9915 = LINE('',#9916,#9917);
#9916 = CARTESIAN_POINT('',(161.571729,-71.201145,-7.5E-02));
#9917 = VECTOR('',#9918,1.);
#9918 = DIRECTION('',(-0.674127355457,0.73861512889,0.));
#9919 = ORIENTED_EDGE('',*,*,#9920,.T.);
#9920 = EDGE_CURVE('',#9913,#9921,#9923,.T.);
#9921 = VERTEX_POINT('',#9922);
#9922 = CARTESIAN_POINT('',(161.500068,-71.083621,-7.5E-02));
#9923 = LINE('',#9924,#9925);
#9924 = CARTESIAN_POINT('',(161.533793,-71.15958,-7.5E-02));
#9925 = VECTOR('',#9926,1.);
#9926 = DIRECTION('',(-0.405791235018,0.913965794536,0.));
#9927 = ORIENTED_EDGE('',*,*,#9928,.T.);
#9928 = EDGE_CURVE('',#9921,#9929,#9931,.T.);
#9929 = VERTEX_POINT('',#9930);
#9930 = CARTESIAN_POINT('',(161.502184,-70.954517,-7.5E-02));
#9931 = LINE('',#9932,#9933);
#9932 = CARTESIAN_POINT('',(161.500068,-71.083621,-7.5E-02));
#9933 = VECTOR('',#9934,1.);
#9934 = DIRECTION('',(1.638768627151E-02,0.999865712853,0.));
#9935 = ORIENTED_EDGE('',*,*,#9936,.T.);
#9936 = EDGE_CURVE('',#9929,#9937,#9939,.T.);
#9937 = VERTEX_POINT('',#9938);
#9938 = CARTESIAN_POINT('',(161.517828,-70.918214,-7.5E-02));
#9939 = LINE('',#9940,#9941);
#9940 = CARTESIAN_POINT('',(161.502184,-70.954517,-7.5E-02));
#9941 = VECTOR('',#9942,1.);
#9942 = DIRECTION('',(0.395747322361,0.918359437717,0.));
#9943 = ORIENTED_EDGE('',*,*,#9944,.T.);
#9944 = EDGE_CURVE('',#9937,#9945,#9947,.T.);
#9945 = VERTEX_POINT('',#9946);
#9946 = CARTESIAN_POINT('',(161.484755,-70.926482,-7.5E-02));
#9947 = LINE('',#9948,#9949);
#9948 = CARTESIAN_POINT('',(161.517828,-70.918214,-7.5E-02));
#9949 = VECTOR('',#9950,1.);
#9950 = DIRECTION('',(-0.970144225616,-0.242528723048,0.));
#9951 = ORIENTED_EDGE('',*,*,#9952,.T.);
#9952 = EDGE_CURVE('',#9945,#9953,#9955,.T.);
#9953 = VERTEX_POINT('',#9954);
#9954 = CARTESIAN_POINT('',(161.41037,-70.976073,-7.5E-02));
#9955 = LINE('',#9956,#9957);
#9956 = CARTESIAN_POINT('',(161.484755,-70.926482,-7.5E-02));
#9957 = VECTOR('',#9958,1.);
#9958 = DIRECTION('',(-0.832045131691,-0.554707940118,0.));
#9959 = ORIENTED_EDGE('',*,*,#9960,.T.);
#9960 = EDGE_CURVE('',#9953,#9961,#9963,.T.);
#9961 = VERTEX_POINT('',#9962);
#9962 = CARTESIAN_POINT('',(161.391034,-70.995408,-7.5E-02));
#9963 = LINE('',#9964,#9965);
#9964 = CARTESIAN_POINT('',(161.41037,-70.976073,-7.5E-02));
#9965 = VECTOR('',#9966,1.);
#9966 = DIRECTION('',(-0.707125066145,-0.707088495755,0.));
#9967 = ORIENTED_EDGE('',*,*,#9968,.T.);
#9968 = EDGE_CURVE('',#9961,#9969,#9971,.T.);
#9969 = VERTEX_POINT('',#9970);
#9970 = CARTESIAN_POINT('',(161.371371,-71.034736,-7.5E-02));
#9971 = LINE('',#9972,#9973);
#9972 = CARTESIAN_POINT('',(161.391034,-70.995408,-7.5E-02));
#9973 = VECTOR('',#9974,1.);
#9974 = DIRECTION('',(-0.447195401016,-0.894436288011,0.));
#9975 = ORIENTED_EDGE('',*,*,#9976,.T.);
#9976 = EDGE_CURVE('',#9969,#9977,#9979,.T.);
#9977 = VERTEX_POINT('',#9978);
#9978 = CARTESIAN_POINT('',(161.371371,-71.137219,-7.5E-02));
#9979 = LINE('',#9980,#9981);
#9980 = CARTESIAN_POINT('',(161.371371,-71.034736,-7.5E-02));
#9981 = VECTOR('',#9982,1.);
#9982 = DIRECTION('',(0.,-1.,0.));
#9983 = ORIENTED_EDGE('',*,*,#9984,.T.);
#9984 = EDGE_CURVE('',#9977,#9985,#9987,.T.);
#9985 = VERTEX_POINT('',#9986);
#9986 = CARTESIAN_POINT('',(161.271371,-71.137219,-7.5E-02));
#9987 = CIRCLE('',#9988,5.000000000004E-02);
#9988 = AXIS2_PLACEMENT_3D('',#9989,#9990,#9991);
#9989 = CARTESIAN_POINT('',(161.321371,-71.13721895228,-7.5E-02));
#9990 = DIRECTION('',(-0.,0.,-1.));
#9991 = DIRECTION('',(1.,-9.542367251918E-07,-0.));
#9992 = ORIENTED_EDGE('',*,*,#9993,.T.);
#9993 = EDGE_CURVE('',#9985,#9994,#9996,.T.);
#9994 = VERTEX_POINT('',#9995);
#9995 = CARTESIAN_POINT('',(161.273613,-71.011659,-7.5E-02));
#9996 = LINE('',#9997,#9998);
#9997 = CARTESIAN_POINT('',(161.271371,-71.137219,-7.5E-02));
#9998 = VECTOR('',#9999,1.);
#9999 = DIRECTION('',(1.785315920105E-02,0.999840619652,0.));
#10000 = ORIENTED_EDGE('',*,*,#10001,.T.);
#10001 = EDGE_CURVE('',#9994,#10002,#10004,.T.);
#10002 = VERTEX_POINT('',#10003);
#10003 = CARTESIAN_POINT('',(161.314587,-70.930434,-7.5E-02));
#10004 = LINE('',#10005,#10006);
#10005 = CARTESIAN_POINT('',(161.273613,-71.011659,-7.5E-02));
#10006 = VECTOR('',#10007,1.);
#10007 = DIRECTION('',(0.450389681844,0.892832086391,0.));
#10008 = ORIENTED_EDGE('',*,*,#10009,.T.);
#10009 = EDGE_CURVE('',#10002,#9837,#10010,.T.);
#10010 = LINE('',#10011,#10012);
#10011 = CARTESIAN_POINT('',(161.314587,-70.930434,-7.5E-02));
#10012 = VECTOR('',#10013,1.);
#10013 = DIRECTION('',(0.720663919468,0.693284584552,0.));
#10014 = FACE_BOUND('',#10015,.T.);
#10015 = EDGE_LOOP('',(#10016,#10027,#10035,#10044,#10052,#10061,#10069,
    #10078));
#10016 = ORIENTED_EDGE('',*,*,#10017,.T.);
#10017 = EDGE_CURVE('',#10018,#10020,#10022,.T.);
#10018 = VERTEX_POINT('',#10019);
#10019 = CARTESIAN_POINT('',(161.834609,-70.921168,-7.5E-02));
#10020 = VERTEX_POINT('',#10021);
#10021 = CARTESIAN_POINT('',(161.636703,-70.921168,-7.5E-02));
#10022 = CIRCLE('',#10023,0.178653487861);
#10023 = AXIS2_PLACEMENT_3D('',#10024,#10025,#10026);
#10024 = CARTESIAN_POINT('',(161.735656,-71.069914,-7.5E-02));
#10025 = DIRECTION('',(0.,0.,1.));
#10026 = DIRECTION('',(0.553882273358,0.832594995937,-0.));
#10027 = ORIENTED_EDGE('',*,*,#10028,.T.);
#10028 = EDGE_CURVE('',#10020,#10029,#10031,.T.);
#10029 = VERTEX_POINT('',#10030);
#10030 = CARTESIAN_POINT('',(161.619606,-70.938264,-7.5E-02));
#10031 = LINE('',#10032,#10033);
#10032 = CARTESIAN_POINT('',(161.636703,-70.921168,-7.5E-02));
#10033 = VECTOR('',#10034,1.);
#10034 = DIRECTION('',(-0.707127460754,-0.707086101015,0.));
#10035 = ORIENTED_EDGE('',*,*,#10036,.T.);
#10036 = EDGE_CURVE('',#10029,#10037,#10039,.T.);
#10037 = VERTEX_POINT('',#10038);
#10038 = CARTESIAN_POINT('',(161.619606,-71.107601,-7.5E-02));
#10039 = CIRCLE('',#10040,0.147009592951);
#10040 = AXIS2_PLACEMENT_3D('',#10041,#10042,#10043);
#10041 = CARTESIAN_POINT('',(161.73978530573,-71.0229325,-7.5E-02));
#10042 = DIRECTION('',(0.,0.,1.));
#10043 = DIRECTION('',(-0.817492949434,0.575938605778,0.));
#10044 = ORIENTED_EDGE('',*,*,#10045,.T.);
#10045 = EDGE_CURVE('',#10037,#10046,#10048,.T.);
#10046 = VERTEX_POINT('',#10047);
#10047 = CARTESIAN_POINT('',(161.636702,-71.124696,-7.5E-02));
#10048 = LINE('',#10049,#10050);
#10049 = CARTESIAN_POINT('',(161.619606,-71.107601,-7.5E-02));
#10050 = VECTOR('',#10051,1.);
#10051 = DIRECTION('',(0.707127461964,-0.707086099805,0.));
#10052 = ORIENTED_EDGE('',*,*,#10053,.T.);
#10053 = EDGE_CURVE('',#10046,#10054,#10056,.T.);
#10054 = VERTEX_POINT('',#10055);
#10055 = CARTESIAN_POINT('',(161.83461,-71.124696,-7.5E-02));
#10056 = CIRCLE('',#10057,0.17865110103);
#10057 = AXIS2_PLACEMENT_3D('',#10058,#10059,#10060);
#10058 = CARTESIAN_POINT('',(161.735656,-70.97595353201,-7.5E-02));
#10059 = DIRECTION('',(0.,0.,1.));
#10060 = DIRECTION('',(-0.55389527089,-0.832586349207,0.));
#10061 = ORIENTED_EDGE('',*,*,#10062,.T.);
#10062 = EDGE_CURVE('',#10054,#10063,#10065,.T.);
#10063 = VERTEX_POINT('',#10064);
#10064 = CARTESIAN_POINT('',(161.851707,-71.1076,-7.5E-02));
#10065 = LINE('',#10066,#10067);
#10066 = CARTESIAN_POINT('',(161.83461,-71.124696,-7.5E-02));
#10067 = VECTOR('',#10068,1.);
#10068 = DIRECTION('',(0.707127460754,0.707086101014,0.));
#10069 = ORIENTED_EDGE('',*,*,#10070,.T.);
#10070 = EDGE_CURVE('',#10063,#10071,#10073,.T.);
#10071 = VERTEX_POINT('',#10072);
#10072 = CARTESIAN_POINT('',(161.851707,-70.938265,-7.5E-02));
#10073 = CIRCLE('',#10074,0.14700361221);
#10074 = AXIS2_PLACEMENT_3D('',#10075,#10076,#10077);
#10075 = CARTESIAN_POINT('',(161.73153430573,-71.0229325,-7.5E-02));
#10076 = DIRECTION('',(0.,-0.,1.));
#10077 = DIRECTION('',(0.817481233671,-0.575955234889,-0.));
#10078 = ORIENTED_EDGE('',*,*,#10079,.T.);
#10079 = EDGE_CURVE('',#10071,#10018,#10080,.T.);
#10080 = LINE('',#10081,#10082);
#10081 = CARTESIAN_POINT('',(161.851707,-70.938265,-7.5E-02));
#10082 = VECTOR('',#10083,1.);
#10083 = DIRECTION('',(-0.707127459544,0.707086102224,0.));
#10084 = PLANE('',#10085);
#10085 = AXIS2_PLACEMENT_3D('',#10086,#10087,#10088);
#10086 = CARTESIAN_POINT('',(0.,0.,-7.5E-02));
#10087 = DIRECTION('',(-0.,-0.,-1.));
#10088 = DIRECTION('',(-1.,0.,0.));
#10089 = SHELL_BASED_SURFACE_MODEL('',(#10090));
#10090 = OPEN_SHELL('',(#10091));
#10091 = ADVANCED_FACE('',(#10092),#10251,.T.);
#10092 = FACE_BOUND('',#10093,.T.);
#10093 = EDGE_LOOP('',(#10094,#10105,#10113,#10122,#10130,#10138,#10146,
    #10154,#10162,#10170,#10179,#10187,#10196,#10204,#10213,#10221,
    #10229,#10237,#10245));
#10094 = ORIENTED_EDGE('',*,*,#10095,.T.);
#10095 = EDGE_CURVE('',#10096,#10098,#10100,.T.);
#10096 = VERTEX_POINT('',#10097);
#10097 = CARTESIAN_POINT('',(161.886016,-70.216149,-7.5E-02));
#10098 = VERTEX_POINT('',#10099);
#10099 = CARTESIAN_POINT('',(161.971371,-70.251504,-7.5E-02));
#10100 = CIRCLE('',#10101,4.999963895009E-02);
#10101 = AXIS2_PLACEMENT_3D('',#10102,#10103,#10104);
#10102 = CARTESIAN_POINT('',(161.92137136105,-70.25150380646,-7.5E-02));
#10103 = DIRECTION('',(0.,0.,-1.));
#10104 = DIRECTION('',(-0.707112327063,0.707101235267,0.));
#10105 = ORIENTED_EDGE('',*,*,#10106,.T.);
#10106 = EDGE_CURVE('',#10098,#10107,#10109,.T.);
#10107 = VERTEX_POINT('',#10108);
#10108 = CARTESIAN_POINT('',(161.971371,-70.622932,-7.5E-02));
#10109 = LINE('',#10110,#10111);
#10110 = CARTESIAN_POINT('',(161.971371,-70.251504,-7.5E-02));
#10111 = VECTOR('',#10112,1.);
#10112 = DIRECTION('',(0.,-1.,0.));
#10113 = ORIENTED_EDGE('',*,*,#10114,.T.);
#10114 = EDGE_CURVE('',#10107,#10115,#10117,.T.);
#10115 = VERTEX_POINT('',#10116);
#10116 = CARTESIAN_POINT('',(161.871371,-70.622932,-7.5E-02));
#10117 = CIRCLE('',#10118,5.000000000003E-02);
#10118 = AXIS2_PLACEMENT_3D('',#10119,#10120,#10121);
#10119 = CARTESIAN_POINT('',(161.921371,-70.62293195228,-7.5E-02));
#10120 = DIRECTION('',(-0.,0.,-1.));
#10121 = DIRECTION('',(1.,-9.542367251918E-07,-0.));
#10122 = ORIENTED_EDGE('',*,*,#10123,.T.);
#10123 = EDGE_CURVE('',#10115,#10124,#10126,.T.);
#10124 = VERTEX_POINT('',#10125);
#10125 = CARTESIAN_POINT('',(161.871371,-70.372214,-7.5E-02));
#10126 = LINE('',#10127,#10128);
#10127 = CARTESIAN_POINT('',(161.871371,-70.622932,-7.5E-02));
#10128 = VECTOR('',#10129,1.);
#10129 = DIRECTION('',(0.,1.,0.));
#10130 = ORIENTED_EDGE('',*,*,#10131,.T.);
#10131 = EDGE_CURVE('',#10124,#10132,#10134,.T.);
#10132 = VERTEX_POINT('',#10133);
#10133 = CARTESIAN_POINT('',(161.604312,-70.636101,-7.5E-02));
#10134 = LINE('',#10135,#10136);
#10135 = CARTESIAN_POINT('',(161.871371,-70.372214,-7.5E-02));
#10136 = VECTOR('',#10137,1.);
#10137 = DIRECTION('',(-0.711318514436,-0.702869810862,0.));
#10138 = ORIENTED_EDGE('',*,*,#10139,.T.);
#10139 = EDGE_CURVE('',#10132,#10140,#10142,.T.);
#10140 = VERTEX_POINT('',#10141);
#10141 = CARTESIAN_POINT('',(161.4928,-70.672932,-7.5E-02));
#10142 = LINE('',#10143,#10144);
#10143 = CARTESIAN_POINT('',(161.604312,-70.636101,-7.5E-02));
#10144 = VECTOR('',#10145,1.);
#10145 = DIRECTION('',(-0.949547426001,-0.313623477716,0.));
#10146 = ORIENTED_EDGE('',*,*,#10147,.T.);
#10147 = EDGE_CURVE('',#10140,#10148,#10150,.T.);
#10148 = VERTEX_POINT('',#10149);
#10149 = CARTESIAN_POINT('',(161.416523,-70.669126,-7.5E-02));
#10150 = LINE('',#10151,#10152);
#10151 = CARTESIAN_POINT('',(161.4928,-70.672932,-7.5E-02));
#10152 = VECTOR('',#10153,1.);
#10153 = DIRECTION('',(-0.998757460124,4.983508650354E-02,0.));
#10154 = ORIENTED_EDGE('',*,*,#10155,.T.);
#10155 = EDGE_CURVE('',#10148,#10156,#10158,.T.);
#10156 = VERTEX_POINT('',#10157);
#10157 = CARTESIAN_POINT('',(161.343159,-70.629717,-7.5E-02));
#10158 = LINE('',#10159,#10160);
#10159 = CARTESIAN_POINT('',(161.416523,-70.669126,-7.5E-02));
#10160 = VECTOR('',#10161,1.);
#10161 = DIRECTION('',(-0.880945299997,0.473218108712,0.));
#10162 = ORIENTED_EDGE('',*,*,#10163,.T.);
#10163 = EDGE_CURVE('',#10156,#10164,#10166,.T.);
#10164 = VERTEX_POINT('',#10165);
#10165 = CARTESIAN_POINT('',(161.305221,-70.588151,-7.5E-02));
#10166 = LINE('',#10167,#10168);
#10167 = CARTESIAN_POINT('',(161.343159,-70.629717,-7.5E-02));
#10168 = VECTOR('',#10169,1.);
#10169 = DIRECTION('',(-0.674137895949,0.73860550854,0.));
#10170 = ORIENTED_EDGE('',*,*,#10171,.T.);
#10171 = EDGE_CURVE('',#10164,#10172,#10174,.T.);
#10172 = VERTEX_POINT('',#10173);
#10173 = CARTESIAN_POINT('',(161.314587,-70.273292,-7.5E-02));
#10174 = CIRCLE('',#10175,0.280463435689);
#10175 = AXIS2_PLACEMENT_3D('',#10176,#10177,#10178);
#10176 = CARTESIAN_POINT('',(161.54186552638,-70.43762157799,-7.5E-02));
#10177 = DIRECTION('',(0.,0.,-1.));
#10178 = DIRECTION('',(-0.84376248834,-0.536716743982,-0.));
#10179 = ORIENTED_EDGE('',*,*,#10180,.T.);
#10180 = EDGE_CURVE('',#10172,#10181,#10183,.T.);
#10181 = VERTEX_POINT('',#10182);
#10182 = CARTESIAN_POINT('',(161.35938,-70.233881,-7.5E-02));
#10183 = LINE('',#10184,#10185);
#10184 = CARTESIAN_POINT('',(161.314587,-70.273292,-7.5E-02));
#10185 = VECTOR('',#10186,1.);
#10186 = DIRECTION('',(0.750770371179,0.660563282177,0.));
#10187 = ORIENTED_EDGE('',*,*,#10188,.T.);
#10188 = EDGE_CURVE('',#10181,#10189,#10191,.T.);
#10189 = VERTEX_POINT('',#10190);
#10190 = CARTESIAN_POINT('',(161.424708,-70.299209,-7.5E-02));
#10191 = CIRCLE('',#10192,4.999995591999E-02);
#10192 = AXIS2_PLACEMENT_3D('',#10193,#10194,#10195);
#10193 = CARTESIAN_POINT('',(161.378514,-70.280075,-7.5E-02));
#10194 = DIRECTION('',(0.,0.,-1.));
#10195 = DIRECTION('',(-0.382680337371,0.923880814494,0.));
#10196 = ORIENTED_EDGE('',*,*,#10197,.T.);
#10197 = EDGE_CURVE('',#10189,#10198,#10200,.T.);
#10198 = VERTEX_POINT('',#10199);
#10199 = CARTESIAN_POINT('',(161.391036,-70.338262,-7.5E-02));
#10200 = LINE('',#10201,#10202);
#10201 = CARTESIAN_POINT('',(161.424708,-70.299209,-7.5E-02));
#10202 = VECTOR('',#10203,1.);
#10203 = DIRECTION('',(-0.653002151126,-0.757356052742,0.));
#10204 = ORIENTED_EDGE('',*,*,#10205,.T.);
#10205 = EDGE_CURVE('',#10198,#10206,#10208,.T.);
#10206 = VERTEX_POINT('',#10207);
#10207 = CARTESIAN_POINT('',(161.391034,-70.536171,-7.5E-02));
#10208 = CIRCLE('',#10209,0.17866059529);
#10209 = AXIS2_PLACEMENT_3D('',#10210,#10211,#10212);
#10210 = CARTESIAN_POINT('',(161.53978853856,-70.43721800325,-7.5E-02));
#10211 = DIRECTION('',(0.,0.,1.));
#10212 = DIRECTION('',(-0.832598471557,0.553877048776,0.));
#10213 = ORIENTED_EDGE('',*,*,#10214,.T.);
#10214 = EDGE_CURVE('',#10206,#10215,#10217,.T.);
#10215 = VERTEX_POINT('',#10216);
#10216 = CARTESIAN_POINT('',(161.408131,-70.553267,-7.5E-02));
#10217 = LINE('',#10218,#10219);
#10218 = CARTESIAN_POINT('',(161.391034,-70.536171,-7.5E-02));
#10219 = VECTOR('',#10220,1.);
#10220 = DIRECTION('',(0.707127460754,-0.707086101015,0.));
#10221 = ORIENTED_EDGE('',*,*,#10222,.T.);
#10222 = EDGE_CURVE('',#10215,#10223,#10225,.T.);
#10223 = VERTEX_POINT('',#10224);
#10224 = CARTESIAN_POINT('',(161.44746,-70.572932,-7.5E-02));
#10225 = LINE('',#10226,#10227);
#10226 = CARTESIAN_POINT('',(161.408131,-70.553267,-7.5E-02));
#10227 = VECTOR('',#10228,1.);
#10228 = DIRECTION('',(0.894422642541,-0.447222692302,0.));
#10229 = ORIENTED_EDGE('',*,*,#10230,.T.);
#10230 = EDGE_CURVE('',#10223,#10231,#10233,.T.);
#10231 = VERTEX_POINT('',#10232);
#10232 = CARTESIAN_POINT('',(161.484687,-70.572932,-7.5E-02));
#10233 = LINE('',#10234,#10235);
#10234 = CARTESIAN_POINT('',(161.44746,-70.572932,-7.5E-02));
#10235 = VECTOR('',#10236,1.);
#10236 = DIRECTION('',(1.,0.,0.));
#10237 = ORIENTED_EDGE('',*,*,#10238,.T.);
#10238 = EDGE_CURVE('',#10231,#10239,#10241,.T.);
#10239 = VERTEX_POINT('',#10240);
#10240 = CARTESIAN_POINT('',(161.551506,-70.550659,-7.5E-02));
#10241 = LINE('',#10242,#10243);
#10242 = CARTESIAN_POINT('',(161.484687,-70.572932,-7.5E-02));
#10243 = VECTOR('',#10244,1.);
#10244 = DIRECTION('',(0.94868329805,0.316227766017,0.));
#10245 = ORIENTED_EDGE('',*,*,#10246,.T.);
#10246 = EDGE_CURVE('',#10239,#10096,#10247,.T.);
#10247 = LINE('',#10248,#10249);
#10248 = CARTESIAN_POINT('',(161.551506,-70.550659,-7.5E-02));
#10249 = VECTOR('',#10250,1.);
#10250 = DIRECTION('',(0.707106781187,0.707106781187,0.));
#10251 = PLANE('',#10252);
#10252 = AXIS2_PLACEMENT_3D('',#10253,#10254,#10255);
#10253 = CARTESIAN_POINT('',(0.,0.,-7.5E-02));
#10254 = DIRECTION('',(-0.,-0.,-1.));
#10255 = DIRECTION('',(-1.,0.,0.));
#10256 = SHELL_BASED_SURFACE_MODEL('',(#10257));
#10257 = OPEN_SHELL('',(#10258));
#10258 = ADVANCED_FACE('',(#10259,#10406),#10508,.T.);
#10259 = FACE_BOUND('',#10260,.T.);
#10260 = EDGE_LOOP('',(#10261,#10271,#10279,#10287,#10295,#10303,#10311,
    #10319,#10327,#10335,#10343,#10351,#10360,#10368,#10376,#10384,
    #10392,#10400));
#10261 = ORIENTED_EDGE('',*,*,#10262,.T.);
#10262 = EDGE_CURVE('',#10263,#10265,#10267,.T.);
#10263 = VERTEX_POINT('',#10264);
#10264 = CARTESIAN_POINT('',(161.356154,-69.721067,-7.5E-02));
#10265 = VERTEX_POINT('',#10266);
#10266 = CARTESIAN_POINT('',(161.42353,-69.688711,-7.5E-02));
#10267 = LINE('',#10268,#10269);
#10268 = CARTESIAN_POINT('',(161.356154,-69.721067,-7.5E-02));
#10269 = VECTOR('',#10270,1.);
#10270 = DIRECTION('',(0.901442035294,0.43289982329,0.));
#10271 = ORIENTED_EDGE('',*,*,#10272,.T.);
#10272 = EDGE_CURVE('',#10265,#10273,#10275,.T.);
#10273 = VERTEX_POINT('',#10274);
#10274 = CARTESIAN_POINT('',(161.549942,-69.658646,-7.5E-02));
#10275 = LINE('',#10276,#10277);
#10276 = CARTESIAN_POINT('',(161.42353,-69.688711,-7.5E-02));
#10277 = VECTOR('',#10278,1.);
#10278 = DIRECTION('',(0.972863574336,0.231379484245,0.));
#10279 = ORIENTED_EDGE('',*,*,#10280,.T.);
#10280 = EDGE_CURVE('',#10273,#10281,#10283,.T.);
#10281 = VERTEX_POINT('',#10282);
#10282 = CARTESIAN_POINT('',(161.698809,-69.659841,-7.5E-02));
#10283 = LINE('',#10284,#10285);
#10284 = CARTESIAN_POINT('',(161.549942,-69.658646,-7.5E-02));
#10285 = VECTOR('',#10286,1.);
#10286 = DIRECTION('',(0.999967782788,-8.027040918586E-03,0.));
#10287 = ORIENTED_EDGE('',*,*,#10288,.T.);
#10288 = EDGE_CURVE('',#10281,#10289,#10291,.T.);
#10289 = VERTEX_POINT('',#10290);
#10290 = CARTESIAN_POINT('',(161.829445,-69.692496,-7.5E-02));
#10291 = LINE('',#10292,#10293);
#10292 = CARTESIAN_POINT('',(161.698809,-69.659841,-7.5E-02));
#10293 = VECTOR('',#10294,1.);
#10294 = DIRECTION('',(0.970149489254,-0.242507666888,0.));
#10295 = ORIENTED_EDGE('',*,*,#10296,.T.);
#10296 = EDGE_CURVE('',#10289,#10297,#10299,.T.);
#10297 = VERTEX_POINT('',#10298);
#10298 = CARTESIAN_POINT('',(161.899583,-69.730434,-7.5E-02));
#10299 = LINE('',#10300,#10301);
#10300 = CARTESIAN_POINT('',(161.829445,-69.692496,-7.5E-02));
#10301 = VECTOR('',#10302,1.);
#10302 = DIRECTION('',(0.879572353039,-0.475765147703,0.));
#10303 = ORIENTED_EDGE('',*,*,#10304,.T.);
#10304 = EDGE_CURVE('',#10297,#10305,#10307,.T.);
#10305 = VERTEX_POINT('',#10306);
#10306 = CARTESIAN_POINT('',(161.937521,-69.772,-7.5E-02));
#10307 = LINE('',#10308,#10309);
#10308 = CARTESIAN_POINT('',(161.899583,-69.730434,-7.5E-02));
#10309 = VECTOR('',#10310,1.);
#10310 = DIRECTION('',(0.674137895949,-0.73860550854,0.));
#10311 = ORIENTED_EDGE('',*,*,#10312,.T.);
#10312 = EDGE_CURVE('',#10305,#10313,#10315,.T.);
#10313 = VERTEX_POINT('',#10314);
#10314 = CARTESIAN_POINT('',(161.971245,-69.847959,-7.5E-02));
#10315 = LINE('',#10316,#10317);
#10316 = CARTESIAN_POINT('',(161.937521,-69.772,-7.5E-02));
#10317 = VECTOR('',#10318,1.);
#10318 = DIRECTION('',(0.405781183914,-0.913970257055,0.));
#10319 = ORIENTED_EDGE('',*,*,#10320,.T.);
#10320 = EDGE_CURVE('',#10313,#10321,#10323,.T.);
#10321 = VERTEX_POINT('',#10322);
#10322 = CARTESIAN_POINT('',(161.967565,-69.92778,-7.5E-02));
#10323 = LINE('',#10324,#10325);
#10324 = CARTESIAN_POINT('',(161.971245,-69.847959,-7.5E-02));
#10325 = VECTOR('',#10326,1.);
#10326 = DIRECTION('',(-4.605423762777E-02,-0.998938940675,0.));
#10327 = ORIENTED_EDGE('',*,*,#10328,.T.);
#10328 = EDGE_CURVE('',#10321,#10329,#10331,.T.);
#10329 = VERTEX_POINT('',#10330);
#10330 = CARTESIAN_POINT('',(161.928155,-70.001144,-7.5E-02));
#10331 = LINE('',#10332,#10333);
#10332 = CARTESIAN_POINT('',(161.967565,-69.92778,-7.5E-02));
#10333 = VECTOR('',#10334,1.);
#10334 = DIRECTION('',(-0.473227427515,-0.880940294144,0.));
#10335 = ORIENTED_EDGE('',*,*,#10336,.T.);
#10336 = EDGE_CURVE('',#10329,#10337,#10339,.T.);
#10337 = VERTEX_POINT('',#10338);
#10338 = CARTESIAN_POINT('',(161.886589,-70.039082,-7.5E-02));
#10339 = LINE('',#10340,#10341);
#10340 = CARTESIAN_POINT('',(161.928155,-70.001144,-7.5E-02));
#10341 = VECTOR('',#10342,1.);
#10342 = DIRECTION('',(-0.73860550854,-0.674137895948,0.));
#10343 = ORIENTED_EDGE('',*,*,#10344,.T.);
#10344 = EDGE_CURVE('',#10337,#10345,#10347,.T.);
#10345 = VERTEX_POINT('',#10346);
#10346 = CARTESIAN_POINT('',(161.819211,-70.071439,-7.5E-02));
#10347 = LINE('',#10348,#10349);
#10348 = CARTESIAN_POINT('',(161.886589,-70.039082,-7.5E-02));
#10349 = VECTOR('',#10350,1.);
#10350 = DIRECTION('',(-0.901441828864,-0.432900253147,0.));
#10351 = ORIENTED_EDGE('',*,*,#10352,.T.);
#10352 = EDGE_CURVE('',#10345,#10353,#10355,.T.);
#10353 = VERTEX_POINT('',#10354);
#10354 = CARTESIAN_POINT('',(161.413297,-70.067654,-7.5E-02));
#10355 = CIRCLE('',#10356,0.585491011125);
#10356 = AXIS2_PLACEMENT_3D('',#10357,#10358,#10359);
#10357 = CARTESIAN_POINT('',(161.62137473089,-69.52038497838,-7.5E-02));
#10358 = DIRECTION('',(-0.,0.,-1.));
#10359 = DIRECTION('',(0.337898046851,-0.941182718676,-0.));
#10360 = ORIENTED_EDGE('',*,*,#10361,.T.);
#10361 = EDGE_CURVE('',#10353,#10362,#10364,.T.);
#10362 = VERTEX_POINT('',#10363);
#10363 = CARTESIAN_POINT('',(161.343159,-70.029716,-7.5E-02));
#10364 = LINE('',#10365,#10366);
#10365 = CARTESIAN_POINT('',(161.413297,-70.067654,-7.5E-02));
#10366 = VECTOR('',#10367,1.);
#10367 = DIRECTION('',(-0.879572353039,0.475765147703,0.));
#10368 = ORIENTED_EDGE('',*,*,#10369,.T.);
#10369 = EDGE_CURVE('',#10362,#10370,#10372,.T.);
#10370 = VERTEX_POINT('',#10371);
#10371 = CARTESIAN_POINT('',(161.305221,-69.98815,-7.5E-02));
#10372 = LINE('',#10373,#10374);
#10373 = CARTESIAN_POINT('',(161.343159,-70.029716,-7.5E-02));
#10374 = VECTOR('',#10375,1.);
#10375 = DIRECTION('',(-0.674137895949,0.73860550854,0.));
#10376 = ORIENTED_EDGE('',*,*,#10377,.T.);
#10377 = EDGE_CURVE('',#10370,#10378,#10380,.T.);
#10378 = VERTEX_POINT('',#10379);
#10379 = CARTESIAN_POINT('',(161.271497,-69.91219,-7.5E-02));
#10380 = LINE('',#10381,#10382);
#10381 = CARTESIAN_POINT('',(161.305221,-69.98815,-7.5E-02));
#10382 = VECTOR('',#10383,1.);
#10383 = DIRECTION('',(-0.405776721473,0.91397223826,0.));
#10384 = ORIENTED_EDGE('',*,*,#10385,.T.);
#10385 = EDGE_CURVE('',#10378,#10386,#10388,.T.);
#10386 = VERTEX_POINT('',#10387);
#10387 = CARTESIAN_POINT('',(161.275177,-69.832369,-7.5E-02));
#10388 = LINE('',#10389,#10390);
#10389 = CARTESIAN_POINT('',(161.271497,-69.91219,-7.5E-02));
#10390 = VECTOR('',#10391,1.);
#10391 = DIRECTION('',(4.605423762777E-02,0.998938940675,0.));
#10392 = ORIENTED_EDGE('',*,*,#10393,.T.);
#10393 = EDGE_CURVE('',#10386,#10394,#10396,.T.);
#10394 = VERTEX_POINT('',#10395);
#10395 = CARTESIAN_POINT('',(161.314587,-69.759006,-7.5E-02));
#10396 = LINE('',#10397,#10398);
#10397 = CARTESIAN_POINT('',(161.275177,-69.832369,-7.5E-02));
#10398 = VECTOR('',#10399,1.);
#10399 = DIRECTION('',(0.473232433434,0.880937605025,0.));
#10400 = ORIENTED_EDGE('',*,*,#10401,.T.);
#10401 = EDGE_CURVE('',#10394,#10263,#10402,.T.);
#10402 = LINE('',#10403,#10404);
#10403 = CARTESIAN_POINT('',(161.314587,-69.759006,-7.5E-02));
#10404 = VECTOR('',#10405,1.);
#10405 = DIRECTION('',(0.738604736297,0.67413874204,0.));
#10406 = FACE_BOUND('',#10407,.T.);
#10407 = EDGE_LOOP('',(#10408,#10419,#10427,#10435,#10444,#10452,#10460,
    #10469,#10477,#10485,#10494,#10502));
#10408 = ORIENTED_EDGE('',*,*,#10409,.T.);
#10409 = EDGE_CURVE('',#10410,#10412,#10414,.T.);
#10410 = VERTEX_POINT('',#10411);
#10411 = CARTESIAN_POINT('',(161.789632,-69.784393,-7.5E-02));
#10412 = VERTEX_POINT('',#10413);
#10413 = CARTESIAN_POINT('',(161.453108,-69.784393,-7.5E-02));
#10414 = CIRCLE('',#10415,0.484366267416);
#10415 = AXIS2_PLACEMENT_3D('',#10416,#10417,#10418);
#10416 = CARTESIAN_POINT('',(161.62137,-70.23859403518,-7.5E-02));
#10417 = DIRECTION('',(0.,0.,1.));
#10418 = DIRECTION('',(0.347385875771,0.937722268753,-0.));
#10419 = ORIENTED_EDGE('',*,*,#10420,.T.);
#10420 = EDGE_CURVE('',#10412,#10421,#10423,.T.);
#10421 = VERTEX_POINT('',#10422);
#10422 = CARTESIAN_POINT('',(161.40813,-69.806883,-7.5E-02));
#10423 = LINE('',#10424,#10425);
#10424 = CARTESIAN_POINT('',(161.453108,-69.784393,-7.5E-02));
#10425 = VECTOR('',#10426,1.);
#10426 = DIRECTION('',(-0.894419236576,-0.447229503993,0.));
#10427 = ORIENTED_EDGE('',*,*,#10428,.T.);
#10428 = EDGE_CURVE('',#10421,#10429,#10431,.T.);
#10429 = VERTEX_POINT('',#10430);
#10430 = CARTESIAN_POINT('',(161.391034,-69.823978,-7.5E-02));
#10431 = LINE('',#10432,#10433);
#10432 = CARTESIAN_POINT('',(161.40813,-69.806883,-7.5E-02));
#10433 = VECTOR('',#10434,1.);
#10434 = DIRECTION('',(-0.707127461964,-0.707086099805,0.));
#10435 = ORIENTED_EDGE('',*,*,#10436,.T.);
#10436 = EDGE_CURVE('',#10429,#10437,#10439,.T.);
#10437 = VERTEX_POINT('',#10438);
#10438 = CARTESIAN_POINT('',(161.391036,-69.936173,-7.5E-02));
#10439 = CIRCLE('',#10440,8.438219028262E-02);
#10440 = AXIS2_PLACEMENT_3D('',#10441,#10442,#10443);
#10441 = CARTESIAN_POINT('',(161.45407010552,-69.88007437632,-7.5E-02));
#10442 = DIRECTION('',(0.,0.,1.));
#10443 = DIRECTION('',(-0.74703092338,0.66478928956,0.));
#10444 = ORIENTED_EDGE('',*,*,#10445,.T.);
#10445 = EDGE_CURVE('',#10437,#10446,#10448,.T.);
#10446 = VERTEX_POINT('',#10447);
#10447 = CARTESIAN_POINT('',(161.40813,-69.953267,-7.5E-02));
#10448 = LINE('',#10449,#10450);
#10449 = CARTESIAN_POINT('',(161.391036,-69.936173,-7.5E-02));
#10450 = VECTOR('',#10451,1.);
#10451 = DIRECTION('',(0.707106781186,-0.707106781187,0.));
#10452 = ORIENTED_EDGE('',*,*,#10453,.T.);
#10453 = EDGE_CURVE('',#10446,#10454,#10456,.T.);
#10454 = VERTEX_POINT('',#10455);
#10455 = CARTESIAN_POINT('',(161.453108,-69.975756,-7.5E-02));
#10456 = LINE('',#10457,#10458);
#10457 = CARTESIAN_POINT('',(161.40813,-69.953267,-7.5E-02));
#10458 = VECTOR('',#10459,1.);
#10459 = DIRECTION('',(0.894427191,-0.4472135955,0.));
#10460 = ORIENTED_EDGE('',*,*,#10461,.T.);
#10461 = EDGE_CURVE('',#10454,#10462,#10464,.T.);
#10462 = VERTEX_POINT('',#10463);
#10463 = CARTESIAN_POINT('',(161.789632,-69.975756,-7.5E-02));
#10464 = CIRCLE('',#10465,0.484363890114);
#10465 = AXIS2_PLACEMENT_3D('',#10466,#10467,#10468);
#10466 = CARTESIAN_POINT('',(161.62137,-69.5215575,-7.5E-02));
#10467 = DIRECTION('',(0.,0.,1.));
#10468 = DIRECTION('',(-0.347387580772,-0.937721637121,0.));
#10469 = ORIENTED_EDGE('',*,*,#10470,.T.);
#10470 = EDGE_CURVE('',#10462,#10471,#10473,.T.);
#10471 = VERTEX_POINT('',#10472);
#10472 = CARTESIAN_POINT('',(161.834612,-69.953266,-7.5E-02));
#10473 = LINE('',#10474,#10475);
#10474 = CARTESIAN_POINT('',(161.789632,-69.975756,-7.5E-02));
#10475 = VECTOR('',#10476,1.);
#10476 = DIRECTION('',(0.894427191,0.4472135955,0.));
#10477 = ORIENTED_EDGE('',*,*,#10478,.T.);
#10478 = EDGE_CURVE('',#10471,#10479,#10481,.T.);
#10479 = VERTEX_POINT('',#10480);
#10480 = CARTESIAN_POINT('',(161.851706,-69.936173,-7.5E-02));
#10481 = LINE('',#10482,#10483);
#10482 = CARTESIAN_POINT('',(161.834612,-69.953266,-7.5E-02));
#10483 = VECTOR('',#10484,1.);
#10484 = DIRECTION('',(0.707127464383,0.707086097385,0.));
#10485 = ORIENTED_EDGE('',*,*,#10486,.T.);
#10486 = EDGE_CURVE('',#10479,#10487,#10489,.T.);
#10487 = VERTEX_POINT('',#10488);
#10488 = CARTESIAN_POINT('',(161.851707,-69.823978,-7.5E-02));
#10489 = CIRCLE('',#10490,8.438145679896E-02);
#10490 = AXIS2_PLACEMENT_3D('',#10491,#10492,#10493);
#10491 = CARTESIAN_POINT('',(161.78867237634,-69.88007493817,-7.5E-02));
#10492 = DIRECTION('',(0.,-0.,1.));
#10493 = DIRECTION('',(0.747008004414,-0.664815042956,-0.));
#10494 = ORIENTED_EDGE('',*,*,#10495,.T.);
#10495 = EDGE_CURVE('',#10487,#10496,#10498,.T.);
#10496 = VERTEX_POINT('',#10497);
#10497 = CARTESIAN_POINT('',(161.834612,-69.806883,-7.5E-02));
#10498 = LINE('',#10499,#10500);
#10499 = CARTESIAN_POINT('',(161.851707,-69.823978,-7.5E-02));
#10500 = VECTOR('',#10501,1.);
#10501 = DIRECTION('',(-0.707106781187,0.707106781186,0.));
#10502 = ORIENTED_EDGE('',*,*,#10503,.T.);
#10503 = EDGE_CURVE('',#10496,#10410,#10504,.T.);
#10504 = LINE('',#10505,#10506);
#10505 = CARTESIAN_POINT('',(161.834612,-69.806883,-7.5E-02));
#10506 = VECTOR('',#10507,1.);
#10507 = DIRECTION('',(-0.894427191,0.4472135955,0.));
#10508 = PLANE('',#10509);
#10509 = AXIS2_PLACEMENT_3D('',#10510,#10511,#10512);
#10510 = CARTESIAN_POINT('',(0.,0.,-7.5E-02));
#10511 = DIRECTION('',(-0.,-0.,-1.));
#10512 = DIRECTION('',(-1.,0.,0.));
#10513 = SHELL_BASED_SURFACE_MODEL('',(#10514));
#10514 = OPEN_SHELL('',(#10515));
#10515 = ADVANCED_FACE('',(#10516),#10675,.T.);
#10516 = FACE_BOUND('',#10517,.T.);
#10517 = EDGE_LOOP('',(#10518,#10529,#10537,#10546,#10554,#10562,#10570,
    #10578,#10586,#10594,#10603,#10611,#10620,#10628,#10637,#10645,
    #10653,#10661,#10669));
#10518 = ORIENTED_EDGE('',*,*,#10519,.T.);
#10519 = EDGE_CURVE('',#10520,#10522,#10524,.T.);
#10520 = VERTEX_POINT('',#10521);
#10521 = CARTESIAN_POINT('',(161.886016,-69.073291,-7.5E-02));
#10522 = VERTEX_POINT('',#10523);
#10523 = CARTESIAN_POINT('',(161.971371,-69.108646,-7.5E-02));
#10524 = CIRCLE('',#10525,4.999963895009E-02);
#10525 = AXIS2_PLACEMENT_3D('',#10526,#10527,#10528);
#10526 = CARTESIAN_POINT('',(161.92137136105,-69.10864580646,-7.5E-02));
#10527 = DIRECTION('',(0.,0.,-1.));
#10528 = DIRECTION('',(-0.707112327063,0.707101235267,0.));
#10529 = ORIENTED_EDGE('',*,*,#10530,.T.);
#10530 = EDGE_CURVE('',#10522,#10531,#10533,.T.);
#10531 = VERTEX_POINT('',#10532);
#10532 = CARTESIAN_POINT('',(161.971371,-69.480074,-7.5E-02));
#10533 = LINE('',#10534,#10535);
#10534 = CARTESIAN_POINT('',(161.971371,-69.108646,-7.5E-02));
#10535 = VECTOR('',#10536,1.);
#10536 = DIRECTION('',(0.,-1.,0.));
#10537 = ORIENTED_EDGE('',*,*,#10538,.T.);
#10538 = EDGE_CURVE('',#10531,#10539,#10541,.T.);
#10539 = VERTEX_POINT('',#10540);
#10540 = CARTESIAN_POINT('',(161.871371,-69.480074,-7.5E-02));
#10541 = CIRCLE('',#10542,5.000000000002E-02);
#10542 = AXIS2_PLACEMENT_3D('',#10543,#10544,#10545);
#10543 = CARTESIAN_POINT('',(161.921371,-69.48007395228,-7.5E-02));
#10544 = DIRECTION('',(-0.,0.,-1.));
#10545 = DIRECTION('',(1.,-9.542364409747E-07,-0.));
#10546 = ORIENTED_EDGE('',*,*,#10547,.T.);
#10547 = EDGE_CURVE('',#10539,#10548,#10550,.T.);
#10548 = VERTEX_POINT('',#10549);
#10549 = CARTESIAN_POINT('',(161.871371,-69.229356,-7.5E-02));
#10550 = LINE('',#10551,#10552);
#10551 = CARTESIAN_POINT('',(161.871371,-69.480074,-7.5E-02));
#10552 = VECTOR('',#10553,1.);
#10553 = DIRECTION('',(0.,1.,0.));
#10554 = ORIENTED_EDGE('',*,*,#10555,.T.);
#10555 = EDGE_CURVE('',#10548,#10556,#10558,.T.);
#10556 = VERTEX_POINT('',#10557);
#10557 = CARTESIAN_POINT('',(161.604312,-69.493243,-7.5E-02));
#10558 = LINE('',#10559,#10560);
#10559 = CARTESIAN_POINT('',(161.871371,-69.229356,-7.5E-02));
#10560 = VECTOR('',#10561,1.);
#10561 = DIRECTION('',(-0.711318514436,-0.702869810862,0.));
#10562 = ORIENTED_EDGE('',*,*,#10563,.T.);
#10563 = EDGE_CURVE('',#10556,#10564,#10566,.T.);
#10564 = VERTEX_POINT('',#10565);
#10565 = CARTESIAN_POINT('',(161.4928,-69.530074,-7.5E-02));
#10566 = LINE('',#10567,#10568);
#10567 = CARTESIAN_POINT('',(161.604312,-69.493243,-7.5E-02));
#10568 = VECTOR('',#10569,1.);
#10569 = DIRECTION('',(-0.949547426001,-0.313623477716,0.));
#10570 = ORIENTED_EDGE('',*,*,#10571,.T.);
#10571 = EDGE_CURVE('',#10564,#10572,#10574,.T.);
#10572 = VERTEX_POINT('',#10573);
#10573 = CARTESIAN_POINT('',(161.416523,-69.526268,-7.5E-02));
#10574 = LINE('',#10575,#10576);
#10575 = CARTESIAN_POINT('',(161.4928,-69.530074,-7.5E-02));
#10576 = VECTOR('',#10577,1.);
#10577 = DIRECTION('',(-0.998757460124,4.983508650354E-02,0.));
#10578 = ORIENTED_EDGE('',*,*,#10579,.T.);
#10579 = EDGE_CURVE('',#10572,#10580,#10582,.T.);
#10580 = VERTEX_POINT('',#10581);
#10581 = CARTESIAN_POINT('',(161.343159,-69.486859,-7.5E-02));
#10582 = LINE('',#10583,#10584);
#10583 = CARTESIAN_POINT('',(161.416523,-69.526268,-7.5E-02));
#10584 = VECTOR('',#10585,1.);
#10585 = DIRECTION('',(-0.880945299997,0.473218108712,0.));
#10586 = ORIENTED_EDGE('',*,*,#10587,.T.);
#10587 = EDGE_CURVE('',#10580,#10588,#10590,.T.);
#10588 = VERTEX_POINT('',#10589);
#10589 = CARTESIAN_POINT('',(161.305221,-69.445293,-7.5E-02));
#10590 = LINE('',#10591,#10592);
#10591 = CARTESIAN_POINT('',(161.343159,-69.486859,-7.5E-02));
#10592 = VECTOR('',#10593,1.);
#10593 = DIRECTION('',(-0.674137895949,0.73860550854,0.));
#10594 = ORIENTED_EDGE('',*,*,#10595,.T.);
#10595 = EDGE_CURVE('',#10588,#10596,#10598,.T.);
#10596 = VERTEX_POINT('',#10597);
#10597 = CARTESIAN_POINT('',(161.314587,-69.130434,-7.5E-02));
#10598 = CIRCLE('',#10599,0.280463435689);
#10599 = AXIS2_PLACEMENT_3D('',#10600,#10601,#10602);
#10600 = CARTESIAN_POINT('',(161.54186552638,-69.29476357799,-7.5E-02));
#10601 = DIRECTION('',(0.,0.,-1.));
#10602 = DIRECTION('',(-0.84376248834,-0.536716743982,-0.));
#10603 = ORIENTED_EDGE('',*,*,#10604,.T.);
#10604 = EDGE_CURVE('',#10596,#10605,#10607,.T.);
#10605 = VERTEX_POINT('',#10606);
#10606 = CARTESIAN_POINT('',(161.35938,-69.091023,-7.5E-02));
#10607 = LINE('',#10608,#10609);
#10608 = CARTESIAN_POINT('',(161.314587,-69.130434,-7.5E-02));
#10609 = VECTOR('',#10610,1.);
#10610 = DIRECTION('',(0.750770371179,0.660563282176,0.));
#10611 = ORIENTED_EDGE('',*,*,#10612,.T.);
#10612 = EDGE_CURVE('',#10605,#10613,#10615,.T.);
#10613 = VERTEX_POINT('',#10614);
#10614 = CARTESIAN_POINT('',(161.424708,-69.156351,-7.5E-02));
#10615 = CIRCLE('',#10616,4.999995591999E-02);
#10616 = AXIS2_PLACEMENT_3D('',#10617,#10618,#10619);
#10617 = CARTESIAN_POINT('',(161.378514,-69.137217,-7.5E-02));
#10618 = DIRECTION('',(0.,0.,-1.));
#10619 = DIRECTION('',(-0.382680337371,0.923880814494,0.));
#10620 = ORIENTED_EDGE('',*,*,#10621,.T.);
#10621 = EDGE_CURVE('',#10613,#10622,#10624,.T.);
#10622 = VERTEX_POINT('',#10623);
#10623 = CARTESIAN_POINT('',(161.391036,-69.195404,-7.5E-02));
#10624 = LINE('',#10625,#10626);
#10625 = CARTESIAN_POINT('',(161.424708,-69.156351,-7.5E-02));
#10626 = VECTOR('',#10627,1.);
#10627 = DIRECTION('',(-0.653002151126,-0.757356052742,0.));
#10628 = ORIENTED_EDGE('',*,*,#10629,.T.);
#10629 = EDGE_CURVE('',#10622,#10630,#10632,.T.);
#10630 = VERTEX_POINT('',#10631);
#10631 = CARTESIAN_POINT('',(161.391034,-69.393313,-7.5E-02));
#10632 = CIRCLE('',#10633,0.17866059529);
#10633 = AXIS2_PLACEMENT_3D('',#10634,#10635,#10636);
#10634 = CARTESIAN_POINT('',(161.53978853856,-69.29436000325,-7.5E-02));
#10635 = DIRECTION('',(0.,0.,1.));
#10636 = DIRECTION('',(-0.832598471557,0.553877048776,0.));
#10637 = ORIENTED_EDGE('',*,*,#10638,.T.);
#10638 = EDGE_CURVE('',#10630,#10639,#10641,.T.);
#10639 = VERTEX_POINT('',#10640);
#10640 = CARTESIAN_POINT('',(161.408131,-69.410409,-7.5E-02));
#10641 = LINE('',#10642,#10643);
#10642 = CARTESIAN_POINT('',(161.391034,-69.393313,-7.5E-02));
#10643 = VECTOR('',#10644,1.);
#10644 = DIRECTION('',(0.707127460754,-0.707086101014,0.));
#10645 = ORIENTED_EDGE('',*,*,#10646,.T.);
#10646 = EDGE_CURVE('',#10639,#10647,#10649,.T.);
#10647 = VERTEX_POINT('',#10648);
#10648 = CARTESIAN_POINT('',(161.44746,-69.430074,-7.5E-02));
#10649 = LINE('',#10650,#10651);
#10650 = CARTESIAN_POINT('',(161.408131,-69.410409,-7.5E-02));
#10651 = VECTOR('',#10652,1.);
#10652 = DIRECTION('',(0.894422642541,-0.447222692302,0.));
#10653 = ORIENTED_EDGE('',*,*,#10654,.T.);
#10654 = EDGE_CURVE('',#10647,#10655,#10657,.T.);
#10655 = VERTEX_POINT('',#10656);
#10656 = CARTESIAN_POINT('',(161.484687,-69.430074,-7.5E-02));
#10657 = LINE('',#10658,#10659);
#10658 = CARTESIAN_POINT('',(161.44746,-69.430074,-7.5E-02));
#10659 = VECTOR('',#10660,1.);
#10660 = DIRECTION('',(1.,0.,0.));
#10661 = ORIENTED_EDGE('',*,*,#10662,.T.);
#10662 = EDGE_CURVE('',#10655,#10663,#10665,.T.);
#10663 = VERTEX_POINT('',#10664);
#10664 = CARTESIAN_POINT('',(161.551506,-69.407801,-7.5E-02));
#10665 = LINE('',#10666,#10667);
#10666 = CARTESIAN_POINT('',(161.484687,-69.430074,-7.5E-02));
#10667 = VECTOR('',#10668,1.);
#10668 = DIRECTION('',(0.94868329805,0.316227766017,0.));
#10669 = ORIENTED_EDGE('',*,*,#10670,.T.);
#10670 = EDGE_CURVE('',#10663,#10520,#10671,.T.);
#10671 = LINE('',#10672,#10673);
#10672 = CARTESIAN_POINT('',(161.551506,-69.407801,-7.5E-02));
#10673 = VECTOR('',#10674,1.);
#10674 = DIRECTION('',(0.707106781187,0.707106781187,0.));
#10675 = PLANE('',#10676);
#10676 = AXIS2_PLACEMENT_3D('',#10677,#10678,#10679);
#10677 = CARTESIAN_POINT('',(0.,0.,-7.5E-02));
#10678 = DIRECTION('',(-0.,-0.,-1.));
#10679 = DIRECTION('',(-1.,0.,0.));
#10680 = SHELL_BASED_SURFACE_MODEL('',(#10681));
#10681 = OPEN_SHELL('',(#10682));
#10682 = ADVANCED_FACE('',(#10683),#10727,.T.);
#10683 = FACE_BOUND('',#10684,.T.);
#10684 = EDGE_LOOP('',(#10685,#10696,#10704,#10713,#10721));
#10685 = ORIENTED_EDGE('',*,*,#10686,.T.);
#10686 = EDGE_CURVE('',#10687,#10689,#10691,.T.);
#10687 = VERTEX_POINT('',#10688);
#10688 = CARTESIAN_POINT('',(161.646606,-68.403798,-7.5E-02));
#10689 = VERTEX_POINT('',#10690);
#10690 = CARTESIAN_POINT('',(161.7428,-68.422932,-7.5E-02));
#10691 = CIRCLE('',#10692,4.999998452109E-02);
#10692 = AXIS2_PLACEMENT_3D('',#10693,#10694,#10695);
#10693 = CARTESIAN_POINT('',(161.69280001547,-68.42293203736,-7.5E-02));
#10694 = DIRECTION('',(0.,0.,-1.));
#10695 = DIRECTION('',(-0.923880595592,0.382680865851,0.));
#10696 = ORIENTED_EDGE('',*,*,#10697,.T.);
#10697 = EDGE_CURVE('',#10689,#10698,#10700,.T.);
#10698 = VERTEX_POINT('',#10699);
#10699 = CARTESIAN_POINT('',(161.7428,-68.880075,-7.5E-02));
#10700 = LINE('',#10701,#10702);
#10701 = CARTESIAN_POINT('',(161.7428,-68.422932,-7.5E-02));
#10702 = VECTOR('',#10703,1.);
#10703 = DIRECTION('',(0.,-1.,0.));
#10704 = ORIENTED_EDGE('',*,*,#10705,.T.);
#10705 = EDGE_CURVE('',#10698,#10706,#10708,.T.);
#10706 = VERTEX_POINT('',#10707);
#10707 = CARTESIAN_POINT('',(161.6428,-68.880075,-7.5E-02));
#10708 = CIRCLE('',#10709,5.000000000002E-02);
#10709 = AXIS2_PLACEMENT_3D('',#10710,#10711,#10712);
#10710 = CARTESIAN_POINT('',(161.6928,-68.88007495228,-7.5E-02));
#10711 = DIRECTION('',(-0.,0.,-1.));
#10712 = DIRECTION('',(1.,-9.542361567582E-07,-0.));
#10713 = ORIENTED_EDGE('',*,*,#10714,.T.);
#10714 = EDGE_CURVE('',#10706,#10715,#10717,.T.);
#10715 = VERTEX_POINT('',#10716);
#10716 = CARTESIAN_POINT('',(161.6428,-68.422932,-7.5E-02));
#10717 = LINE('',#10718,#10719);
#10718 = CARTESIAN_POINT('',(161.6428,-68.880075,-7.5E-02));
#10719 = VECTOR('',#10720,1.);
#10720 = DIRECTION('',(0.,1.,0.));
#10721 = ORIENTED_EDGE('',*,*,#10722,.T.);
#10722 = EDGE_CURVE('',#10715,#10687,#10723,.T.);
#10723 = LINE('',#10724,#10725);
#10724 = CARTESIAN_POINT('',(161.6428,-68.422932,-7.5E-02));
#10725 = VECTOR('',#10726,1.);
#10726 = DIRECTION('',(0.195090852694,0.980785174845,0.));
#10727 = PLANE('',#10728);
#10728 = AXIS2_PLACEMENT_3D('',#10729,#10730,#10731);
#10729 = CARTESIAN_POINT('',(0.,0.,-7.5E-02));
#10730 = DIRECTION('',(-0.,-0.,-1.));
#10731 = DIRECTION('',(-1.,0.,0.));
#10732 = SHELL_BASED_SURFACE_MODEL('',(#10733));
#10733 = OPEN_SHELL('',(#10734));
#10734 = ADVANCED_FACE('',(#10735,#10916),#10986,.T.);
#10735 = FACE_BOUND('',#10736,.T.);
#10736 = EDGE_LOOP('',(#10737,#10747,#10755,#10763,#10772,#10780,#10788,
    #10796,#10804,#10813,#10821,#10829,#10837,#10845,#10853,#10861,
    #10869,#10877,#10885,#10894,#10902,#10910));
#10737 = ORIENTED_EDGE('',*,*,#10738,.T.);
#10738 = EDGE_CURVE('',#10739,#10741,#10743,.T.);
#10739 = VERTEX_POINT('',#10740);
#10740 = CARTESIAN_POINT('',(161.350779,-67.867044,-7.5E-02));
#10741 = VERTEX_POINT('',#10742);
#10742 = CARTESIAN_POINT('',(161.452101,-67.802996,-7.5E-02));
#10743 = LINE('',#10744,#10745);
#10744 = CARTESIAN_POINT('',(161.350779,-67.867044,-7.5E-02));
#10745 = VECTOR('',#10746,1.);
#10746 = DIRECTION('',(0.845281085447,0.534321894166,0.));
#10747 = ORIENTED_EDGE('',*,*,#10748,.T.);
#10748 = EDGE_CURVE('',#10741,#10749,#10751,.T.);
#10749 = VERTEX_POINT('',#10750);
#10750 = CARTESIAN_POINT('',(161.578514,-67.772931,-7.5E-02));
#10751 = LINE('',#10752,#10753);
#10752 = CARTESIAN_POINT('',(161.452101,-67.802996,-7.5E-02));
#10753 = VECTOR('',#10754,1.);
#10754 = DIRECTION('',(0.972863986347,0.231377751889,0.));
#10755 = ORIENTED_EDGE('',*,*,#10756,.T.);
#10756 = EDGE_CURVE('',#10749,#10757,#10759,.T.);
#10757 = VERTEX_POINT('',#10758);
#10758 = CARTESIAN_POINT('',(161.809541,-67.773419,-7.5E-02));
#10759 = LINE('',#10760,#10761);
#10760 = CARTESIAN_POINT('',(161.578514,-67.772931,-7.5E-02));
#10761 = VECTOR('',#10762,1.);
#10762 = DIRECTION('',(0.999997769087,-2.112302507147E-03,0.));
#10763 = ORIENTED_EDGE('',*,*,#10764,.T.);
#10764 = EDGE_CURVE('',#10757,#10765,#10767,.T.);
#10765 = VERTEX_POINT('',#10766);
#10766 = CARTESIAN_POINT('',(161.937522,-67.857714,-7.5E-02));
#10767 = CIRCLE('',#10768,0.197681076849);
#10768 = AXIS2_PLACEMENT_3D('',#10769,#10770,#10771);
#10769 = CARTESIAN_POINT('',(161.77329617071,-67.96774892691,-7.5E-02));
#10770 = DIRECTION('',(0.,0.,-1.));
#10771 = DIRECTION('',(0.183350019431,0.983047694863,0.));
#10772 = ORIENTED_EDGE('',*,*,#10773,.T.);
#10773 = EDGE_CURVE('',#10765,#10774,#10776,.T.);
#10774 = VERTEX_POINT('',#10775);
#10775 = CARTESIAN_POINT('',(161.971245,-67.933673,-7.5E-02));
#10776 = LINE('',#10777,#10778);
#10777 = CARTESIAN_POINT('',(161.937522,-67.857714,-7.5E-02));
#10778 = VECTOR('',#10779,1.);
#10779 = DIRECTION('',(0.405771132663,-0.913974719507,0.));
#10780 = ORIENTED_EDGE('',*,*,#10781,.T.);
#10781 = EDGE_CURVE('',#10774,#10782,#10784,.T.);
#10782 = VERTEX_POINT('',#10783);
#10783 = CARTESIAN_POINT('',(161.969128,-68.062776,-7.5E-02));
#10784 = LINE('',#10785,#10786);
#10785 = CARTESIAN_POINT('',(161.971245,-67.933673,-7.5E-02));
#10786 = VECTOR('',#10787,1.);
#10787 = DIRECTION('',(-1.63955558042E-02,-0.999865583841,0.));
#10788 = ORIENTED_EDGE('',*,*,#10789,.T.);
#10789 = EDGE_CURVE('',#10782,#10790,#10792,.T.);
#10790 = VERTEX_POINT('',#10791);
#10791 = CARTESIAN_POINT('',(161.928155,-68.144002,-7.5E-02));
#10792 = LINE('',#10793,#10794);
#10793 = CARTESIAN_POINT('',(161.969128,-68.062776,-7.5E-02));
#10794 = VECTOR('',#10795,1.);
#10795 = DIRECTION('',(-0.450376499365,-0.892838736178,0.));
#10796 = ORIENTED_EDGE('',*,*,#10797,.T.);
#10797 = EDGE_CURVE('',#10790,#10798,#10800,.T.);
#10798 = VERTEX_POINT('',#10799);
#10799 = CARTESIAN_POINT('',(161.886589,-68.181938,-7.5E-02));
#10800 = LINE('',#10801,#10802);
#10801 = CARTESIAN_POINT('',(161.928155,-68.144002,-7.5E-02));
#10802 = VECTOR('',#10803,1.);
#10803 = DIRECTION('',(-0.738623204322,-0.674118507413,0.));
#10804 = ORIENTED_EDGE('',*,*,#10805,.T.);
#10805 = EDGE_CURVE('',#10798,#10806,#10808,.T.);
#10806 = VERTEX_POINT('',#10807);
#10807 = CARTESIAN_POINT('',(161.571729,-68.172572,-7.5E-02));
#10808 = CIRCLE('',#10809,0.28046462783);
#10809 = AXIS2_PLACEMENT_3D('',#10810,#10811,#10812);
#10810 = CARTESIAN_POINT('',(161.73605908884,-67.94529237187,-7.5E-02));
#10811 = DIRECTION('',(-0.,0.,-1.));
#10812 = DIRECTION('',(0.536716206659,-0.84376283013,-0.));
#10813 = ORIENTED_EDGE('',*,*,#10814,.T.);
#10814 = EDGE_CURVE('',#10806,#10815,#10817,.T.);
#10815 = VERTEX_POINT('',#10816);
#10816 = CARTESIAN_POINT('',(161.533793,-68.131007,-7.5E-02));
#10817 = LINE('',#10818,#10819);
#10818 = CARTESIAN_POINT('',(161.571729,-68.172572,-7.5E-02));
#10819 = VECTOR('',#10820,1.);
#10820 = DIRECTION('',(-0.674127355457,0.73861512889,0.));
#10821 = ORIENTED_EDGE('',*,*,#10822,.T.);
#10822 = EDGE_CURVE('',#10815,#10823,#10825,.T.);
#10823 = VERTEX_POINT('',#10824);
#10824 = CARTESIAN_POINT('',(161.500068,-68.055048,-7.5E-02));
#10825 = LINE('',#10826,#10827);
#10826 = CARTESIAN_POINT('',(161.533793,-68.131007,-7.5E-02));
#10827 = VECTOR('',#10828,1.);
#10828 = DIRECTION('',(-0.405791235018,0.913965794536,0.));
#10829 = ORIENTED_EDGE('',*,*,#10830,.T.);
#10830 = EDGE_CURVE('',#10823,#10831,#10833,.T.);
#10831 = VERTEX_POINT('',#10832);
#10832 = CARTESIAN_POINT('',(161.502184,-67.925944,-7.5E-02));
#10833 = LINE('',#10834,#10835);
#10834 = CARTESIAN_POINT('',(161.500068,-68.055048,-7.5E-02));
#10835 = VECTOR('',#10836,1.);
#10836 = DIRECTION('',(1.638768627151E-02,0.999865712853,0.));
#10837 = ORIENTED_EDGE('',*,*,#10838,.T.);
#10838 = EDGE_CURVE('',#10831,#10839,#10841,.T.);
#10839 = VERTEX_POINT('',#10840);
#10840 = CARTESIAN_POINT('',(161.517828,-67.889641,-7.5E-02));
#10841 = LINE('',#10842,#10843);
#10842 = CARTESIAN_POINT('',(161.502184,-67.925944,-7.5E-02));
#10843 = VECTOR('',#10844,1.);
#10844 = DIRECTION('',(0.395747322361,0.918359437717,0.));
#10845 = ORIENTED_EDGE('',*,*,#10846,.T.);
#10846 = EDGE_CURVE('',#10839,#10847,#10849,.T.);
#10847 = VERTEX_POINT('',#10848);
#10848 = CARTESIAN_POINT('',(161.484755,-67.897909,-7.5E-02));
#10849 = LINE('',#10850,#10851);
#10850 = CARTESIAN_POINT('',(161.517828,-67.889641,-7.5E-02));
#10851 = VECTOR('',#10852,1.);
#10852 = DIRECTION('',(-0.970144225616,-0.242528723049,0.));
#10853 = ORIENTED_EDGE('',*,*,#10854,.T.);
#10854 = EDGE_CURVE('',#10847,#10855,#10857,.T.);
#10855 = VERTEX_POINT('',#10856);
#10856 = CARTESIAN_POINT('',(161.41037,-67.9475,-7.5E-02));
#10857 = LINE('',#10858,#10859);
#10858 = CARTESIAN_POINT('',(161.484755,-67.897909,-7.5E-02));
#10859 = VECTOR('',#10860,1.);
#10860 = DIRECTION('',(-0.832045131691,-0.554707940118,0.));
#10861 = ORIENTED_EDGE('',*,*,#10862,.T.);
#10862 = EDGE_CURVE('',#10855,#10863,#10865,.T.);
#10863 = VERTEX_POINT('',#10864);
#10864 = CARTESIAN_POINT('',(161.391034,-67.966835,-7.5E-02));
#10865 = LINE('',#10866,#10867);
#10866 = CARTESIAN_POINT('',(161.41037,-67.9475,-7.5E-02));
#10867 = VECTOR('',#10868,1.);
#10868 = DIRECTION('',(-0.707125066145,-0.707088495755,0.));
#10869 = ORIENTED_EDGE('',*,*,#10870,.T.);
#10870 = EDGE_CURVE('',#10863,#10871,#10873,.T.);
#10871 = VERTEX_POINT('',#10872);
#10872 = CARTESIAN_POINT('',(161.371371,-68.006163,-7.5E-02));
#10873 = LINE('',#10874,#10875);
#10874 = CARTESIAN_POINT('',(161.391034,-67.966835,-7.5E-02));
#10875 = VECTOR('',#10876,1.);
#10876 = DIRECTION('',(-0.447195401016,-0.894436288011,0.));
#10877 = ORIENTED_EDGE('',*,*,#10878,.T.);
#10878 = EDGE_CURVE('',#10871,#10879,#10881,.T.);
#10879 = VERTEX_POINT('',#10880);
#10880 = CARTESIAN_POINT('',(161.371371,-68.108646,-7.5E-02));
#10881 = LINE('',#10882,#10883);
#10882 = CARTESIAN_POINT('',(161.371371,-68.006163,-7.5E-02));
#10883 = VECTOR('',#10884,1.);
#10884 = DIRECTION('',(0.,-1.,0.));
#10885 = ORIENTED_EDGE('',*,*,#10886,.T.);
#10886 = EDGE_CURVE('',#10879,#10887,#10889,.T.);
#10887 = VERTEX_POINT('',#10888);
#10888 = CARTESIAN_POINT('',(161.271371,-68.108646,-7.5E-02));
#10889 = CIRCLE('',#10890,5.000000000003E-02);
#10890 = AXIS2_PLACEMENT_3D('',#10891,#10892,#10893);
#10891 = CARTESIAN_POINT('',(161.321371,-68.10864595228,-7.5E-02));
#10892 = DIRECTION('',(-0.,0.,-1.));
#10893 = DIRECTION('',(1.,-9.542364409747E-07,-0.));
#10894 = ORIENTED_EDGE('',*,*,#10895,.T.);
#10895 = EDGE_CURVE('',#10887,#10896,#10898,.T.);
#10896 = VERTEX_POINT('',#10897);
#10897 = CARTESIAN_POINT('',(161.273613,-67.983086,-7.5E-02));
#10898 = LINE('',#10899,#10900);
#10899 = CARTESIAN_POINT('',(161.271371,-68.108646,-7.5E-02));
#10900 = VECTOR('',#10901,1.);
#10901 = DIRECTION('',(1.785315920105E-02,0.999840619652,0.));
#10902 = ORIENTED_EDGE('',*,*,#10903,.T.);
#10903 = EDGE_CURVE('',#10896,#10904,#10906,.T.);
#10904 = VERTEX_POINT('',#10905);
#10905 = CARTESIAN_POINT('',(161.314587,-67.901861,-7.5E-02));
#10906 = LINE('',#10907,#10908);
#10907 = CARTESIAN_POINT('',(161.273613,-67.983086,-7.5E-02));
#10908 = VECTOR('',#10909,1.);
#10909 = DIRECTION('',(0.450389681844,0.892832086391,0.));
#10910 = ORIENTED_EDGE('',*,*,#10911,.T.);
#10911 = EDGE_CURVE('',#10904,#10739,#10912,.T.);
#10912 = LINE('',#10913,#10914);
#10913 = CARTESIAN_POINT('',(161.314587,-67.901861,-7.5E-02));
#10914 = VECTOR('',#10915,1.);
#10915 = DIRECTION('',(0.720663919468,0.693284584552,0.));
#10916 = FACE_BOUND('',#10917,.T.);
#10917 = EDGE_LOOP('',(#10918,#10929,#10937,#10946,#10954,#10963,#10971,
    #10980));
#10918 = ORIENTED_EDGE('',*,*,#10919,.T.);
#10919 = EDGE_CURVE('',#10920,#10922,#10924,.T.);
#10920 = VERTEX_POINT('',#10921);
#10921 = CARTESIAN_POINT('',(161.834609,-67.892595,-7.5E-02));
#10922 = VERTEX_POINT('',#10923);
#10923 = CARTESIAN_POINT('',(161.636703,-67.892595,-7.5E-02));
#10924 = CIRCLE('',#10925,0.178653487861);
#10925 = AXIS2_PLACEMENT_3D('',#10926,#10927,#10928);
#10926 = CARTESIAN_POINT('',(161.735656,-68.041341,-7.5E-02));
#10927 = DIRECTION('',(0.,0.,1.));
#10928 = DIRECTION('',(0.553882273359,0.832594995937,-0.));
#10929 = ORIENTED_EDGE('',*,*,#10930,.T.);
#10930 = EDGE_CURVE('',#10922,#10931,#10933,.T.);
#10931 = VERTEX_POINT('',#10932);
#10932 = CARTESIAN_POINT('',(161.619606,-67.909691,-7.5E-02));
#10933 = LINE('',#10934,#10935);
#10934 = CARTESIAN_POINT('',(161.636703,-67.892595,-7.5E-02));
#10935 = VECTOR('',#10936,1.);
#10936 = DIRECTION('',(-0.707127460754,-0.707086101014,0.));
#10937 = ORIENTED_EDGE('',*,*,#10938,.T.);
#10938 = EDGE_CURVE('',#10931,#10939,#10941,.T.);
#10939 = VERTEX_POINT('',#10940);
#10940 = CARTESIAN_POINT('',(161.619606,-68.079028,-7.5E-02));
#10941 = CIRCLE('',#10942,0.147009592951);
#10942 = AXIS2_PLACEMENT_3D('',#10943,#10944,#10945);
#10943 = CARTESIAN_POINT('',(161.73978530573,-67.9943595,-7.5E-02));
#10944 = DIRECTION('',(0.,0.,1.));
#10945 = DIRECTION('',(-0.817492949434,0.575938605778,0.));
#10946 = ORIENTED_EDGE('',*,*,#10947,.T.);
#10947 = EDGE_CURVE('',#10939,#10948,#10950,.T.);
#10948 = VERTEX_POINT('',#10949);
#10949 = CARTESIAN_POINT('',(161.636702,-68.096123,-7.5E-02));
#10950 = LINE('',#10951,#10952);
#10951 = CARTESIAN_POINT('',(161.619606,-68.079028,-7.5E-02));
#10952 = VECTOR('',#10953,1.);
#10953 = DIRECTION('',(0.707127461963,-0.707086099805,0.));
#10954 = ORIENTED_EDGE('',*,*,#10955,.T.);
#10955 = EDGE_CURVE('',#10948,#10956,#10958,.T.);
#10956 = VERTEX_POINT('',#10957);
#10957 = CARTESIAN_POINT('',(161.83461,-68.096123,-7.5E-02));
#10958 = CIRCLE('',#10959,0.17865110103);
#10959 = AXIS2_PLACEMENT_3D('',#10960,#10961,#10962);
#10960 = CARTESIAN_POINT('',(161.735656,-67.94738053201,-7.5E-02));
#10961 = DIRECTION('',(0.,0.,1.));
#10962 = DIRECTION('',(-0.553895270889,-0.832586349207,0.));
#10963 = ORIENTED_EDGE('',*,*,#10964,.T.);
#10964 = EDGE_CURVE('',#10956,#10965,#10967,.T.);
#10965 = VERTEX_POINT('',#10966);
#10966 = CARTESIAN_POINT('',(161.851707,-68.079027,-7.5E-02));
#10967 = LINE('',#10968,#10969);
#10968 = CARTESIAN_POINT('',(161.83461,-68.096123,-7.5E-02));
#10969 = VECTOR('',#10970,1.);
#10970 = DIRECTION('',(0.707127460754,0.707086101015,0.));
#10971 = ORIENTED_EDGE('',*,*,#10972,.T.);
#10972 = EDGE_CURVE('',#10965,#10973,#10975,.T.);
#10973 = VERTEX_POINT('',#10974);
#10974 = CARTESIAN_POINT('',(161.851707,-67.909692,-7.5E-02));
#10975 = CIRCLE('',#10976,0.14700361221);
#10976 = AXIS2_PLACEMENT_3D('',#10977,#10978,#10979);
#10977 = CARTESIAN_POINT('',(161.73153430573,-67.9943595,-7.5E-02));
#10978 = DIRECTION('',(0.,-0.,1.));
#10979 = DIRECTION('',(0.817481233671,-0.575955234889,-0.));
#10980 = ORIENTED_EDGE('',*,*,#10981,.T.);
#10981 = EDGE_CURVE('',#10973,#10920,#10982,.T.);
#10982 = LINE('',#10983,#10984);
#10983 = CARTESIAN_POINT('',(161.851707,-67.909692,-7.5E-02));
#10984 = VECTOR('',#10985,1.);
#10985 = DIRECTION('',(-0.707127459544,0.707086102224,0.));
#10986 = PLANE('',#10987);
#10987 = AXIS2_PLACEMENT_3D('',#10988,#10989,#10990);
#10988 = CARTESIAN_POINT('',(0.,0.,-7.5E-02));
#10989 = DIRECTION('',(-0.,-0.,-1.));
#10990 = DIRECTION('',(-1.,0.,0.));
#10991 = SHELL_BASED_SURFACE_MODEL('',(#10992));
#10992 = OPEN_SHELL('',(#10993));
#10993 = ADVANCED_FACE('',(#10994),#11077,.T.);
#10994 = FACE_BOUND('',#10995,.T.);
#10995 = EDGE_LOOP('',(#10996,#11007,#11015,#11023,#11031,#11039,#11047,
    #11055,#11063,#11071));
#10996 = ORIENTED_EDGE('',*,*,#10997,.T.);
#10997 = EDGE_CURVE('',#10998,#11000,#11002,.T.);
#10998 = VERTEX_POINT('',#10999);
#10999 = CARTESIAN_POINT('',(161.857445,-67.501862,-7.5E-02));
#11000 = VERTEX_POINT('',#11001);
#11001 = CARTESIAN_POINT('',(161.928156,-67.501862,-7.5E-02));
#11002 = CIRCLE('',#11003,4.999898289283E-02);
#11003 = AXIS2_PLACEMENT_3D('',#11004,#11005,#11006);
#11004 = CARTESIAN_POINT('',(161.8928005,-67.53721573969,-7.5E-02));
#11005 = DIRECTION('',(0.,0.,-1.));
#11006 = DIRECTION('',(-0.707124384426,0.707089177509,0.));
#11007 = ORIENTED_EDGE('',*,*,#11008,.T.);
#11008 = EDGE_CURVE('',#11000,#11009,#11011,.T.);
#11009 = VERTEX_POINT('',#11010);
#11010 = CARTESIAN_POINT('',(161.967565,-67.546655,-7.5E-02));
#11011 = LINE('',#11012,#11013);
#11012 = CARTESIAN_POINT('',(161.928156,-67.501862,-7.5E-02));
#11013 = VECTOR('',#11014,1.);
#11014 = DIRECTION('',(0.660544386796,-0.750786995807,0.));
#11015 = ORIENTED_EDGE('',*,*,#11016,.T.);
#11016 = EDGE_CURVE('',#11009,#11017,#11019,.T.);
#11017 = VERTEX_POINT('',#11018);
#11018 = CARTESIAN_POINT('',(161.967565,-67.584924,-7.5E-02));
#11019 = LINE('',#11020,#11021);
#11020 = CARTESIAN_POINT('',(161.967565,-67.546655,-7.5E-02));
#11021 = VECTOR('',#11022,1.);
#11022 = DIRECTION('',(0.,-1.,0.));
#11023 = ORIENTED_EDGE('',*,*,#11024,.T.);
#11024 = EDGE_CURVE('',#11017,#11025,#11027,.T.);
#11025 = VERTEX_POINT('',#11026);
#11026 = CARTESIAN_POINT('',(161.928155,-67.629715,-7.5E-02));
#11027 = LINE('',#11028,#11029);
#11028 = CARTESIAN_POINT('',(161.967565,-67.584924,-7.5E-02));
#11029 = VECTOR('',#11030,1.);
#11030 = DIRECTION('',(-0.660570459527,-0.750764056145,0.));
#11031 = ORIENTED_EDGE('',*,*,#11032,.T.);
#11032 = EDGE_CURVE('',#11025,#11033,#11035,.T.);
#11033 = VERTEX_POINT('',#11034);
#11034 = CARTESIAN_POINT('',(161.911934,-67.640554,-7.5E-02));
#11035 = LINE('',#11036,#11037);
#11036 = CARTESIAN_POINT('',(161.928155,-67.629715,-7.5E-02));
#11037 = VECTOR('',#11038,1.);
#11038 = DIRECTION('',(-0.831458381235,-0.555587041132,0.));
#11039 = ORIENTED_EDGE('',*,*,#11040,.T.);
#11040 = EDGE_CURVE('',#11033,#11041,#11043,.T.);
#11041 = VERTEX_POINT('',#11042);
#11042 = CARTESIAN_POINT('',(161.873666,-67.640554,-7.5E-02));
#11043 = LINE('',#11044,#11045);
#11044 = CARTESIAN_POINT('',(161.911934,-67.640554,-7.5E-02));
#11045 = VECTOR('',#11046,1.);
#11046 = DIRECTION('',(-1.,0.,0.));
#11047 = ORIENTED_EDGE('',*,*,#11048,.T.);
#11048 = EDGE_CURVE('',#11041,#11049,#11051,.T.);
#11049 = VERTEX_POINT('',#11050);
#11050 = CARTESIAN_POINT('',(161.828873,-67.601145,-7.5E-02));
#11051 = LINE('',#11052,#11053);
#11052 = CARTESIAN_POINT('',(161.873666,-67.640554,-7.5E-02));
#11053 = VECTOR('',#11054,1.);
#11054 = DIRECTION('',(-0.750786995807,0.660544386796,0.));
#11055 = ORIENTED_EDGE('',*,*,#11056,.T.);
#11056 = EDGE_CURVE('',#11049,#11057,#11059,.T.);
#11057 = VERTEX_POINT('',#11058);
#11058 = CARTESIAN_POINT('',(161.818034,-67.584924,-7.5E-02));
#11059 = LINE('',#11060,#11061);
#11060 = CARTESIAN_POINT('',(161.828873,-67.601145,-7.5E-02));
#11061 = VECTOR('',#11062,1.);
#11062 = DIRECTION('',(-0.555587041131,0.831458381236,0.));
#11063 = ORIENTED_EDGE('',*,*,#11064,.T.);
#11064 = EDGE_CURVE('',#11057,#11065,#11067,.T.);
#11065 = VERTEX_POINT('',#11066);
#11066 = CARTESIAN_POINT('',(161.818034,-67.546655,-7.5E-02));
#11067 = LINE('',#11068,#11069);
#11068 = CARTESIAN_POINT('',(161.818034,-67.584924,-7.5E-02));
#11069 = VECTOR('',#11070,1.);
#11070 = DIRECTION('',(0.,1.,0.));
#11071 = ORIENTED_EDGE('',*,*,#11072,.T.);
#11072 = EDGE_CURVE('',#11065,#10998,#11073,.T.);
#11073 = LINE('',#11074,#11075);
#11074 = CARTESIAN_POINT('',(161.818034,-67.546655,-7.5E-02));
#11075 = VECTOR('',#11076,1.);
#11076 = DIRECTION('',(0.660563282177,0.750770371179,0.));
#11077 = PLANE('',#11078);
#11078 = AXIS2_PLACEMENT_3D('',#11079,#11080,#11081);
#11079 = CARTESIAN_POINT('',(0.,0.,-7.5E-02));
#11080 = DIRECTION('',(-0.,-0.,-1.));
#11081 = DIRECTION('',(-1.,0.,0.));
#11082 = SHELL_BASED_SURFACE_MODEL('',(#11083));
#11083 = OPEN_SHELL('',(#11084));
#11084 = ADVANCED_FACE('',(#11085),#11203,.T.);
#11085 = FACE_BOUND('',#11086,.T.);
#11086 = EDGE_LOOP('',(#11087,#11097,#11106,#11114,#11122,#11130,#11138,
    #11147,#11155,#11164,#11172,#11180,#11189,#11197));
#11087 = ORIENTED_EDGE('',*,*,#11088,.T.);
#11088 = EDGE_CURVE('',#11089,#11091,#11093,.T.);
#11089 = VERTEX_POINT('',#11090);
#11090 = CARTESIAN_POINT('',(161.423136,-66.993312,-7.5E-02));
#11091 = VERTEX_POINT('',#11092);
#11092 = CARTESIAN_POINT('',(161.46004,-66.928015,-7.5E-02));
#11093 = LINE('',#11094,#11095);
#11094 = CARTESIAN_POINT('',(161.423136,-66.993312,-7.5E-02));
#11095 = VECTOR('',#11096,1.);
#11096 = DIRECTION('',(0.492026942809,0.870579971944,0.));
#11097 = ORIENTED_EDGE('',*,*,#11098,.T.);
#11098 = EDGE_CURVE('',#11091,#11099,#11101,.T.);
#11099 = VERTEX_POINT('',#11100);
#11100 = CARTESIAN_POINT('',(161.542674,-66.969333,-7.5E-02));
#11101 = CIRCLE('',#11102,4.999982901494E-02);
#11102 = AXIS2_PLACEMENT_3D('',#11103,#11104,#11105);
#11103 = CARTESIAN_POINT('',(161.49280003431,-66.96578751716,-7.5E-02));
#11104 = DIRECTION('',(0.,0.,-1.));
#11105 = DIRECTION('',(-0.655202926928,0.755452926757,0.));
#11106 = ORIENTED_EDGE('',*,*,#11107,.T.);
#11107 = EDGE_CURVE('',#11099,#11108,#11110,.T.);
#11108 = VERTEX_POINT('',#11109);
#11109 = CARTESIAN_POINT('',(161.508949,-67.045292,-7.5E-02));
#11110 = LINE('',#11111,#11112);
#11111 = CARTESIAN_POINT('',(161.542674,-66.969333,-7.5E-02));
#11112 = VECTOR('',#11113,1.);
#11113 = DIRECTION('',(-0.405791235018,-0.913965794536,0.));
#11114 = ORIENTED_EDGE('',*,*,#11115,.T.);
#11115 = EDGE_CURVE('',#11108,#11116,#11118,.T.);
#11116 = VERTEX_POINT('',#11117);
#11117 = CARTESIAN_POINT('',(161.470652,-67.087217,-7.5E-02));
#11118 = LINE('',#11119,#11120);
#11119 = CARTESIAN_POINT('',(161.508949,-67.045292,-7.5E-02));
#11120 = VECTOR('',#11121,1.);
#11121 = DIRECTION('',(-0.674438881491,-0.738330681425,0.));
#11122 = ORIENTED_EDGE('',*,*,#11123,.T.);
#11123 = EDGE_CURVE('',#11116,#11124,#11126,.T.);
#11124 = VERTEX_POINT('',#11125);
#11125 = CARTESIAN_POINT('',(161.871371,-67.087217,-7.5E-02));
#11126 = LINE('',#11127,#11128);
#11127 = CARTESIAN_POINT('',(161.470652,-67.087217,-7.5E-02));
#11128 = VECTOR('',#11129,1.);
#11129 = DIRECTION('',(1.,0.,0.));
#11130 = ORIENTED_EDGE('',*,*,#11131,.T.);
#11131 = EDGE_CURVE('',#11124,#11132,#11134,.T.);
#11132 = VERTEX_POINT('',#11133);
#11133 = CARTESIAN_POINT('',(161.871371,-66.965788,-7.5E-02));
#11134 = LINE('',#11135,#11136);
#11135 = CARTESIAN_POINT('',(161.871371,-67.087217,-7.5E-02));
#11136 = VECTOR('',#11137,1.);
#11137 = DIRECTION('',(0.,1.,0.));
#11138 = ORIENTED_EDGE('',*,*,#11139,.T.);
#11139 = EDGE_CURVE('',#11132,#11140,#11142,.T.);
#11140 = VERTEX_POINT('',#11141);
#11141 = CARTESIAN_POINT('',(161.971371,-66.965788,-7.5E-02));
#11142 = CIRCLE('',#11143,5.000000000001E-02);
#11143 = AXIS2_PLACEMENT_3D('',#11144,#11145,#11146);
#11144 = CARTESIAN_POINT('',(161.921371,-66.96578804771,-7.5E-02));
#11145 = DIRECTION('',(0.,0.,-1.));
#11146 = DIRECTION('',(-1.,9.542361567582E-07,0.));
#11147 = ORIENTED_EDGE('',*,*,#11148,.T.);
#11148 = EDGE_CURVE('',#11140,#11149,#11151,.T.);
#11149 = VERTEX_POINT('',#11150);
#11150 = CARTESIAN_POINT('',(161.971371,-67.308645,-7.5E-02));
#11151 = LINE('',#11152,#11153);
#11152 = CARTESIAN_POINT('',(161.971371,-66.965788,-7.5E-02));
#11153 = VECTOR('',#11154,1.);
#11154 = DIRECTION('',(0.,-1.,0.));
#11155 = ORIENTED_EDGE('',*,*,#11156,.T.);
#11156 = EDGE_CURVE('',#11149,#11157,#11159,.T.);
#11157 = VERTEX_POINT('',#11158);
#11158 = CARTESIAN_POINT('',(161.871371,-67.308645,-7.5E-02));
#11159 = CIRCLE('',#11160,5.000000000003E-02);
#11160 = AXIS2_PLACEMENT_3D('',#11161,#11162,#11163);
#11161 = CARTESIAN_POINT('',(161.921371,-67.30864495228,-7.5E-02));
#11162 = DIRECTION('',(-0.,0.,-1.));
#11163 = DIRECTION('',(1.,-9.542367251918E-07,-0.));
#11164 = ORIENTED_EDGE('',*,*,#11165,.T.);
#11165 = EDGE_CURVE('',#11157,#11166,#11168,.T.);
#11166 = VERTEX_POINT('',#11167);
#11167 = CARTESIAN_POINT('',(161.871371,-67.187217,-7.5E-02));
#11168 = LINE('',#11169,#11170);
#11169 = CARTESIAN_POINT('',(161.871371,-67.308645,-7.5E-02));
#11170 = VECTOR('',#11171,1.);
#11171 = DIRECTION('',(0.,1.,0.));
#11172 = ORIENTED_EDGE('',*,*,#11173,.T.);
#11173 = EDGE_CURVE('',#11166,#11174,#11176,.T.);
#11174 = VERTEX_POINT('',#11175);
#11175 = CARTESIAN_POINT('',(161.321371,-67.187217,-7.5E-02));
#11176 = LINE('',#11177,#11178);
#11177 = CARTESIAN_POINT('',(161.871371,-67.187217,-7.5E-02));
#11178 = VECTOR('',#11179,1.);
#11179 = DIRECTION('',(-1.,0.,0.));
#11180 = ORIENTED_EDGE('',*,*,#11181,.T.);
#11181 = EDGE_CURVE('',#11174,#11182,#11184,.T.);
#11182 = VERTEX_POINT('',#11183);
#11183 = CARTESIAN_POINT('',(161.293636,-67.095615,-7.5E-02));
#11184 = CIRCLE('',#11185,4.999979984538E-02);
#11185 = AXIS2_PLACEMENT_3D('',#11186,#11187,#11188);
#11186 = CARTESIAN_POINT('',(161.32137112081,-67.13721720015,-7.5E-02));
#11187 = DIRECTION('',(0.,0.,-1.));
#11188 = DIRECTION('',(-2.416394987116E-06,-0.999999999997,-0.));
#11189 = ORIENTED_EDGE('',*,*,#11190,.T.);
#11190 = EDGE_CURVE('',#11182,#11191,#11193,.T.);
#11191 = VERTEX_POINT('',#11192);
#11192 = CARTESIAN_POINT('',(161.375233,-67.041215,-7.5E-02));
#11193 = LINE('',#11194,#11195);
#11194 = CARTESIAN_POINT('',(161.293636,-67.095615,-7.5E-02));
#11195 = VECTOR('',#11196,1.);
#11196 = DIRECTION('',(0.832040881645,0.554714315005,0.));
#11197 = ORIENTED_EDGE('',*,*,#11198,.T.);
#11198 = EDGE_CURVE('',#11191,#11089,#11199,.T.);
#11199 = LINE('',#11200,#11201);
#11200 = CARTESIAN_POINT('',(161.375233,-67.041215,-7.5E-02));
#11201 = VECTOR('',#11202,1.);
#11202 = DIRECTION('',(0.707106781187,0.707106781187,0.));
#11203 = PLANE('',#11204);
#11204 = AXIS2_PLACEMENT_3D('',#11205,#11206,#11207);
#11205 = CARTESIAN_POINT('',(0.,0.,-7.5E-02));
#11206 = DIRECTION('',(-0.,-0.,-1.));
#11207 = DIRECTION('',(-1.,0.,0.));
#11208 = SHELL_BASED_SURFACE_MODEL('',(#11209));
#11209 = OPEN_SHELL('',(#11210));
#11210 = ADVANCED_FACE('',(#11211),#11288,.T.);
#11211 = FACE_BOUND('',#11212,.T.);
#11212 = EDGE_LOOP('',(#11213,#11224,#11232,#11241,#11249,#11258,#11266,
    #11274,#11282));
#11213 = ORIENTED_EDGE('',*,*,#11214,.T.);
#11214 = EDGE_CURVE('',#11215,#11217,#11219,.T.);
#11215 = VERTEX_POINT('',#11216);
#11216 = CARTESIAN_POINT('',(161.271497,-66.397903,-7.5E-02));
#11217 = VERTEX_POINT('',#11218);
#11218 = CARTESIAN_POINT('',(161.337182,-66.346925,-7.5E-02));
#11219 = CIRCLE('',#11220,4.999967670835E-02);
#11220 = AXIS2_PLACEMENT_3D('',#11221,#11222,#11223);
#11221 = CARTESIAN_POINT('',(161.32137091302,-66.39435892456,-7.5E-02));
#11222 = DIRECTION('',(0.,0.,-1.));
#11223 = DIRECTION('',(-0.997484710033,-7.088196702918E-02,-0.));
#11224 = ORIENTED_EDGE('',*,*,#11225,.T.);
#11225 = EDGE_CURVE('',#11217,#11226,#11228,.T.);
#11226 = VERTEX_POINT('',#11227);
#11227 = CARTESIAN_POINT('',(161.937183,-66.546925,-7.5E-02));
#11228 = LINE('',#11229,#11230);
#11229 = CARTESIAN_POINT('',(161.337182,-66.346925,-7.5E-02));
#11230 = VECTOR('',#11231,1.);
#11231 = DIRECTION('',(0.948683456164,-0.316227291676,0.));
#11232 = ORIENTED_EDGE('',*,*,#11233,.T.);
#11233 = EDGE_CURVE('',#11226,#11234,#11236,.T.);
#11234 = VERTEX_POINT('',#11235);
#11235 = CARTESIAN_POINT('',(161.937183,-66.641793,-7.5E-02));
#11236 = CIRCLE('',#11237,4.999970343242E-02);
#11237 = AXIS2_PLACEMENT_3D('',#11238,#11239,#11240);
#11238 = CARTESIAN_POINT('',(161.92137205482,-66.594359,-7.5E-02));
#11239 = DIRECTION('',(0.,0.,-1.));
#11240 = DIRECTION('',(0.316220779119,0.948685626988,0.));
#11241 = ORIENTED_EDGE('',*,*,#11242,.T.);
#11242 = EDGE_CURVE('',#11234,#11243,#11245,.T.);
#11243 = VERTEX_POINT('',#11244);
#11244 = CARTESIAN_POINT('',(161.337182,-66.841793,-7.5E-02));
#11245 = LINE('',#11246,#11247);
#11246 = CARTESIAN_POINT('',(161.937183,-66.641793,-7.5E-02));
#11247 = VECTOR('',#11248,1.);
#11248 = DIRECTION('',(-0.948683456164,-0.316227291676,0.));
#11249 = ORIENTED_EDGE('',*,*,#11250,.T.);
#11250 = EDGE_CURVE('',#11243,#11251,#11253,.T.);
#11251 = VERTEX_POINT('',#11252);
#11252 = CARTESIAN_POINT('',(161.30556,-66.746925,-7.5E-02));
#11253 = CIRCLE('',#11254,4.999972077159E-02);
#11254 = AXIS2_PLACEMENT_3D('',#11255,#11256,#11257);
#11255 = CARTESIAN_POINT('',(161.32137053738,-66.7943591542,-7.5E-02));
#11256 = DIRECTION('',(0.,0.,-1.));
#11257 = DIRECTION('',(0.316231018312,-0.948682213946,0.));
#11258 = ORIENTED_EDGE('',*,*,#11259,.T.);
#11259 = EDGE_CURVE('',#11251,#11260,#11262,.T.);
#11260 = VERTEX_POINT('',#11261);
#11261 = CARTESIAN_POINT('',(161.763258,-66.594359,-7.5E-02));
#11262 = LINE('',#11263,#11264);
#11263 = CARTESIAN_POINT('',(161.30556,-66.746925,-7.5E-02));
#11264 = VECTOR('',#11265,1.);
#11265 = DIRECTION('',(0.948683298051,0.316227766017,0.));
#11266 = ORIENTED_EDGE('',*,*,#11267,.T.);
#11267 = EDGE_CURVE('',#11260,#11268,#11270,.T.);
#11268 = VERTEX_POINT('',#11269);
#11269 = CARTESIAN_POINT('',(161.30556,-66.441793,-7.5E-02));
#11270 = LINE('',#11271,#11272);
#11271 = CARTESIAN_POINT('',(161.763258,-66.594359,-7.5E-02));
#11272 = VECTOR('',#11273,1.);
#11273 = DIRECTION('',(-0.948683298051,0.316227766017,0.));
#11274 = ORIENTED_EDGE('',*,*,#11275,.T.);
#11275 = EDGE_CURVE('',#11268,#11276,#11278,.T.);
#11276 = VERTEX_POINT('',#11277);
#11277 = CARTESIAN_POINT('',(161.288611,-66.432132,-7.5E-02));
#11278 = LINE('',#11279,#11280);
#11279 = CARTESIAN_POINT('',(161.30556,-66.441793,-7.5E-02));
#11280 = VECTOR('',#11281,1.);
#11281 = DIRECTION('',(-0.868775726522,0.495205752194,0.));
#11282 = ORIENTED_EDGE('',*,*,#11283,.T.);
#11283 = EDGE_CURVE('',#11276,#11215,#11284,.T.);
#11284 = LINE('',#11285,#11286);
#11285 = CARTESIAN_POINT('',(161.288611,-66.432132,-7.5E-02));
#11286 = VECTOR('',#11287,1.);
#11287 = DIRECTION('',(-0.447203143135,0.894432417106,0.));
#11288 = PLANE('',#11289);
#11289 = AXIS2_PLACEMENT_3D('',#11290,#11291,#11292);
#11290 = CARTESIAN_POINT('',(0.,0.,-7.5E-02));
#11291 = DIRECTION('',(-0.,-0.,-1.));
#11292 = DIRECTION('',(-1.,0.,0.));
#11293 = SHELL_BASED_SURFACE_MODEL('',(#11294));
#11294 = OPEN_SHELL('',(#11295));
#11295 = ADVANCED_FACE('',(#11296),#11340,.T.);
#11296 = FACE_BOUND('',#11297,.T.);
#11297 = EDGE_LOOP('',(#11298,#11309,#11317,#11326,#11334));
#11298 = ORIENTED_EDGE('',*,*,#11299,.T.);
#11299 = EDGE_CURVE('',#11300,#11302,#11304,.T.);
#11300 = VERTEX_POINT('',#11301);
#11301 = CARTESIAN_POINT('',(161.646606,-65.718083,-7.5E-02));
#11302 = VERTEX_POINT('',#11303);
#11303 = CARTESIAN_POINT('',(161.7428,-65.737217,-7.5E-02));
#11304 = CIRCLE('',#11305,4.999998452109E-02);
#11305 = AXIS2_PLACEMENT_3D('',#11306,#11307,#11308);
#11306 = CARTESIAN_POINT('',(161.69280001547,-65.73721703736,-7.5E-02));
#11307 = DIRECTION('',(0.,0.,-1.));
#11308 = DIRECTION('',(-0.923880595592,0.382680865852,0.));
#11309 = ORIENTED_EDGE('',*,*,#11310,.T.);
#11310 = EDGE_CURVE('',#11302,#11311,#11313,.T.);
#11311 = VERTEX_POINT('',#11312);
#11312 = CARTESIAN_POINT('',(161.7428,-66.19436,-7.5E-02));
#11313 = LINE('',#11314,#11315);
#11314 = CARTESIAN_POINT('',(161.7428,-65.737217,-7.5E-02));
#11315 = VECTOR('',#11316,1.);
#11316 = DIRECTION('',(0.,-1.,0.));
#11317 = ORIENTED_EDGE('',*,*,#11318,.T.);
#11318 = EDGE_CURVE('',#11311,#11319,#11321,.T.);
#11319 = VERTEX_POINT('',#11320);
#11320 = CARTESIAN_POINT('',(161.6428,-66.19436,-7.5E-02));
#11321 = CIRCLE('',#11322,5.000000000002E-02);
#11322 = AXIS2_PLACEMENT_3D('',#11323,#11324,#11325);
#11323 = CARTESIAN_POINT('',(161.6928,-66.19435995228,-7.5E-02));
#11324 = DIRECTION('',(-0.,0.,-1.));
#11325 = DIRECTION('',(1.,-9.542364409753E-07,-0.));
#11326 = ORIENTED_EDGE('',*,*,#11327,.T.);
#11327 = EDGE_CURVE('',#11319,#11328,#11330,.T.);
#11328 = VERTEX_POINT('',#11329);
#11329 = CARTESIAN_POINT('',(161.6428,-65.737217,-7.5E-02));
#11330 = LINE('',#11331,#11332);
#11331 = CARTESIAN_POINT('',(161.6428,-66.19436,-7.5E-02));
#11332 = VECTOR('',#11333,1.);
#11333 = DIRECTION('',(0.,1.,0.));
#11334 = ORIENTED_EDGE('',*,*,#11335,.T.);
#11335 = EDGE_CURVE('',#11328,#11300,#11336,.T.);
#11336 = LINE('',#11337,#11338);
#11337 = CARTESIAN_POINT('',(161.6428,-65.737217,-7.5E-02));
#11338 = VECTOR('',#11339,1.);
#11339 = DIRECTION('',(0.195090852694,0.980785174845,0.));
#11340 = PLANE('',#11341);
#11341 = AXIS2_PLACEMENT_3D('',#11342,#11343,#11344);
#11342 = CARTESIAN_POINT('',(0.,0.,-7.5E-02));
#11343 = DIRECTION('',(-0.,-0.,-1.));
#11344 = DIRECTION('',(-1.,0.,0.));
#11345 = SHELL_BASED_SURFACE_MODEL('',(#11346));
#11346 = OPEN_SHELL('',(#11347));
#11347 = ADVANCED_FACE('',(#11348),#11601,.T.);
#11348 = FACE_BOUND('',#11349,.T.);
#11349 = EDGE_LOOP('',(#11350,#11361,#11369,#11377,#11385,#11394,#11402,
    #11410,#11418,#11426,#11434,#11442,#11450,#11458,#11466,#11475,
    #11483,#11491,#11499,#11507,#11515,#11523,#11531,#11539,#11547,
    #11555,#11563,#11571,#11579,#11587,#11595));
#11350 = ORIENTED_EDGE('',*,*,#11351,.T.);
#11351 = EDGE_CURVE('',#11352,#11354,#11356,.T.);
#11352 = VERTEX_POINT('',#11353);
#11353 = CARTESIAN_POINT('',(161.842926,-65.226475,-7.5E-02));
#11354 = VERTEX_POINT('',#11355);
#11355 = CARTESIAN_POINT('',(161.92556,-65.185159,-7.5E-02));
#11356 = CIRCLE('',#11357,4.99994158385E-02);
#11357 = AXIS2_PLACEMENT_3D('',#11358,#11359,#11360);
#11358 = CARTESIAN_POINT('',(161.89279963431,-65.22293068284,-7.5E-02));
#11359 = DIRECTION('',(0.,0.,-1.));
#11360 = DIRECTION('',(-0.997484340194,-7.088717139328E-02,-0.));
#11361 = ORIENTED_EDGE('',*,*,#11362,.T.);
#11362 = EDGE_CURVE('',#11354,#11363,#11365,.T.);
#11363 = VERTEX_POINT('',#11364);
#11364 = CARTESIAN_POINT('',(161.966093,-65.257714,-7.5E-02));
#11365 = LINE('',#11366,#11367);
#11366 = CARTESIAN_POINT('',(161.92556,-65.185159,-7.5E-02));
#11367 = VECTOR('',#11368,1.);
#11368 = DIRECTION('',(0.48770728015,-0.873007221556,0.));
#11369 = ORIENTED_EDGE('',*,*,#11370,.T.);
#11370 = EDGE_CURVE('',#11363,#11371,#11373,.T.);
#11371 = VERTEX_POINT('',#11372);
#11372 = CARTESIAN_POINT('',(161.971371,-65.280074,-7.5E-02));
#11373 = LINE('',#11374,#11375);
#11374 = CARTESIAN_POINT('',(161.966093,-65.257714,-7.5E-02));
#11375 = VECTOR('',#11376,1.);
#11376 = DIRECTION('',(0.229733131561,-0.973253660801,0.));
#11377 = ORIENTED_EDGE('',*,*,#11378,.T.);
#11378 = EDGE_CURVE('',#11371,#11379,#11381,.T.);
#11379 = VERTEX_POINT('',#11380);
#11380 = CARTESIAN_POINT('',(161.969128,-65.405633,-7.5E-02));
#11381 = LINE('',#11382,#11383);
#11382 = CARTESIAN_POINT('',(161.971371,-65.280074,-7.5E-02));
#11383 = VECTOR('',#11384,1.);
#11384 = DIRECTION('',(-1.786126191892E-02,-0.999840474937,0.));
#11385 = ORIENTED_EDGE('',*,*,#11386,.T.);
#11386 = EDGE_CURVE('',#11379,#11387,#11389,.T.);
#11387 = VERTEX_POINT('',#11388);
#11388 = CARTESIAN_POINT('',(161.795811,-65.527831,-7.5E-02));
#11389 = CIRCLE('',#11390,0.148720472116);
#11390 = AXIS2_PLACEMENT_3D('',#11391,#11392,#11393);
#11391 = CARTESIAN_POINT('',(161.8223781832,-65.38150272657,-7.5E-02));
#11392 = DIRECTION('',(0.,0.,-1.));
#11393 = DIRECTION('',(0.986749266677,-0.162252533765,0.));
#11394 = ORIENTED_EDGE('',*,*,#11395,.T.);
#11395 = EDGE_CURVE('',#11387,#11396,#11398,.T.);
#11396 = VERTEX_POINT('',#11397);
#11397 = CARTESIAN_POINT('',(161.71499,-65.486452,-7.5E-02));
#11398 = LINE('',#11399,#11400);
#11399 = CARTESIAN_POINT('',(161.795811,-65.527831,-7.5E-02));
#11400 = VECTOR('',#11401,1.);
#11401 = DIRECTION('',(-0.890119865335,0.455726480837,0.));
#11402 = ORIENTED_EDGE('',*,*,#11403,.T.);
#11403 = EDGE_CURVE('',#11396,#11404,#11406,.T.);
#11404 = VERTEX_POINT('',#11405);
#11405 = CARTESIAN_POINT('',(161.673613,-65.405633,-7.5E-02));
#11406 = LINE('',#11407,#11408);
#11407 = CARTESIAN_POINT('',(161.71499,-65.486452,-7.5E-02));
#11408 = VECTOR('',#11409,1.);
#11409 = DIRECTION('',(-0.455717963577,0.890124225978,0.));
#11410 = ORIENTED_EDGE('',*,*,#11411,.T.);
#11411 = EDGE_CURVE('',#11404,#11412,#11414,.T.);
#11412 = VERTEX_POINT('',#11413);
#11413 = CARTESIAN_POINT('',(161.671371,-65.320449,-7.5E-02));
#11414 = LINE('',#11415,#11416);
#11415 = CARTESIAN_POINT('',(161.673613,-65.405633,-7.5E-02));
#11416 = VECTOR('',#11417,1.);
#11417 = DIRECTION('',(-2.631038538546E-02,0.999653821891,0.));
#11418 = ORIENTED_EDGE('',*,*,#11419,.T.);
#11419 = EDGE_CURVE('',#11412,#11420,#11422,.T.);
#11420 = VERTEX_POINT('',#11421);
#11421 = CARTESIAN_POINT('',(161.655531,-65.28877,-7.5E-02));
#11422 = LINE('',#11423,#11424);
#11423 = CARTESIAN_POINT('',(161.671371,-65.320449,-7.5E-02));
#11424 = VECTOR('',#11425,1.);
#11425 = DIRECTION('',(-0.447224889022,0.89442154415,0.));
#11426 = ORIENTED_EDGE('',*,*,#11427,.T.);
#11427 = EDGE_CURVE('',#11420,#11428,#11430,.T.);
#11428 = VERTEX_POINT('',#11429);
#11429 = CARTESIAN_POINT('',(161.618888,-65.272931,-7.5E-02));
#11430 = LINE('',#11431,#11432);
#11431 = CARTESIAN_POINT('',(161.655531,-65.28877,-7.5E-02));
#11432 = VECTOR('',#11433,1.);
#11433 = DIRECTION('',(-0.917917454308,0.396771404055,0.));
#11434 = ORIENTED_EDGE('',*,*,#11435,.T.);
#11435 = EDGE_CURVE('',#11428,#11436,#11438,.T.);
#11436 = VERTEX_POINT('',#11437);
#11437 = CARTESIAN_POINT('',(161.58721,-65.28877,-7.5E-02));
#11438 = LINE('',#11439,#11440);
#11439 = CARTESIAN_POINT('',(161.618888,-65.272931,-7.5E-02));
#11440 = VECTOR('',#11441,1.);
#11441 = DIRECTION('',(-0.894427191,-0.4472135955,0.));
#11442 = ORIENTED_EDGE('',*,*,#11443,.T.);
#11443 = EDGE_CURVE('',#11436,#11444,#11446,.T.);
#11444 = VERTEX_POINT('',#11445);
#11445 = CARTESIAN_POINT('',(161.571371,-65.320449,-7.5E-02));
#11446 = LINE('',#11447,#11448);
#11447 = CARTESIAN_POINT('',(161.58721,-65.28877,-7.5E-02));
#11448 = VECTOR('',#11449,1.);
#11449 = DIRECTION('',(-0.447202301764,-0.894432837779,0.));
#11450 = ORIENTED_EDGE('',*,*,#11451,.T.);
#11451 = EDGE_CURVE('',#11444,#11452,#11454,.T.);
#11452 = VERTEX_POINT('',#11453);
#11453 = CARTESIAN_POINT('',(161.571371,-65.382556,-7.5E-02));
#11454 = LINE('',#11455,#11456);
#11455 = CARTESIAN_POINT('',(161.571371,-65.320449,-7.5E-02));
#11456 = VECTOR('',#11457,1.);
#11457 = DIRECTION('',(0.,-1.,0.));
#11458 = ORIENTED_EDGE('',*,*,#11459,.T.);
#11459 = EDGE_CURVE('',#11452,#11460,#11462,.T.);
#11460 = VERTEX_POINT('',#11461);
#11461 = CARTESIAN_POINT('',(161.599816,-65.447959,-7.5E-02));
#11462 = LINE('',#11463,#11464);
#11463 = CARTESIAN_POINT('',(161.571371,-65.382556,-7.5E-02));
#11464 = VECTOR('',#11465,1.);
#11465 = DIRECTION('',(0.398831211588,-0.917024353365,0.));
#11466 = ORIENTED_EDGE('',*,*,#11467,.T.);
#11467 = EDGE_CURVE('',#11460,#11468,#11470,.T.);
#11468 = VERTEX_POINT('',#11469);
#11469 = CARTESIAN_POINT('',(161.517182,-65.489276,-7.5E-02));
#11470 = CIRCLE('',#11471,4.999929484633E-02);
#11471 = AXIS2_PLACEMENT_3D('',#11472,#11473,#11474);
#11472 = CARTESIAN_POINT('',(161.54994258283,-65.45150466566,-7.5E-02));
#11473 = DIRECTION('',(0.,0.,-1.));
#11474 = DIRECTION('',(0.997482410955,7.091431333562E-02,0.));
#11475 = ORIENTED_EDGE('',*,*,#11476,.T.);
#11476 = EDGE_CURVE('',#11468,#11477,#11479,.T.);
#11477 = VERTEX_POINT('',#11478);
#11478 = CARTESIAN_POINT('',(161.476649,-65.41672,-7.5E-02));
#11479 = LINE('',#11480,#11481);
#11480 = CARTESIAN_POINT('',(161.517182,-65.489276,-7.5E-02));
#11481 = VECTOR('',#11482,1.);
#11482 = DIRECTION('',(-0.487702157158,0.873010083506,0.));
#11483 = ORIENTED_EDGE('',*,*,#11484,.T.);
#11484 = EDGE_CURVE('',#11477,#11485,#11487,.T.);
#11485 = VERTEX_POINT('',#11486);
#11486 = CARTESIAN_POINT('',(161.471371,-65.39436,-7.5E-02));
#11487 = LINE('',#11488,#11489);
#11488 = CARTESIAN_POINT('',(161.476649,-65.41672,-7.5E-02));
#11489 = VECTOR('',#11490,1.);
#11490 = DIRECTION('',(-0.229733131561,0.973253660801,0.));
#11491 = ORIENTED_EDGE('',*,*,#11492,.T.);
#11492 = EDGE_CURVE('',#11485,#11493,#11495,.T.);
#11493 = VERTEX_POINT('',#11494);
#11494 = CARTESIAN_POINT('',(161.473613,-65.297372,-7.5E-02));
#11495 = LINE('',#11496,#11497);
#11496 = CARTESIAN_POINT('',(161.471371,-65.39436,-7.5E-02));
#11497 = VECTOR('',#11498,1.);
#11498 = DIRECTION('',(2.311008805883E-02,0.999732926251,0.));
#11499 = ORIENTED_EDGE('',*,*,#11500,.T.);
#11500 = EDGE_CURVE('',#11493,#11501,#11503,.T.);
#11501 = VERTEX_POINT('',#11502);
#11502 = CARTESIAN_POINT('',(161.514991,-65.216552,-7.5E-02));
#11503 = LINE('',#11504,#11505);
#11504 = CARTESIAN_POINT('',(161.473613,-65.297372,-7.5E-02));
#11505 = VECTOR('',#11506,1.);
#11506 = DIRECTION('',(0.455722222275,0.890122045635,0.));
#11507 = ORIENTED_EDGE('',*,*,#11508,.T.);
#11508 = EDGE_CURVE('',#11501,#11509,#11511,.T.);
#11509 = VERTEX_POINT('',#11510);
#11510 = CARTESIAN_POINT('',(161.595812,-65.175173,-7.5E-02));
#11511 = LINE('',#11512,#11513);
#11512 = CARTESIAN_POINT('',(161.514991,-65.216552,-7.5E-02));
#11513 = VECTOR('',#11514,1.);
#11514 = DIRECTION('',(0.890119865335,0.455726480837,0.));
#11515 = ORIENTED_EDGE('',*,*,#11516,.T.);
#11516 = EDGE_CURVE('',#11509,#11517,#11519,.T.);
#11517 = VERTEX_POINT('',#11518);
#11518 = CARTESIAN_POINT('',(161.638113,-65.173419,-7.5E-02));
#11519 = LINE('',#11520,#11521);
#11520 = CARTESIAN_POINT('',(161.595812,-65.175173,-7.5E-02));
#11521 = VECTOR('',#11522,1.);
#11522 = DIRECTION('',(0.999141444579,4.14291410084E-02,0.));
#11523 = ORIENTED_EDGE('',*,*,#11524,.T.);
#11524 = EDGE_CURVE('',#11517,#11525,#11527,.T.);
#11525 = VERTEX_POINT('',#11526);
#11526 = CARTESIAN_POINT('',(161.658018,-65.17821,-7.5E-02));
#11527 = LINE('',#11528,#11529);
#11528 = CARTESIAN_POINT('',(161.638113,-65.173419,-7.5E-02));
#11529 = VECTOR('',#11530,1.);
#11530 = DIRECTION('',(0.972234133224,-0.234010235232,0.));
#11531 = ORIENTED_EDGE('',*,*,#11532,.T.);
#11532 = EDGE_CURVE('',#11525,#11533,#11535,.T.);
#11533 = VERTEX_POINT('',#11534);
#11534 = CARTESIAN_POINT('',(161.730573,-65.218743,-7.5E-02));
#11535 = LINE('',#11536,#11537);
#11536 = CARTESIAN_POINT('',(161.658018,-65.17821,-7.5E-02));
#11537 = VECTOR('',#11538,1.);
#11538 = DIRECTION('',(0.873007221556,-0.48770728015,0.));
#11539 = ORIENTED_EDGE('',*,*,#11540,.T.);
#11540 = EDGE_CURVE('',#11533,#11541,#11543,.T.);
#11541 = VERTEX_POINT('',#11542);
#11542 = CARTESIAN_POINT('',(161.769128,-65.297372,-7.5E-02));
#11543 = LINE('',#11544,#11545);
#11544 = CARTESIAN_POINT('',(161.730573,-65.218743,-7.5E-02));
#11545 = VECTOR('',#11546,1.);
#11546 = DIRECTION('',(0.440261918259,-0.89786939102,0.));
#11547 = ORIENTED_EDGE('',*,*,#11548,.T.);
#11548 = EDGE_CURVE('',#11541,#11549,#11551,.T.);
#11549 = VERTEX_POINT('',#11550);
#11550 = CARTESIAN_POINT('',(161.771371,-65.382556,-7.5E-02));
#11551 = LINE('',#11552,#11553);
#11552 = CARTESIAN_POINT('',(161.769128,-65.297372,-7.5E-02));
#11553 = VECTOR('',#11554,1.);
#11554 = DIRECTION('',(2.632211248632E-02,-0.999653513171,0.));
#11555 = ORIENTED_EDGE('',*,*,#11556,.T.);
#11556 = EDGE_CURVE('',#11549,#11557,#11559,.T.);
#11557 = VERTEX_POINT('',#11558);
#11558 = CARTESIAN_POINT('',(161.78721,-65.414235,-7.5E-02));
#11559 = LINE('',#11560,#11561);
#11560 = CARTESIAN_POINT('',(161.771371,-65.382556,-7.5E-02));
#11561 = VECTOR('',#11562,1.);
#11562 = DIRECTION('',(0.447202301764,-0.894432837779,0.));
#11563 = ORIENTED_EDGE('',*,*,#11564,.T.);
#11564 = EDGE_CURVE('',#11557,#11565,#11567,.T.);
#11565 = VERTEX_POINT('',#11566);
#11566 = CARTESIAN_POINT('',(161.823853,-65.430074,-7.5E-02));
#11567 = LINE('',#11568,#11569);
#11568 = CARTESIAN_POINT('',(161.78721,-65.414235,-7.5E-02));
#11569 = VECTOR('',#11570,1.);
#11570 = DIRECTION('',(0.917917454309,-0.396771404055,0.));
#11571 = ORIENTED_EDGE('',*,*,#11572,.T.);
#11572 = EDGE_CURVE('',#11565,#11573,#11575,.T.);
#11573 = VERTEX_POINT('',#11574);
#11574 = CARTESIAN_POINT('',(161.855532,-65.414234,-7.5E-02));
#11575 = LINE('',#11576,#11577);
#11576 = CARTESIAN_POINT('',(161.823853,-65.430074,-7.5E-02));
#11577 = VECTOR('',#11578,1.);
#11578 = DIRECTION('',(0.89442154415,0.447224889022,0.));
#11579 = ORIENTED_EDGE('',*,*,#11580,.T.);
#11580 = EDGE_CURVE('',#11573,#11581,#11583,.T.);
#11581 = VERTEX_POINT('',#11582);
#11582 = CARTESIAN_POINT('',(161.871371,-65.382557,-7.5E-02));
#11583 = LINE('',#11584,#11585);
#11584 = CARTESIAN_POINT('',(161.855532,-65.414234,-7.5E-02));
#11585 = VECTOR('',#11586,1.);
#11586 = DIRECTION('',(0.447224889735,0.894421543793,0.));
#11587 = ORIENTED_EDGE('',*,*,#11588,.T.);
#11588 = EDGE_CURVE('',#11581,#11589,#11591,.T.);
#11589 = VERTEX_POINT('',#11590);
#11590 = CARTESIAN_POINT('',(161.871371,-65.291877,-7.5E-02));
#11591 = LINE('',#11592,#11593);
#11592 = CARTESIAN_POINT('',(161.871371,-65.382557,-7.5E-02));
#11593 = VECTOR('',#11594,1.);
#11594 = DIRECTION('',(0.,1.,0.));
#11595 = ORIENTED_EDGE('',*,*,#11596,.T.);
#11596 = EDGE_CURVE('',#11589,#11352,#11597,.T.);
#11597 = LINE('',#11598,#11599);
#11598 = CARTESIAN_POINT('',(161.871371,-65.291877,-7.5E-02));
#11599 = VECTOR('',#11600,1.);
#11600 = DIRECTION('',(-0.398836339708,0.917022123031,0.));
#11601 = PLANE('',#11602);
#11602 = AXIS2_PLACEMENT_3D('',#11603,#11604,#11605);
#11603 = CARTESIAN_POINT('',(0.,0.,-7.5E-02));
#11604 = DIRECTION('',(-0.,-0.,-1.));
#11605 = DIRECTION('',(-1.,0.,0.));
#11606 = SHELL_BASED_SURFACE_MODEL('',(#11607));
#11607 = OPEN_SHELL('',(#11608));
#11608 = ADVANCED_FACE('',(#11609),#11711,.T.);
#11609 = FACE_BOUND('',#11610,.T.);
#11610 = EDGE_LOOP('',(#11611,#11621,#11630,#11638,#11646,#11655,#11663,
    #11671,#11680,#11688,#11696,#11705));
#11611 = ORIENTED_EDGE('',*,*,#11612,.T.);
#11612 = EDGE_CURVE('',#11613,#11615,#11617,.T.);
#11613 = VERTEX_POINT('',#11614);
#11614 = CARTESIAN_POINT('',(161.721371,-64.802201,-7.5E-02));
#11615 = VERTEX_POINT('',#11616);
#11616 = CARTESIAN_POINT('',(161.89048,-64.66933,-7.5E-02));
#11617 = LINE('',#11618,#11619);
#11618 = CARTESIAN_POINT('',(161.721371,-64.802201,-7.5E-02));
#11619 = VECTOR('',#11620,1.);
#11620 = DIRECTION('',(0.786319145565,0.617820525167,0.));
#11621 = ORIENTED_EDGE('',*,*,#11622,.T.);
#11622 = EDGE_CURVE('',#11615,#11623,#11625,.T.);
#11623 = VERTEX_POINT('',#11624);
#11624 = CARTESIAN_POINT('',(161.952262,-64.747962,-7.5E-02));
#11625 = CIRCLE('',#11626,5.000001737E-02);
#11626 = AXIS2_PLACEMENT_3D('',#11627,#11628,#11629);
#11627 = CARTESIAN_POINT('',(161.92137098716,-64.70864601008,-7.5E-02));
#11628 = DIRECTION('',(0.,0.,-1.));
#11629 = DIRECTION('',(-0.617819528677,0.786319928519,0.));
#11630 = ORIENTED_EDGE('',*,*,#11631,.T.);
#11631 = EDGE_CURVE('',#11623,#11632,#11634,.T.);
#11632 = VERTEX_POINT('',#11633);
#11633 = CARTESIAN_POINT('',(161.8023,-64.865789,-7.5E-02));
#11634 = LINE('',#11635,#11636);
#11635 = CARTESIAN_POINT('',(161.952262,-64.747962,-7.5E-02));
#11636 = VECTOR('',#11637,1.);
#11637 = DIRECTION('',(-0.78631906662,-0.617820625643,0.));
#11638 = ORIENTED_EDGE('',*,*,#11639,.T.);
#11639 = EDGE_CURVE('',#11632,#11640,#11642,.T.);
#11640 = VERTEX_POINT('',#11641);
#11641 = CARTESIAN_POINT('',(161.952262,-64.983616,-7.5E-02));
#11642 = LINE('',#11643,#11644);
#11643 = CARTESIAN_POINT('',(161.8023,-64.865789,-7.5E-02));
#11644 = VECTOR('',#11645,1.);
#11645 = DIRECTION('',(0.78631906662,-0.617820625643,0.));
#11646 = ORIENTED_EDGE('',*,*,#11647,.T.);
#11647 = EDGE_CURVE('',#11640,#11648,#11650,.T.);
#11648 = VERTEX_POINT('',#11649);
#11649 = CARTESIAN_POINT('',(161.89048,-65.062248,-7.5E-02));
#11650 = CIRCLE('',#11651,5.000001737087E-02);
#11651 = AXIS2_PLACEMENT_3D('',#11652,#11653,#11654);
#11652 = CARTESIAN_POINT('',(161.92137123255,-65.02293218272,-7.5E-02));
#11653 = DIRECTION('',(0.,0.,-1.));
#11654 = DIRECTION('',(0.617815134259,0.786323381237,0.));
#11655 = ORIENTED_EDGE('',*,*,#11656,.T.);
#11656 = EDGE_CURVE('',#11648,#11657,#11659,.T.);
#11657 = VERTEX_POINT('',#11658);
#11658 = CARTESIAN_POINT('',(161.721371,-64.929376,-7.5E-02));
#11659 = LINE('',#11660,#11661);
#11660 = CARTESIAN_POINT('',(161.89048,-65.062248,-7.5E-02));
#11661 = VECTOR('',#11662,1.);
#11662 = DIRECTION('',(-0.786316886686,0.617823400101,0.));
#11663 = ORIENTED_EDGE('',*,*,#11664,.T.);
#11664 = EDGE_CURVE('',#11657,#11665,#11667,.T.);
#11665 = VERTEX_POINT('',#11666);
#11666 = CARTESIAN_POINT('',(161.552262,-65.062248,-7.5E-02));
#11667 = LINE('',#11668,#11669);
#11668 = CARTESIAN_POINT('',(161.721371,-64.929376,-7.5E-02));
#11669 = VECTOR('',#11670,1.);
#11670 = DIRECTION('',(-0.786316886686,-0.617823400101,0.));
#11671 = ORIENTED_EDGE('',*,*,#11672,.T.);
#11672 = EDGE_CURVE('',#11665,#11673,#11675,.T.);
#11673 = VERTEX_POINT('',#11674);
#11674 = CARTESIAN_POINT('',(161.49048,-64.983616,-7.5E-02));
#11675 = CIRCLE('',#11676,5.000001737E-02);
#11676 = AXIS2_PLACEMENT_3D('',#11677,#11678,#11679);
#11677 = CARTESIAN_POINT('',(161.52137101283,-65.02293198991,-7.5E-02));
#11678 = DIRECTION('',(-0.,0.,-1.));
#11679 = DIRECTION('',(0.617819528677,-0.786319928519,-0.));
#11680 = ORIENTED_EDGE('',*,*,#11681,.T.);
#11681 = EDGE_CURVE('',#11673,#11682,#11684,.T.);
#11682 = VERTEX_POINT('',#11683);
#11683 = CARTESIAN_POINT('',(161.640441,-64.865789,-7.5E-02));
#11684 = LINE('',#11685,#11686);
#11685 = CARTESIAN_POINT('',(161.49048,-64.983616,-7.5E-02));
#11686 = VECTOR('',#11687,1.);
#11687 = DIRECTION('',(0.786317065169,0.617823172942,0.));
#11688 = ORIENTED_EDGE('',*,*,#11689,.T.);
#11689 = EDGE_CURVE('',#11682,#11690,#11692,.T.);
#11690 = VERTEX_POINT('',#11691);
#11691 = CARTESIAN_POINT('',(161.49048,-64.747962,-7.5E-02));
#11692 = LINE('',#11693,#11694);
#11693 = CARTESIAN_POINT('',(161.640441,-64.865789,-7.5E-02));
#11694 = VECTOR('',#11695,1.);
#11695 = DIRECTION('',(-0.786317065169,0.617823172942,0.));
#11696 = ORIENTED_EDGE('',*,*,#11697,.T.);
#11697 = EDGE_CURVE('',#11690,#11698,#11700,.T.);
#11698 = VERTEX_POINT('',#11699);
#11699 = CARTESIAN_POINT('',(161.552262,-64.66933,-7.5E-02));
#11700 = CIRCLE('',#11701,5.000001737087E-02);
#11701 = AXIS2_PLACEMENT_3D('',#11702,#11703,#11704);
#11702 = CARTESIAN_POINT('',(161.52137076744,-64.70864581727,-7.5E-02));
#11703 = DIRECTION('',(0.,0.,-1.));
#11704 = DIRECTION('',(-0.617815134259,-0.786323381237,-0.));
#11705 = ORIENTED_EDGE('',*,*,#11706,.T.);
#11706 = EDGE_CURVE('',#11698,#11613,#11707,.T.);
#11707 = LINE('',#11708,#11709);
#11708 = CARTESIAN_POINT('',(161.552262,-64.66933,-7.5E-02));
#11709 = VECTOR('',#11710,1.);
#11710 = DIRECTION('',(0.786319145565,-0.617820525167,0.));
#11711 = PLANE('',#11712);
#11712 = AXIS2_PLACEMENT_3D('',#11713,#11714,#11715);
#11713 = CARTESIAN_POINT('',(0.,0.,-7.5E-02));
#11714 = DIRECTION('',(-0.,-0.,-1.));
#11715 = DIRECTION('',(-1.,0.,0.));
#11716 = SHELL_BASED_SURFACE_MODEL('',(#11717));
#11717 = OPEN_SHELL('',(#11718));
#11718 = ADVANCED_FACE('',(#11719,#11836),#11919,.T.);
#11719 = FACE_BOUND('',#11720,.T.);
#11720 = EDGE_LOOP('',(#11721,#11731,#11739,#11747,#11756,#11764,#11772,
    #11780,#11788,#11797,#11805,#11814,#11822,#11830));
#11721 = ORIENTED_EDGE('',*,*,#11722,.T.);
#11722 = EDGE_CURVE('',#11723,#11725,#11727,.T.);
#11723 = VERTEX_POINT('',#11724);
#11724 = CARTESIAN_POINT('',(161.514587,-64.216147,-7.5E-02));
#11725 = VERTEX_POINT('',#11726);
#11726 = CARTESIAN_POINT('',(161.556153,-64.178211,-7.5E-02));
#11727 = LINE('',#11728,#11729);
#11728 = CARTESIAN_POINT('',(161.514587,-64.216147,-7.5E-02));
#11729 = VECTOR('',#11730,1.);
#11730 = DIRECTION('',(0.738623204322,0.674118507414,0.));
#11731 = ORIENTED_EDGE('',*,*,#11732,.T.);
#11732 = EDGE_CURVE('',#11725,#11733,#11735,.T.);
#11733 = VERTEX_POINT('',#11734);
#11734 = CARTESIAN_POINT('',(161.632112,-64.144486,-7.5E-02));
#11735 = LINE('',#11736,#11737);
#11736 = CARTESIAN_POINT('',(161.556153,-64.178211,-7.5E-02));
#11737 = VECTOR('',#11738,1.);
#11738 = DIRECTION('',(0.913965794536,0.405791235018,0.));
#11739 = ORIENTED_EDGE('',*,*,#11740,.T.);
#11740 = EDGE_CURVE('',#11733,#11741,#11743,.T.);
#11741 = VERTEX_POINT('',#11742);
#11742 = CARTESIAN_POINT('',(161.809541,-64.144848,-7.5E-02));
#11743 = LINE('',#11744,#11745);
#11744 = CARTESIAN_POINT('',(161.632112,-64.144486,-7.5E-02));
#11745 = VECTOR('',#11746,1.);
#11746 = DIRECTION('',(0.999997918691,-2.040248474385E-03,0.));
#11747 = ORIENTED_EDGE('',*,*,#11748,.T.);
#11748 = EDGE_CURVE('',#11741,#11749,#11751,.T.);
#11749 = VERTEX_POINT('',#11750);
#11750 = CARTESIAN_POINT('',(161.937522,-64.229143,-7.5E-02));
#11751 = CIRCLE('',#11752,0.197681076849);
#11752 = AXIS2_PLACEMENT_3D('',#11753,#11754,#11755);
#11753 = CARTESIAN_POINT('',(161.77329617071,-64.33917792691,-7.5E-02));
#11754 = DIRECTION('',(0.,0.,-1.));
#11755 = DIRECTION('',(0.183350019431,0.983047694863,0.));
#11756 = ORIENTED_EDGE('',*,*,#11757,.T.);
#11757 = EDGE_CURVE('',#11749,#11758,#11760,.T.);
#11758 = VERTEX_POINT('',#11759);
#11759 = CARTESIAN_POINT('',(161.971245,-64.305102,-7.5E-02));
#11760 = LINE('',#11761,#11762);
#11761 = CARTESIAN_POINT('',(161.937522,-64.229143,-7.5E-02));
#11762 = VECTOR('',#11763,1.);
#11763 = DIRECTION('',(0.405771132663,-0.913974719507,0.));
#11764 = ORIENTED_EDGE('',*,*,#11765,.T.);
#11765 = EDGE_CURVE('',#11758,#11766,#11768,.T.);
#11766 = VERTEX_POINT('',#11767);
#11767 = CARTESIAN_POINT('',(161.969128,-64.434205,-7.5E-02));
#11768 = LINE('',#11769,#11770);
#11769 = CARTESIAN_POINT('',(161.971245,-64.305102,-7.5E-02));
#11770 = VECTOR('',#11771,1.);
#11771 = DIRECTION('',(-1.63955558042E-02,-0.999865583841,0.));
#11772 = ORIENTED_EDGE('',*,*,#11773,.T.);
#11773 = EDGE_CURVE('',#11766,#11774,#11776,.T.);
#11774 = VERTEX_POINT('',#11775);
#11775 = CARTESIAN_POINT('',(161.961367,-64.454743,-7.5E-02));
#11776 = LINE('',#11777,#11778);
#11777 = CARTESIAN_POINT('',(161.969128,-64.434205,-7.5E-02));
#11778 = VECTOR('',#11779,1.);
#11779 = DIRECTION('',(-0.353488255469,-0.935438962865,0.));
#11780 = ORIENTED_EDGE('',*,*,#11781,.T.);
#11781 = EDGE_CURVE('',#11774,#11782,#11784,.T.);
#11782 = VERTEX_POINT('',#11783);
#11783 = CARTESIAN_POINT('',(161.967565,-64.460941,-7.5E-02));
#11784 = LINE('',#11785,#11786);
#11785 = CARTESIAN_POINT('',(161.961367,-64.454743,-7.5E-02));
#11786 = VECTOR('',#11787,1.);
#11787 = DIRECTION('',(0.707106781187,-0.707106781187,0.));
#11788 = ORIENTED_EDGE('',*,*,#11789,.T.);
#11789 = EDGE_CURVE('',#11782,#11790,#11792,.T.);
#11790 = VERTEX_POINT('',#11791);
#11791 = CARTESIAN_POINT('',(161.921371,-64.530075,-7.5E-02));
#11792 = CIRCLE('',#11793,5.000000000002E-02);
#11793 = AXIS2_PLACEMENT_3D('',#11794,#11795,#11796);
#11794 = CARTESIAN_POINT('',(161.92137095228,-64.480075,-7.5E-02));
#11795 = DIRECTION('',(0.,0.,-1.));
#11796 = DIRECTION('',(0.923880954236,0.38268,0.));
#11797 = ORIENTED_EDGE('',*,*,#11798,.T.);
#11798 = EDGE_CURVE('',#11790,#11799,#11801,.T.);
#11799 = VERTEX_POINT('',#11800);
#11800 = CARTESIAN_POINT('',(161.321371,-64.530075,-7.5E-02));
#11801 = LINE('',#11802,#11803);
#11802 = CARTESIAN_POINT('',(161.921371,-64.530075,-7.5E-02));
#11803 = VECTOR('',#11804,1.);
#11804 = DIRECTION('',(-1.,0.,0.));
#11805 = ORIENTED_EDGE('',*,*,#11806,.T.);
#11806 = EDGE_CURVE('',#11799,#11807,#11809,.T.);
#11807 = VERTEX_POINT('',#11808);
#11808 = CARTESIAN_POINT('',(161.321371,-64.430075,-7.5E-02));
#11809 = CIRCLE('',#11810,5.000000000002E-02);
#11810 = AXIS2_PLACEMENT_3D('',#11811,#11812,#11813);
#11811 = CARTESIAN_POINT('',(161.32137104771,-64.480075,-7.5E-02));
#11812 = DIRECTION('',(0.,0.,-1.));
#11813 = DIRECTION('',(-9.542367251921E-07,-1.,-0.));
#11814 = ORIENTED_EDGE('',*,*,#11815,.T.);
#11815 = EDGE_CURVE('',#11807,#11816,#11818,.T.);
#11816 = VERTEX_POINT('',#11817);
#11817 = CARTESIAN_POINT('',(161.472482,-64.430075,-7.5E-02));
#11818 = LINE('',#11819,#11820);
#11819 = CARTESIAN_POINT('',(161.321371,-64.430075,-7.5E-02));
#11820 = VECTOR('',#11821,1.);
#11821 = DIRECTION('',(1.,0.,0.));
#11822 = ORIENTED_EDGE('',*,*,#11823,.T.);
#11823 = EDGE_CURVE('',#11816,#11824,#11826,.T.);
#11824 = VERTEX_POINT('',#11825);
#11825 = CARTESIAN_POINT('',(161.473613,-64.297372,-7.5E-02));
#11826 = LINE('',#11827,#11828);
#11827 = CARTESIAN_POINT('',(161.472482,-64.430075,-7.5E-02));
#11828 = VECTOR('',#11829,1.);
#11829 = DIRECTION('',(8.522481974405E-03,0.999963682991,0.));
#11830 = ORIENTED_EDGE('',*,*,#11831,.T.);
#11831 = EDGE_CURVE('',#11824,#11723,#11832,.T.);
#11832 = LINE('',#11833,#11834);
#11833 = CARTESIAN_POINT('',(161.473613,-64.297372,-7.5E-02));
#11834 = VECTOR('',#11835,1.);
#11835 = DIRECTION('',(0.450389681844,0.892832086391,0.));
#11836 = FACE_BOUND('',#11837,.T.);
#11837 = EDGE_LOOP('',(#11838,#11849,#11857,#11865,#11873,#11881,#11889,
    #11897,#11905,#11913));
#11838 = ORIENTED_EDGE('',*,*,#11839,.T.);
#11839 = EDGE_CURVE('',#11840,#11842,#11844,.T.);
#11840 = VERTEX_POINT('',#11841);
#11841 = CARTESIAN_POINT('',(161.834609,-64.264024,-7.5E-02));
#11842 = VERTEX_POINT('',#11843);
#11843 = CARTESIAN_POINT('',(161.608132,-64.264024,-7.5E-02));
#11844 = CIRCLE('',#11845,0.210390770642);
#11845 = AXIS2_PLACEMENT_3D('',#11846,#11847,#11848);
#11846 = CARTESIAN_POINT('',(161.7213705,-64.441341,-7.5E-02));
#11847 = DIRECTION('',(0.,0.,1.));
#11848 = DIRECTION('',(0.538229408327,0.842798376845,-0.));
#11849 = ORIENTED_EDGE('',*,*,#11850,.T.);
#11850 = EDGE_CURVE('',#11842,#11851,#11853,.T.);
#11851 = VERTEX_POINT('',#11852);
#11852 = CARTESIAN_POINT('',(161.591034,-64.281121,-7.5E-02));
#11853 = LINE('',#11854,#11855);
#11854 = CARTESIAN_POINT('',(161.608132,-64.264024,-7.5E-02));
#11855 = VECTOR('',#11856,1.);
#11856 = DIRECTION('',(-0.707127459544,-0.707086102224,0.));
#11857 = ORIENTED_EDGE('',*,*,#11858,.T.);
#11858 = EDGE_CURVE('',#11851,#11859,#11861,.T.);
#11859 = VERTEX_POINT('',#11860);
#11860 = CARTESIAN_POINT('',(161.571371,-64.320449,-7.5E-02));
#11861 = LINE('',#11862,#11863);
#11862 = CARTESIAN_POINT('',(161.591034,-64.281121,-7.5E-02));
#11863 = VECTOR('',#11864,1.);
#11864 = DIRECTION('',(-0.447195401016,-0.894436288011,0.));
#11865 = ORIENTED_EDGE('',*,*,#11866,.T.);
#11866 = EDGE_CURVE('',#11859,#11867,#11869,.T.);
#11867 = VERTEX_POINT('',#11868);
#11868 = CARTESIAN_POINT('',(161.571371,-64.411128,-7.5E-02));
#11869 = LINE('',#11870,#11871);
#11870 = CARTESIAN_POINT('',(161.571371,-64.320449,-7.5E-02));
#11871 = VECTOR('',#11872,1.);
#11872 = DIRECTION('',(0.,-1.,0.));
#11873 = ORIENTED_EDGE('',*,*,#11874,.T.);
#11874 = EDGE_CURVE('',#11867,#11875,#11877,.T.);
#11875 = VERTEX_POINT('',#11876);
#11876 = CARTESIAN_POINT('',(161.580844,-64.430075,-7.5E-02));
#11877 = LINE('',#11878,#11879);
#11878 = CARTESIAN_POINT('',(161.571371,-64.411128,-7.5E-02));
#11879 = VECTOR('',#11880,1.);
#11880 = DIRECTION('',(0.447194712483,-0.894436632259,0.));
#11881 = ORIENTED_EDGE('',*,*,#11882,.T.);
#11882 = EDGE_CURVE('',#11875,#11883,#11885,.T.);
#11883 = VERTEX_POINT('',#11884);
#11884 = CARTESIAN_POINT('',(161.861898,-64.430075,-7.5E-02));
#11885 = LINE('',#11886,#11887);
#11886 = CARTESIAN_POINT('',(161.580844,-64.430075,-7.5E-02));
#11887 = VECTOR('',#11888,1.);
#11888 = DIRECTION('',(1.,0.,0.));
#11889 = ORIENTED_EDGE('',*,*,#11890,.T.);
#11890 = EDGE_CURVE('',#11883,#11891,#11893,.T.);
#11891 = VERTEX_POINT('',#11892);
#11892 = CARTESIAN_POINT('',(161.871371,-64.411129,-7.5E-02));
#11893 = LINE('',#11894,#11895);
#11894 = CARTESIAN_POINT('',(161.861898,-64.430075,-7.5E-02));
#11895 = VECTOR('',#11896,1.);
#11896 = DIRECTION('',(0.4472135955,0.894427191,0.));
#11897 = ORIENTED_EDGE('',*,*,#11898,.T.);
#11898 = EDGE_CURVE('',#11891,#11899,#11901,.T.);
#11899 = VERTEX_POINT('',#11900);
#11900 = CARTESIAN_POINT('',(161.871371,-64.320449,-7.5E-02));
#11901 = LINE('',#11902,#11903);
#11902 = CARTESIAN_POINT('',(161.871371,-64.411129,-7.5E-02));
#11903 = VECTOR('',#11904,1.);
#11904 = DIRECTION('',(0.,1.,0.));
#11905 = ORIENTED_EDGE('',*,*,#11906,.T.);
#11906 = EDGE_CURVE('',#11899,#11907,#11909,.T.);
#11907 = VERTEX_POINT('',#11908);
#11908 = CARTESIAN_POINT('',(161.851707,-64.281121,-7.5E-02));
#11909 = LINE('',#11910,#11911);
#11910 = CARTESIAN_POINT('',(161.871371,-64.320449,-7.5E-02));
#11911 = VECTOR('',#11912,1.);
#11912 = DIRECTION('',(-0.4472135955,0.894427191,0.));
#11913 = ORIENTED_EDGE('',*,*,#11914,.T.);
#11914 = EDGE_CURVE('',#11907,#11840,#11915,.T.);
#11915 = LINE('',#11916,#11917);
#11916 = CARTESIAN_POINT('',(161.851707,-64.281121,-7.5E-02));
#11917 = VECTOR('',#11918,1.);
#11918 = DIRECTION('',(-0.707127459544,0.707086102224,0.));
#11919 = PLANE('',#11920);
#11920 = AXIS2_PLACEMENT_3D('',#11921,#11922,#11923);
#11921 = CARTESIAN_POINT('',(0.,0.,-7.5E-02));
#11922 = DIRECTION('',(-0.,-0.,-1.));
#11923 = DIRECTION('',(-1.,0.,0.));
#11924 = SHELL_BASED_SURFACE_MODEL('',(#11925));
#11925 = OPEN_SHELL('',(#11926));
#11926 = ADVANCED_FACE('',(#11927),#12094,.T.);
#11927 = FACE_BOUND('',#11928,.T.);
#11928 = EDGE_LOOP('',(#11929,#11939,#11947,#11955,#11964,#11972,#11980,
    #11988,#11997,#12005,#12013,#12022,#12030,#12039,#12047,#12055,
    #12064,#12072,#12080,#12088));
#11929 = ORIENTED_EDGE('',*,*,#11930,.T.);
#11930 = EDGE_CURVE('',#11931,#11933,#11935,.T.);
#11931 = VERTEX_POINT('',#11932);
#11932 = CARTESIAN_POINT('',(161.514587,-63.701861,-7.5E-02));
#11933 = VERTEX_POINT('',#11934);
#11934 = CARTESIAN_POINT('',(161.556153,-63.663925,-7.5E-02));
#11935 = LINE('',#11936,#11937);
#11936 = CARTESIAN_POINT('',(161.514587,-63.701861,-7.5E-02));
#11937 = VECTOR('',#11938,1.);
#11938 = DIRECTION('',(0.738623204322,0.674118507414,0.));
#11939 = ORIENTED_EDGE('',*,*,#11940,.T.);
#11940 = EDGE_CURVE('',#11933,#11941,#11943,.T.);
#11941 = VERTEX_POINT('',#11942);
#11942 = CARTESIAN_POINT('',(161.632112,-63.6302,-7.5E-02));
#11943 = LINE('',#11944,#11945);
#11944 = CARTESIAN_POINT('',(161.556153,-63.663925,-7.5E-02));
#11945 = VECTOR('',#11946,1.);
#11946 = DIRECTION('',(0.913965794536,0.405791235018,0.));
#11947 = ORIENTED_EDGE('',*,*,#11948,.T.);
#11948 = EDGE_CURVE('',#11941,#11949,#11951,.T.);
#11949 = VERTEX_POINT('',#11950);
#11950 = CARTESIAN_POINT('',(161.809541,-63.630562,-7.5E-02));
#11951 = LINE('',#11952,#11953);
#11952 = CARTESIAN_POINT('',(161.632112,-63.6302,-7.5E-02));
#11953 = VECTOR('',#11954,1.);
#11954 = DIRECTION('',(0.999997918691,-2.040248474385E-03,0.));
#11955 = ORIENTED_EDGE('',*,*,#11956,.T.);
#11956 = EDGE_CURVE('',#11949,#11957,#11959,.T.);
#11957 = VERTEX_POINT('',#11958);
#11958 = CARTESIAN_POINT('',(161.937522,-63.714857,-7.5E-02));
#11959 = CIRCLE('',#11960,0.19768107685);
#11960 = AXIS2_PLACEMENT_3D('',#11961,#11962,#11963);
#11961 = CARTESIAN_POINT('',(161.77329617071,-63.82489192691,-7.5E-02));
#11962 = DIRECTION('',(0.,0.,-1.));
#11963 = DIRECTION('',(0.183350019431,0.983047694863,0.));
#11964 = ORIENTED_EDGE('',*,*,#11965,.T.);
#11965 = EDGE_CURVE('',#11957,#11966,#11968,.T.);
#11966 = VERTEX_POINT('',#11967);
#11967 = CARTESIAN_POINT('',(161.971245,-63.790816,-7.5E-02));
#11968 = LINE('',#11969,#11970);
#11969 = CARTESIAN_POINT('',(161.937522,-63.714857,-7.5E-02));
#11970 = VECTOR('',#11971,1.);
#11971 = DIRECTION('',(0.405771132663,-0.913974719507,0.));
#11972 = ORIENTED_EDGE('',*,*,#11973,.T.);
#11973 = EDGE_CURVE('',#11966,#11974,#11976,.T.);
#11974 = VERTEX_POINT('',#11975);
#11975 = CARTESIAN_POINT('',(161.969128,-63.919919,-7.5E-02));
#11976 = LINE('',#11977,#11978);
#11977 = CARTESIAN_POINT('',(161.971245,-63.790816,-7.5E-02));
#11978 = VECTOR('',#11979,1.);
#11979 = DIRECTION('',(-1.63955558042E-02,-0.999865583841,0.));
#11980 = ORIENTED_EDGE('',*,*,#11981,.T.);
#11981 = EDGE_CURVE('',#11974,#11982,#11984,.T.);
#11982 = VERTEX_POINT('',#11983);
#11983 = CARTESIAN_POINT('',(161.937522,-63.988149,-7.5E-02));
#11984 = LINE('',#11985,#11986);
#11985 = CARTESIAN_POINT('',(161.969128,-63.919919,-7.5E-02));
#11986 = VECTOR('',#11987,1.);
#11987 = DIRECTION('',(-0.420321090602,-0.907375435415,0.));
#11988 = ORIENTED_EDGE('',*,*,#11989,.T.);
#11989 = EDGE_CURVE('',#11982,#11990,#11992,.T.);
#11990 = VERTEX_POINT('',#11991);
#11991 = CARTESIAN_POINT('',(161.842926,-63.962245,-7.5E-02));
#11992 = CIRCLE('',#11993,5.000008949733E-02);
#11993 = AXIS2_PLACEMENT_3D('',#11994,#11995,#11996);
#11994 = CARTESIAN_POINT('',(161.89280035403,-63.96578869294,-7.5E-02));
#11995 = DIRECTION('',(-0.,0.,-1.));
#11996 = DIRECTION('',(0.894431318387,-0.447205340631,-0.));
#11997 = ORIENTED_EDGE('',*,*,#11998,.T.);
#11998 = EDGE_CURVE('',#11990,#11999,#12001,.T.);
#11999 = VERTEX_POINT('',#12000);
#12000 = CARTESIAN_POINT('',(161.871371,-63.896843,-7.5E-02));
#12001 = LINE('',#12002,#12003);
#12002 = CARTESIAN_POINT('',(161.842926,-63.962245,-7.5E-02));
#12003 = VECTOR('',#12004,1.);
#12004 = DIRECTION('',(0.398836339708,0.917022123031,0.));
#12005 = ORIENTED_EDGE('',*,*,#12006,.T.);
#12006 = EDGE_CURVE('',#11999,#12007,#12009,.T.);
#12007 = VERTEX_POINT('',#12008);
#12008 = CARTESIAN_POINT('',(161.871371,-63.806163,-7.5E-02));
#12009 = LINE('',#12010,#12011);
#12010 = CARTESIAN_POINT('',(161.871371,-63.896843,-7.5E-02));
#12011 = VECTOR('',#12012,1.);
#12012 = DIRECTION('',(0.,1.,0.));
#12013 = ORIENTED_EDGE('',*,*,#12014,.T.);
#12014 = EDGE_CURVE('',#12007,#12015,#12017,.T.);
#12015 = VERTEX_POINT('',#12016);
#12016 = CARTESIAN_POINT('',(161.795282,-63.730074,-7.5E-02));
#12017 = CIRCLE('',#12018,0.10647947861);
#12018 = AXIS2_PLACEMENT_3D('',#12019,#12020,#12021);
#12019 = CARTESIAN_POINT('',(161.768353,-63.833092,-7.5E-02));
#12020 = DIRECTION('',(0.,0.,1.));
#12021 = DIRECTION('',(0.967491589413,0.252903191785,-0.));
#12022 = ORIENTED_EDGE('',*,*,#12023,.T.);
#12023 = EDGE_CURVE('',#12015,#12024,#12026,.T.);
#12024 = VERTEX_POINT('',#12025);
#12025 = CARTESIAN_POINT('',(161.64746,-63.730074,-7.5E-02));
#12026 = LINE('',#12027,#12028);
#12027 = CARTESIAN_POINT('',(161.795282,-63.730074,-7.5E-02));
#12028 = VECTOR('',#12029,1.);
#12029 = DIRECTION('',(-1.,0.,0.));
#12030 = ORIENTED_EDGE('',*,*,#12031,.T.);
#12031 = EDGE_CURVE('',#12024,#12032,#12034,.T.);
#12032 = VERTEX_POINT('',#12033);
#12033 = CARTESIAN_POINT('',(161.571371,-63.806163,-7.5E-02));
#12034 = CIRCLE('',#12035,0.10647947861);
#12035 = AXIS2_PLACEMENT_3D('',#12036,#12037,#12038);
#12036 = CARTESIAN_POINT('',(161.674389,-63.833092,-7.5E-02));
#12037 = DIRECTION('',(0.,0.,1.));
#12038 = DIRECTION('',(-0.252903191785,0.967491589413,0.));
#12039 = ORIENTED_EDGE('',*,*,#12040,.T.);
#12040 = EDGE_CURVE('',#12032,#12041,#12043,.T.);
#12041 = VERTEX_POINT('',#12042);
#12042 = CARTESIAN_POINT('',(161.571371,-63.896842,-7.5E-02));
#12043 = LINE('',#12044,#12045);
#12044 = CARTESIAN_POINT('',(161.571371,-63.806163,-7.5E-02));
#12045 = VECTOR('',#12046,1.);
#12046 = DIRECTION('',(0.,-1.,0.));
#12047 = ORIENTED_EDGE('',*,*,#12048,.T.);
#12048 = EDGE_CURVE('',#12041,#12049,#12051,.T.);
#12049 = VERTEX_POINT('',#12050);
#12050 = CARTESIAN_POINT('',(161.599816,-63.962245,-7.5E-02));
#12051 = LINE('',#12052,#12053);
#12052 = CARTESIAN_POINT('',(161.571371,-63.896842,-7.5E-02));
#12053 = VECTOR('',#12054,1.);
#12054 = DIRECTION('',(0.398831211588,-0.917024353365,0.));
#12055 = ORIENTED_EDGE('',*,*,#12056,.T.);
#12056 = EDGE_CURVE('',#12049,#12057,#12059,.T.);
#12057 = VERTEX_POINT('',#12058);
#12058 = CARTESIAN_POINT('',(161.517182,-64.003562,-7.5E-02));
#12059 = CIRCLE('',#12060,4.999929484633E-02);
#12060 = AXIS2_PLACEMENT_3D('',#12061,#12062,#12063);
#12061 = CARTESIAN_POINT('',(161.54994258283,-63.96579066566,-7.5E-02));
#12062 = DIRECTION('',(0.,0.,-1.));
#12063 = DIRECTION('',(0.997482410955,7.091431333576E-02,0.));
#12064 = ORIENTED_EDGE('',*,*,#12065,.T.);
#12065 = EDGE_CURVE('',#12057,#12066,#12068,.T.);
#12066 = VERTEX_POINT('',#12067);
#12067 = CARTESIAN_POINT('',(161.476649,-63.931006,-7.5E-02));
#12068 = LINE('',#12069,#12070);
#12069 = CARTESIAN_POINT('',(161.517182,-64.003562,-7.5E-02));
#12070 = VECTOR('',#12071,1.);
#12071 = DIRECTION('',(-0.487702157158,0.873010083506,0.));
#12072 = ORIENTED_EDGE('',*,*,#12073,.T.);
#12073 = EDGE_CURVE('',#12066,#12074,#12076,.T.);
#12074 = VERTEX_POINT('',#12075);
#12075 = CARTESIAN_POINT('',(161.471371,-63.908646,-7.5E-02));
#12076 = LINE('',#12077,#12078);
#12077 = CARTESIAN_POINT('',(161.476649,-63.931006,-7.5E-02));
#12078 = VECTOR('',#12079,1.);
#12079 = DIRECTION('',(-0.229733131561,0.973253660801,0.));
#12080 = ORIENTED_EDGE('',*,*,#12081,.T.);
#12081 = EDGE_CURVE('',#12074,#12082,#12084,.T.);
#12082 = VERTEX_POINT('',#12083);
#12083 = CARTESIAN_POINT('',(161.473613,-63.783086,-7.5E-02));
#12084 = LINE('',#12085,#12086);
#12085 = CARTESIAN_POINT('',(161.471371,-63.908646,-7.5E-02));
#12086 = VECTOR('',#12087,1.);
#12087 = DIRECTION('',(1.785315920083E-02,0.999840619652,0.));
#12088 = ORIENTED_EDGE('',*,*,#12089,.T.);
#12089 = EDGE_CURVE('',#12082,#11931,#12090,.T.);
#12090 = LINE('',#12091,#12092);
#12091 = CARTESIAN_POINT('',(161.473613,-63.783086,-7.5E-02));
#12092 = VECTOR('',#12093,1.);
#12093 = DIRECTION('',(0.450389681844,0.892832086391,0.));
#12094 = PLANE('',#12095);
#12095 = AXIS2_PLACEMENT_3D('',#12096,#12097,#12098);
#12096 = CARTESIAN_POINT('',(0.,0.,-7.5E-02));
#12097 = DIRECTION('',(-0.,-0.,-1.));
#12098 = DIRECTION('',(-1.,0.,0.));
#12099 = ( GEOMETRIC_REPRESENTATION_CONTEXT(3) 
GLOBAL_UNCERTAINTY_ASSIGNED_CONTEXT((#12103)) 
GLOBAL_UNIT_ASSIGNED_CONTEXT((#12100,#12101,#12102)) 
REPRESENTATION_CONTEXT('Context #1',
  '3D Context with UNIT and UNCERTAINTY') );
#12100 = ( LENGTH_UNIT() NAMED_UNIT(*) SI_UNIT(.MILLI.,.METRE.) );
#12101 = ( NAMED_UNIT(*) PLANE_ANGLE_UNIT() SI_UNIT($,.RADIAN.) );
#12102 = ( NAMED_UNIT(*) SI_UNIT($,.STERADIAN.) SOLID_ANGLE_UNIT() );
#12103 = UNCERTAINTY_MEASURE_WITH_UNIT(LENGTH_MEASURE(1.E-07),#12100,
  'distance_accuracy_value','confusion accuracy');
#12104 = CONTEXT_DEPENDENT_SHAPE_REPRESENTATION(#12105,#12107);
#12105 = ( REPRESENTATION_RELATIONSHIP('','',#9829,#10) 
REPRESENTATION_RELATIONSHIP_WITH_TRANSFORMATION(#12106) 
SHAPE_REPRESENTATION_RELATIONSHIP() );
#12106 = ITEM_DEFINED_TRANSFORMATION('','',#11,#27);
#12107 = PRODUCT_DEFINITION_SHAPE('Placement','Placement of an item',
  #12108);
#12108 = NEXT_ASSEMBLY_USAGE_OCCURRENCE('4','=>[0:1:1:5]','',#5,#9824,$
  );
#12109 = PRODUCT_RELATED_PRODUCT_CATEGORY('part',$,(#9826));
#12110 = SHAPE_DEFINITION_REPRESENTATION(#12111,#12117);
#12111 = PRODUCT_DEFINITION_SHAPE('','',#12112);
#12112 = PRODUCT_DEFINITION('design','',#12113,#12116);
#12113 = PRODUCT_DEFINITION_FORMATION('','',#12114);
#12114 = PRODUCT('Cedexis - Audio Jack_PCB','Cedexis - Audio Jack_PCB',
  '',(#12115));
#12115 = PRODUCT_CONTEXT('',#2,'mechanical');
#12116 = PRODUCT_DEFINITION_CONTEXT('part definition',#2,'design');
#12117 = ADVANCED_BREP_SHAPE_REPRESENTATION('',(#11,#12118),#12805);
#12118 = MANIFOLD_SOLID_BREP('',#12119);
#12119 = CLOSED_SHELL('',(#12120,#12160,#12191,#12222,#12380,#12538,
    #12550,#12567,#12584,#12606,#12623,#12640,#12652,#12674,#12691,
    #12708,#12720,#12742,#12759,#12776,#12788));
#12120 = ADVANCED_FACE('',(#12121),#12155,.T.);
#12121 = FACE_BOUND('',#12122,.T.);
#12122 = EDGE_LOOP('',(#12123,#12133,#12141,#12149));
#12123 = ORIENTED_EDGE('',*,*,#12124,.T.);
#12124 = EDGE_CURVE('',#12125,#12127,#12129,.T.);
#12125 = VERTEX_POINT('',#12126);
#12126 = CARTESIAN_POINT('',(162.5,-71.75,0.));
#12127 = VERTEX_POINT('',#12128);
#12128 = CARTESIAN_POINT('',(162.5,-71.75,1.51));
#12129 = LINE('',#12130,#12131);
#12130 = CARTESIAN_POINT('',(162.5,-71.75,0.));
#12131 = VECTOR('',#12132,1.);
#12132 = DIRECTION('',(0.,0.,1.));
#12133 = ORIENTED_EDGE('',*,*,#12134,.T.);
#12134 = EDGE_CURVE('',#12127,#12135,#12137,.T.);
#12135 = VERTEX_POINT('',#12136);
#12136 = CARTESIAN_POINT('',(152.,-71.75,1.51));
#12137 = LINE('',#12138,#12139);
#12138 = CARTESIAN_POINT('',(162.5,-71.75,1.51));
#12139 = VECTOR('',#12140,1.);
#12140 = DIRECTION('',(-1.,0.,0.));
#12141 = ORIENTED_EDGE('',*,*,#12142,.F.);
#12142 = EDGE_CURVE('',#12143,#12135,#12145,.T.);
#12143 = VERTEX_POINT('',#12144);
#12144 = CARTESIAN_POINT('',(152.,-71.75,0.));
#12145 = LINE('',#12146,#12147);
#12146 = CARTESIAN_POINT('',(152.,-71.75,0.));
#12147 = VECTOR('',#12148,1.);
#12148 = DIRECTION('',(0.,0.,1.));
#12149 = ORIENTED_EDGE('',*,*,#12150,.F.);
#12150 = EDGE_CURVE('',#12125,#12143,#12151,.T.);
#12151 = LINE('',#12152,#12153);
#12152 = CARTESIAN_POINT('',(162.5,-71.75,0.));
#12153 = VECTOR('',#12154,1.);
#12154 = DIRECTION('',(-1.,0.,0.));
#12155 = PLANE('',#12156);
#12156 = AXIS2_PLACEMENT_3D('',#12157,#12158,#12159);
#12157 = CARTESIAN_POINT('',(162.5,-71.75,0.));
#12158 = DIRECTION('',(0.,-1.,0.));
#12159 = DIRECTION('',(-1.,0.,0.));
#12160 = ADVANCED_FACE('',(#12161),#12186,.T.);
#12161 = FACE_BOUND('',#12162,.T.);
#12162 = EDGE_LOOP('',(#12163,#12173,#12179,#12180));
#12163 = ORIENTED_EDGE('',*,*,#12164,.T.);
#12164 = EDGE_CURVE('',#12165,#12167,#12169,.T.);
#12165 = VERTEX_POINT('',#12166);
#12166 = CARTESIAN_POINT('',(162.5,-62.75,0.));
#12167 = VERTEX_POINT('',#12168);
#12168 = CARTESIAN_POINT('',(162.5,-62.75,1.51));
#12169 = LINE('',#12170,#12171);
#12170 = CARTESIAN_POINT('',(162.5,-62.75,0.));
#12171 = VECTOR('',#12172,1.);
#12172 = DIRECTION('',(0.,0.,1.));
#12173 = ORIENTED_EDGE('',*,*,#12174,.T.);
#12174 = EDGE_CURVE('',#12167,#12127,#12175,.T.);
#12175 = LINE('',#12176,#12177);
#12176 = CARTESIAN_POINT('',(162.5,-62.75,1.51));
#12177 = VECTOR('',#12178,1.);
#12178 = DIRECTION('',(0.,-1.,0.));
#12179 = ORIENTED_EDGE('',*,*,#12124,.F.);
#12180 = ORIENTED_EDGE('',*,*,#12181,.F.);
#12181 = EDGE_CURVE('',#12165,#12125,#12182,.T.);
#12182 = LINE('',#12183,#12184);
#12183 = CARTESIAN_POINT('',(162.5,-62.75,0.));
#12184 = VECTOR('',#12185,1.);
#12185 = DIRECTION('',(0.,-1.,0.));
#12186 = PLANE('',#12187);
#12187 = AXIS2_PLACEMENT_3D('',#12188,#12189,#12190);
#12188 = CARTESIAN_POINT('',(162.5,-62.75,0.));
#12189 = DIRECTION('',(1.,0.,-0.));
#12190 = DIRECTION('',(0.,-1.,0.));
#12191 = ADVANCED_FACE('',(#12192),#12217,.T.);
#12192 = FACE_BOUND('',#12193,.T.);
#12193 = EDGE_LOOP('',(#12194,#12195,#12203,#12211));
#12194 = ORIENTED_EDGE('',*,*,#12142,.T.);
#12195 = ORIENTED_EDGE('',*,*,#12196,.T.);
#12196 = EDGE_CURVE('',#12135,#12197,#12199,.T.);
#12197 = VERTEX_POINT('',#12198);
#12198 = CARTESIAN_POINT('',(152.,-62.75,1.51));
#12199 = LINE('',#12200,#12201);
#12200 = CARTESIAN_POINT('',(152.,-71.75,1.51));
#12201 = VECTOR('',#12202,1.);
#12202 = DIRECTION('',(0.,1.,0.));
#12203 = ORIENTED_EDGE('',*,*,#12204,.F.);
#12204 = EDGE_CURVE('',#12205,#12197,#12207,.T.);
#12205 = VERTEX_POINT('',#12206);
#12206 = CARTESIAN_POINT('',(152.,-62.75,0.));
#12207 = LINE('',#12208,#12209);
#12208 = CARTESIAN_POINT('',(152.,-62.75,0.));
#12209 = VECTOR('',#12210,1.);
#12210 = DIRECTION('',(0.,0.,1.));
#12211 = ORIENTED_EDGE('',*,*,#12212,.F.);
#12212 = EDGE_CURVE('',#12143,#12205,#12213,.T.);
#12213 = LINE('',#12214,#12215);
#12214 = CARTESIAN_POINT('',(152.,-71.75,0.));
#12215 = VECTOR('',#12216,1.);
#12216 = DIRECTION('',(0.,1.,0.));
#12217 = PLANE('',#12218);
#12218 = AXIS2_PLACEMENT_3D('',#12219,#12220,#12221);
#12219 = CARTESIAN_POINT('',(152.,-71.75,0.));
#12220 = DIRECTION('',(-1.,0.,0.));
#12221 = DIRECTION('',(0.,1.,0.));
#12222 = ADVANCED_FACE('',(#12223,#12234,#12245,#12256,#12292,#12328,
    #12364),#12375,.F.);
#12223 = FACE_BOUND('',#12224,.F.);
#12224 = EDGE_LOOP('',(#12225,#12226,#12227,#12233));
#12225 = ORIENTED_EDGE('',*,*,#12150,.F.);
#12226 = ORIENTED_EDGE('',*,*,#12181,.F.);
#12227 = ORIENTED_EDGE('',*,*,#12228,.F.);
#12228 = EDGE_CURVE('',#12205,#12165,#12229,.T.);
#12229 = LINE('',#12230,#12231);
#12230 = CARTESIAN_POINT('',(152.,-62.75,0.));
#12231 = VECTOR('',#12232,1.);
#12232 = DIRECTION('',(1.,0.,0.));
#12233 = ORIENTED_EDGE('',*,*,#12212,.F.);
#12234 = FACE_BOUND('',#12235,.F.);
#12235 = EDGE_LOOP('',(#12236));
#12236 = ORIENTED_EDGE('',*,*,#12237,.T.);
#12237 = EDGE_CURVE('',#12238,#12238,#12240,.T.);
#12238 = VERTEX_POINT('',#12239);
#12239 = CARTESIAN_POINT('',(155.00575,-68.8625,0.));
#12240 = CIRCLE('',#12241,0.6);
#12241 = AXIS2_PLACEMENT_3D('',#12242,#12243,#12244);
#12242 = CARTESIAN_POINT('',(155.00575,-68.2625,0.));
#12243 = DIRECTION('',(-0.,0.,-1.));
#12244 = DIRECTION('',(-0.,-1.,0.));
#12245 = FACE_BOUND('',#12246,.F.);
#12246 = EDGE_LOOP('',(#12247));
#12247 = ORIENTED_EDGE('',*,*,#12248,.T.);
#12248 = EDGE_CURVE('',#12249,#12249,#12251,.T.);
#12249 = VERTEX_POINT('',#12250);
#12250 = CARTESIAN_POINT('',(159.5,-69.5,0.));
#12251 = CIRCLE('',#12252,0.5);
#12252 = AXIS2_PLACEMENT_3D('',#12253,#12254,#12255);
#12253 = CARTESIAN_POINT('',(159.5,-69.,0.));
#12254 = DIRECTION('',(-0.,0.,-1.));
#12255 = DIRECTION('',(-0.,-1.,0.));
#12256 = FACE_BOUND('',#12257,.F.);
#12257 = EDGE_LOOP('',(#12258,#12269,#12277,#12286));
#12258 = ORIENTED_EDGE('',*,*,#12259,.T.);
#12259 = EDGE_CURVE('',#12260,#12262,#12264,.T.);
#12260 = VERTEX_POINT('',#12261);
#12261 = CARTESIAN_POINT('',(153.45575,-66.2625,0.));
#12262 = VERTEX_POINT('',#12263);
#12263 = CARTESIAN_POINT('',(152.95575,-66.2625,0.));
#12264 = CIRCLE('',#12265,0.25);
#12265 = AXIS2_PLACEMENT_3D('',#12266,#12267,#12268);
#12266 = CARTESIAN_POINT('',(153.20575,-66.2625,0.));
#12267 = DIRECTION('',(-0.,0.,-1.));
#12268 = DIRECTION('',(-1.,0.,0.));
#12269 = ORIENTED_EDGE('',*,*,#12270,.T.);
#12270 = EDGE_CURVE('',#12262,#12271,#12273,.T.);
#12271 = VERTEX_POINT('',#12272);
#12272 = CARTESIAN_POINT('',(152.95575,-65.2625,0.));
#12273 = LINE('',#12274,#12275);
#12274 = CARTESIAN_POINT('',(152.95575,-32.63125,0.));
#12275 = VECTOR('',#12276,1.);
#12276 = DIRECTION('',(-0.,1.,0.));
#12277 = ORIENTED_EDGE('',*,*,#12278,.T.);
#12278 = EDGE_CURVE('',#12271,#12279,#12281,.T.);
#12279 = VERTEX_POINT('',#12280);
#12280 = CARTESIAN_POINT('',(153.45575,-65.2625,0.));
#12281 = CIRCLE('',#12282,0.25);
#12282 = AXIS2_PLACEMENT_3D('',#12283,#12284,#12285);
#12283 = CARTESIAN_POINT('',(153.20575,-65.2625,0.));
#12284 = DIRECTION('',(0.,-0.,-1.));
#12285 = DIRECTION('',(1.,0.,-0.));
#12286 = ORIENTED_EDGE('',*,*,#12287,.T.);
#12287 = EDGE_CURVE('',#12279,#12260,#12288,.T.);
#12288 = LINE('',#12289,#12290);
#12289 = CARTESIAN_POINT('',(153.45575,-33.13125,0.));
#12290 = VECTOR('',#12291,1.);
#12291 = DIRECTION('',(0.,-1.,0.));
#12292 = FACE_BOUND('',#12293,.F.);
#12293 = EDGE_LOOP('',(#12294,#12305,#12313,#12322));
#12294 = ORIENTED_EDGE('',*,*,#12295,.T.);
#12295 = EDGE_CURVE('',#12296,#12298,#12300,.T.);
#12296 = VERTEX_POINT('',#12297);
#12297 = CARTESIAN_POINT('',(155.50575,-63.4125,0.));
#12298 = VERTEX_POINT('',#12299);
#12299 = CARTESIAN_POINT('',(155.50575,-63.9125,0.));
#12300 = CIRCLE('',#12301,0.25);
#12301 = AXIS2_PLACEMENT_3D('',#12302,#12303,#12304);
#12302 = CARTESIAN_POINT('',(155.50575,-63.6625,0.));
#12303 = DIRECTION('',(-0.,0.,-1.));
#12304 = DIRECTION('',(-0.,-1.,0.));
#12305 = ORIENTED_EDGE('',*,*,#12306,.T.);
#12306 = EDGE_CURVE('',#12298,#12307,#12309,.T.);
#12307 = VERTEX_POINT('',#12308);
#12308 = CARTESIAN_POINT('',(154.50575,-63.9125,0.));
#12309 = LINE('',#12310,#12311);
#12310 = CARTESIAN_POINT('',(77.252875,-63.9125,0.));
#12311 = VECTOR('',#12312,1.);
#12312 = DIRECTION('',(-1.,0.,0.));
#12313 = ORIENTED_EDGE('',*,*,#12314,.T.);
#12314 = EDGE_CURVE('',#12307,#12315,#12317,.T.);
#12315 = VERTEX_POINT('',#12316);
#12316 = CARTESIAN_POINT('',(154.50575,-63.4125,0.));
#12317 = CIRCLE('',#12318,0.25);
#12318 = AXIS2_PLACEMENT_3D('',#12319,#12320,#12321);
#12319 = CARTESIAN_POINT('',(154.50575,-63.6625,0.));
#12320 = DIRECTION('',(-0.,0.,-1.));
#12321 = DIRECTION('',(0.,1.,0.));
#12322 = ORIENTED_EDGE('',*,*,#12323,.T.);
#12323 = EDGE_CURVE('',#12315,#12296,#12324,.T.);
#12324 = LINE('',#12325,#12326);
#12325 = CARTESIAN_POINT('',(77.752875,-63.4125,0.));
#12326 = VECTOR('',#12327,1.);
#12327 = DIRECTION('',(1.,0.,-0.));
#12328 = FACE_BOUND('',#12329,.F.);
#12329 = EDGE_LOOP('',(#12330,#12341,#12349,#12358));
#12330 = ORIENTED_EDGE('',*,*,#12331,.T.);
#12331 = EDGE_CURVE('',#12332,#12334,#12336,.T.);
#12332 = VERTEX_POINT('',#12333);
#12333 = CARTESIAN_POINT('',(157.05575,-66.2625,0.));
#12334 = VERTEX_POINT('',#12335);
#12335 = CARTESIAN_POINT('',(156.55575,-66.2625,0.));
#12336 = CIRCLE('',#12337,0.25);
#12337 = AXIS2_PLACEMENT_3D('',#12338,#12339,#12340);
#12338 = CARTESIAN_POINT('',(156.80575,-66.2625,0.));
#12339 = DIRECTION('',(-0.,0.,-1.));
#12340 = DIRECTION('',(-1.,0.,0.));
#12341 = ORIENTED_EDGE('',*,*,#12342,.T.);
#12342 = EDGE_CURVE('',#12334,#12343,#12345,.T.);
#12343 = VERTEX_POINT('',#12344);
#12344 = CARTESIAN_POINT('',(156.55575,-65.2625,0.));
#12345 = LINE('',#12346,#12347);
#12346 = CARTESIAN_POINT('',(156.55575,-32.63125,0.));
#12347 = VECTOR('',#12348,1.);
#12348 = DIRECTION('',(-0.,1.,0.));
#12349 = ORIENTED_EDGE('',*,*,#12350,.T.);
#12350 = EDGE_CURVE('',#12343,#12351,#12353,.T.);
#12351 = VERTEX_POINT('',#12352);
#12352 = CARTESIAN_POINT('',(157.05575,-65.2625,0.));
#12353 = CIRCLE('',#12354,0.25);
#12354 = AXIS2_PLACEMENT_3D('',#12355,#12356,#12357);
#12355 = CARTESIAN_POINT('',(156.80575,-65.2625,0.));
#12356 = DIRECTION('',(0.,-0.,-1.));
#12357 = DIRECTION('',(1.,0.,-0.));
#12358 = ORIENTED_EDGE('',*,*,#12359,.T.);
#12359 = EDGE_CURVE('',#12351,#12332,#12360,.T.);
#12360 = LINE('',#12361,#12362);
#12361 = CARTESIAN_POINT('',(157.05575,-33.13125,0.));
#12362 = VECTOR('',#12363,1.);
#12363 = DIRECTION('',(0.,-1.,0.));
#12364 = FACE_BOUND('',#12365,.F.);
#12365 = EDGE_LOOP('',(#12366));
#12366 = ORIENTED_EDGE('',*,*,#12367,.T.);
#12367 = EDGE_CURVE('',#12368,#12368,#12370,.T.);
#12368 = VERTEX_POINT('',#12369);
#12369 = CARTESIAN_POINT('',(159.5,-65.5,0.));
#12370 = CIRCLE('',#12371,0.5);
#12371 = AXIS2_PLACEMENT_3D('',#12372,#12373,#12374);
#12372 = CARTESIAN_POINT('',(159.5,-65.,0.));
#12373 = DIRECTION('',(-0.,0.,-1.));
#12374 = DIRECTION('',(-0.,-1.,0.));
#12375 = PLANE('',#12376);
#12376 = AXIS2_PLACEMENT_3D('',#12377,#12378,#12379);
#12377 = CARTESIAN_POINT('',(0.,0.,0.));
#12378 = DIRECTION('',(0.,0.,1.));
#12379 = DIRECTION('',(1.,0.,-0.));
#12380 = ADVANCED_FACE('',(#12381,#12392,#12403,#12414,#12450,#12486,
    #12522),#12533,.T.);
#12381 = FACE_BOUND('',#12382,.T.);
#12382 = EDGE_LOOP('',(#12383,#12384,#12385,#12391));
#12383 = ORIENTED_EDGE('',*,*,#12134,.F.);
#12384 = ORIENTED_EDGE('',*,*,#12174,.F.);
#12385 = ORIENTED_EDGE('',*,*,#12386,.F.);
#12386 = EDGE_CURVE('',#12197,#12167,#12387,.T.);
#12387 = LINE('',#12388,#12389);
#12388 = CARTESIAN_POINT('',(152.,-62.75,1.51));
#12389 = VECTOR('',#12390,1.);
#12390 = DIRECTION('',(1.,0.,0.));
#12391 = ORIENTED_EDGE('',*,*,#12196,.F.);
#12392 = FACE_BOUND('',#12393,.T.);
#12393 = EDGE_LOOP('',(#12394));
#12394 = ORIENTED_EDGE('',*,*,#12395,.T.);
#12395 = EDGE_CURVE('',#12396,#12396,#12398,.T.);
#12396 = VERTEX_POINT('',#12397);
#12397 = CARTESIAN_POINT('',(155.00575,-68.8625,1.51));
#12398 = CIRCLE('',#12399,0.6);
#12399 = AXIS2_PLACEMENT_3D('',#12400,#12401,#12402);
#12400 = CARTESIAN_POINT('',(155.00575,-68.2625,1.51));
#12401 = DIRECTION('',(-0.,0.,-1.));
#12402 = DIRECTION('',(-0.,-1.,0.));
#12403 = FACE_BOUND('',#12404,.T.);
#12404 = EDGE_LOOP('',(#12405));
#12405 = ORIENTED_EDGE('',*,*,#12406,.T.);
#12406 = EDGE_CURVE('',#12407,#12407,#12409,.T.);
#12407 = VERTEX_POINT('',#12408);
#12408 = CARTESIAN_POINT('',(159.5,-69.5,1.51));
#12409 = CIRCLE('',#12410,0.5);
#12410 = AXIS2_PLACEMENT_3D('',#12411,#12412,#12413);
#12411 = CARTESIAN_POINT('',(159.5,-69.,1.51));
#12412 = DIRECTION('',(-0.,0.,-1.));
#12413 = DIRECTION('',(-0.,-1.,0.));
#12414 = FACE_BOUND('',#12415,.T.);
#12415 = EDGE_LOOP('',(#12416,#12427,#12435,#12444));
#12416 = ORIENTED_EDGE('',*,*,#12417,.T.);
#12417 = EDGE_CURVE('',#12418,#12420,#12422,.T.);
#12418 = VERTEX_POINT('',#12419);
#12419 = CARTESIAN_POINT('',(153.45575,-66.2625,1.51));
#12420 = VERTEX_POINT('',#12421);
#12421 = CARTESIAN_POINT('',(152.95575,-66.2625,1.51));
#12422 = CIRCLE('',#12423,0.25);
#12423 = AXIS2_PLACEMENT_3D('',#12424,#12425,#12426);
#12424 = CARTESIAN_POINT('',(153.20575,-66.2625,1.51));
#12425 = DIRECTION('',(-0.,0.,-1.));
#12426 = DIRECTION('',(-1.,0.,0.));
#12427 = ORIENTED_EDGE('',*,*,#12428,.T.);
#12428 = EDGE_CURVE('',#12420,#12429,#12431,.T.);
#12429 = VERTEX_POINT('',#12430);
#12430 = CARTESIAN_POINT('',(152.95575,-65.2625,1.51));
#12431 = LINE('',#12432,#12433);
#12432 = CARTESIAN_POINT('',(152.95575,-32.63125,1.51));
#12433 = VECTOR('',#12434,1.);
#12434 = DIRECTION('',(-0.,1.,0.));
#12435 = ORIENTED_EDGE('',*,*,#12436,.T.);
#12436 = EDGE_CURVE('',#12429,#12437,#12439,.T.);
#12437 = VERTEX_POINT('',#12438);
#12438 = CARTESIAN_POINT('',(153.45575,-65.2625,1.51));
#12439 = CIRCLE('',#12440,0.25);
#12440 = AXIS2_PLACEMENT_3D('',#12441,#12442,#12443);
#12441 = CARTESIAN_POINT('',(153.20575,-65.2625,1.51));
#12442 = DIRECTION('',(0.,-0.,-1.));
#12443 = DIRECTION('',(1.,0.,-0.));
#12444 = ORIENTED_EDGE('',*,*,#12445,.T.);
#12445 = EDGE_CURVE('',#12437,#12418,#12446,.T.);
#12446 = LINE('',#12447,#12448);
#12447 = CARTESIAN_POINT('',(153.45575,-33.13125,1.51));
#12448 = VECTOR('',#12449,1.);
#12449 = DIRECTION('',(0.,-1.,0.));
#12450 = FACE_BOUND('',#12451,.T.);
#12451 = EDGE_LOOP('',(#12452,#12463,#12471,#12480));
#12452 = ORIENTED_EDGE('',*,*,#12453,.T.);
#12453 = EDGE_CURVE('',#12454,#12456,#12458,.T.);
#12454 = VERTEX_POINT('',#12455);
#12455 = CARTESIAN_POINT('',(155.50575,-63.4125,1.51));
#12456 = VERTEX_POINT('',#12457);
#12457 = CARTESIAN_POINT('',(155.50575,-63.9125,1.51));
#12458 = CIRCLE('',#12459,0.25);
#12459 = AXIS2_PLACEMENT_3D('',#12460,#12461,#12462);
#12460 = CARTESIAN_POINT('',(155.50575,-63.6625,1.51));
#12461 = DIRECTION('',(-0.,0.,-1.));
#12462 = DIRECTION('',(-0.,-1.,0.));
#12463 = ORIENTED_EDGE('',*,*,#12464,.T.);
#12464 = EDGE_CURVE('',#12456,#12465,#12467,.T.);
#12465 = VERTEX_POINT('',#12466);
#12466 = CARTESIAN_POINT('',(154.50575,-63.9125,1.51));
#12467 = LINE('',#12468,#12469);
#12468 = CARTESIAN_POINT('',(77.252875,-63.9125,1.51));
#12469 = VECTOR('',#12470,1.);
#12470 = DIRECTION('',(-1.,0.,0.));
#12471 = ORIENTED_EDGE('',*,*,#12472,.T.);
#12472 = EDGE_CURVE('',#12465,#12473,#12475,.T.);
#12473 = VERTEX_POINT('',#12474);
#12474 = CARTESIAN_POINT('',(154.50575,-63.4125,1.51));
#12475 = CIRCLE('',#12476,0.25);
#12476 = AXIS2_PLACEMENT_3D('',#12477,#12478,#12479);
#12477 = CARTESIAN_POINT('',(154.50575,-63.6625,1.51));
#12478 = DIRECTION('',(-0.,0.,-1.));
#12479 = DIRECTION('',(0.,1.,0.));
#12480 = ORIENTED_EDGE('',*,*,#12481,.T.);
#12481 = EDGE_CURVE('',#12473,#12454,#12482,.T.);
#12482 = LINE('',#12483,#12484);
#12483 = CARTESIAN_POINT('',(77.752875,-63.4125,1.51));
#12484 = VECTOR('',#12485,1.);
#12485 = DIRECTION('',(1.,0.,-0.));
#12486 = FACE_BOUND('',#12487,.T.);
#12487 = EDGE_LOOP('',(#12488,#12499,#12507,#12516));
#12488 = ORIENTED_EDGE('',*,*,#12489,.T.);
#12489 = EDGE_CURVE('',#12490,#12492,#12494,.T.);
#12490 = VERTEX_POINT('',#12491);
#12491 = CARTESIAN_POINT('',(157.05575,-66.2625,1.51));
#12492 = VERTEX_POINT('',#12493);
#12493 = CARTESIAN_POINT('',(156.55575,-66.2625,1.51));
#12494 = CIRCLE('',#12495,0.25);
#12495 = AXIS2_PLACEMENT_3D('',#12496,#12497,#12498);
#12496 = CARTESIAN_POINT('',(156.80575,-66.2625,1.51));
#12497 = DIRECTION('',(-0.,0.,-1.));
#12498 = DIRECTION('',(-1.,0.,0.));
#12499 = ORIENTED_EDGE('',*,*,#12500,.T.);
#12500 = EDGE_CURVE('',#12492,#12501,#12503,.T.);
#12501 = VERTEX_POINT('',#12502);
#12502 = CARTESIAN_POINT('',(156.55575,-65.2625,1.51));
#12503 = LINE('',#12504,#12505);
#12504 = CARTESIAN_POINT('',(156.55575,-32.63125,1.51));
#12505 = VECTOR('',#12506,1.);
#12506 = DIRECTION('',(-0.,1.,0.));
#12507 = ORIENTED_EDGE('',*,*,#12508,.T.);
#12508 = EDGE_CURVE('',#12501,#12509,#12511,.T.);
#12509 = VERTEX_POINT('',#12510);
#12510 = CARTESIAN_POINT('',(157.05575,-65.2625,1.51));
#12511 = CIRCLE('',#12512,0.25);
#12512 = AXIS2_PLACEMENT_3D('',#12513,#12514,#12515);
#12513 = CARTESIAN_POINT('',(156.80575,-65.2625,1.51));
#12514 = DIRECTION('',(0.,-0.,-1.));
#12515 = DIRECTION('',(1.,0.,-0.));
#12516 = ORIENTED_EDGE('',*,*,#12517,.T.);
#12517 = EDGE_CURVE('',#12509,#12490,#12518,.T.);
#12518 = LINE('',#12519,#12520);
#12519 = CARTESIAN_POINT('',(157.05575,-33.13125,1.51));
#12520 = VECTOR('',#12521,1.);
#12521 = DIRECTION('',(0.,-1.,0.));
#12522 = FACE_BOUND('',#12523,.T.);
#12523 = EDGE_LOOP('',(#12524));
#12524 = ORIENTED_EDGE('',*,*,#12525,.T.);
#12525 = EDGE_CURVE('',#12526,#12526,#12528,.T.);
#12526 = VERTEX_POINT('',#12527);
#12527 = CARTESIAN_POINT('',(159.5,-65.5,1.51));
#12528 = CIRCLE('',#12529,0.5);
#12529 = AXIS2_PLACEMENT_3D('',#12530,#12531,#12532);
#12530 = CARTESIAN_POINT('',(159.5,-65.,1.51));
#12531 = DIRECTION('',(-0.,0.,-1.));
#12532 = DIRECTION('',(-0.,-1.,0.));
#12533 = PLANE('',#12534);
#12534 = AXIS2_PLACEMENT_3D('',#12535,#12536,#12537);
#12535 = CARTESIAN_POINT('',(0.,0.,1.51));
#12536 = DIRECTION('',(0.,0.,1.));
#12537 = DIRECTION('',(1.,0.,-0.));
#12538 = ADVANCED_FACE('',(#12539),#12545,.T.);
#12539 = FACE_BOUND('',#12540,.T.);
#12540 = EDGE_LOOP('',(#12541,#12542,#12543,#12544));
#12541 = ORIENTED_EDGE('',*,*,#12204,.T.);
#12542 = ORIENTED_EDGE('',*,*,#12386,.T.);
#12543 = ORIENTED_EDGE('',*,*,#12164,.F.);
#12544 = ORIENTED_EDGE('',*,*,#12228,.F.);
#12545 = PLANE('',#12546);
#12546 = AXIS2_PLACEMENT_3D('',#12547,#12548,#12549);
#12547 = CARTESIAN_POINT('',(152.,-62.75,0.));
#12548 = DIRECTION('',(0.,1.,0.));
#12549 = DIRECTION('',(1.,0.,0.));
#12550 = ADVANCED_FACE('',(#12551),#12562,.F.);
#12551 = FACE_BOUND('',#12552,.T.);
#12552 = EDGE_LOOP('',(#12553,#12554,#12560,#12561));
#12553 = ORIENTED_EDGE('',*,*,#12237,.T.);
#12554 = ORIENTED_EDGE('',*,*,#12555,.T.);
#12555 = EDGE_CURVE('',#12238,#12396,#12556,.T.);
#12556 = LINE('',#12557,#12558);
#12557 = CARTESIAN_POINT('',(155.00575,-68.8625,-4.6E-02));
#12558 = VECTOR('',#12559,1.);
#12559 = DIRECTION('',(0.,0.,1.));
#12560 = ORIENTED_EDGE('',*,*,#12395,.F.);
#12561 = ORIENTED_EDGE('',*,*,#12555,.F.);
#12562 = CYLINDRICAL_SURFACE('',#12563,0.6);
#12563 = AXIS2_PLACEMENT_3D('',#12564,#12565,#12566);
#12564 = CARTESIAN_POINT('',(155.00575,-68.2625,-4.6E-02));
#12565 = DIRECTION('',(-0.,-0.,-1.));
#12566 = DIRECTION('',(-0.,-1.,0.));
#12567 = ADVANCED_FACE('',(#12568),#12579,.F.);
#12568 = FACE_BOUND('',#12569,.T.);
#12569 = EDGE_LOOP('',(#12570,#12571,#12577,#12578));
#12570 = ORIENTED_EDGE('',*,*,#12248,.T.);
#12571 = ORIENTED_EDGE('',*,*,#12572,.T.);
#12572 = EDGE_CURVE('',#12249,#12407,#12573,.T.);
#12573 = LINE('',#12574,#12575);
#12574 = CARTESIAN_POINT('',(159.5,-69.5,-4.6E-02));
#12575 = VECTOR('',#12576,1.);
#12576 = DIRECTION('',(0.,0.,1.));
#12577 = ORIENTED_EDGE('',*,*,#12406,.F.);
#12578 = ORIENTED_EDGE('',*,*,#12572,.F.);
#12579 = CYLINDRICAL_SURFACE('',#12580,0.5);
#12580 = AXIS2_PLACEMENT_3D('',#12581,#12582,#12583);
#12581 = CARTESIAN_POINT('',(159.5,-69.,-4.6E-02));
#12582 = DIRECTION('',(-0.,-0.,-1.));
#12583 = DIRECTION('',(-0.,-1.,0.));
#12584 = ADVANCED_FACE('',(#12585),#12601,.F.);
#12585 = FACE_BOUND('',#12586,.T.);
#12586 = EDGE_LOOP('',(#12587,#12588,#12594,#12595));
#12587 = ORIENTED_EDGE('',*,*,#12259,.T.);
#12588 = ORIENTED_EDGE('',*,*,#12589,.T.);
#12589 = EDGE_CURVE('',#12262,#12420,#12590,.T.);
#12590 = LINE('',#12591,#12592);
#12591 = CARTESIAN_POINT('',(152.95575,-66.2625,-4.6E-02));
#12592 = VECTOR('',#12593,1.);
#12593 = DIRECTION('',(0.,0.,1.));
#12594 = ORIENTED_EDGE('',*,*,#12417,.F.);
#12595 = ORIENTED_EDGE('',*,*,#12596,.F.);
#12596 = EDGE_CURVE('',#12260,#12418,#12597,.T.);
#12597 = LINE('',#12598,#12599);
#12598 = CARTESIAN_POINT('',(153.45575,-66.2625,-4.6E-02));
#12599 = VECTOR('',#12600,1.);
#12600 = DIRECTION('',(0.,0.,1.));
#12601 = CYLINDRICAL_SURFACE('',#12602,0.25);
#12602 = AXIS2_PLACEMENT_3D('',#12603,#12604,#12605);
#12603 = CARTESIAN_POINT('',(153.20575,-66.2625,-4.6E-02));
#12604 = DIRECTION('',(-0.,-0.,-1.));
#12605 = DIRECTION('',(-1.,0.,-0.));
#12606 = ADVANCED_FACE('',(#12607),#12618,.T.);
#12607 = FACE_BOUND('',#12608,.T.);
#12608 = EDGE_LOOP('',(#12609,#12610,#12611,#12612));
#12609 = ORIENTED_EDGE('',*,*,#12287,.T.);
#12610 = ORIENTED_EDGE('',*,*,#12596,.T.);
#12611 = ORIENTED_EDGE('',*,*,#12445,.F.);
#12612 = ORIENTED_EDGE('',*,*,#12613,.F.);
#12613 = EDGE_CURVE('',#12279,#12437,#12614,.T.);
#12614 = LINE('',#12615,#12616);
#12615 = CARTESIAN_POINT('',(153.45575,-65.2625,-4.6E-02));
#12616 = VECTOR('',#12617,1.);
#12617 = DIRECTION('',(0.,0.,1.));
#12618 = PLANE('',#12619);
#12619 = AXIS2_PLACEMENT_3D('',#12620,#12621,#12622);
#12620 = CARTESIAN_POINT('',(153.45575,-66.2625,-4.6E-02));
#12621 = DIRECTION('',(-1.,0.,0.));
#12622 = DIRECTION('',(0.,1.,0.));
#12623 = ADVANCED_FACE('',(#12624),#12635,.F.);
#12624 = FACE_BOUND('',#12625,.T.);
#12625 = EDGE_LOOP('',(#12626,#12627,#12628,#12629));
#12626 = ORIENTED_EDGE('',*,*,#12278,.T.);
#12627 = ORIENTED_EDGE('',*,*,#12613,.T.);
#12628 = ORIENTED_EDGE('',*,*,#12436,.F.);
#12629 = ORIENTED_EDGE('',*,*,#12630,.F.);
#12630 = EDGE_CURVE('',#12271,#12429,#12631,.T.);
#12631 = LINE('',#12632,#12633);
#12632 = CARTESIAN_POINT('',(152.95575,-65.2625,-4.6E-02));
#12633 = VECTOR('',#12634,1.);
#12634 = DIRECTION('',(0.,0.,1.));
#12635 = CYLINDRICAL_SURFACE('',#12636,0.25);
#12636 = AXIS2_PLACEMENT_3D('',#12637,#12638,#12639);
#12637 = CARTESIAN_POINT('',(153.20575,-65.2625,-4.6E-02));
#12638 = DIRECTION('',(-0.,-0.,-1.));
#12639 = DIRECTION('',(1.,0.,-0.));
#12640 = ADVANCED_FACE('',(#12641),#12647,.T.);
#12641 = FACE_BOUND('',#12642,.T.);
#12642 = EDGE_LOOP('',(#12643,#12644,#12645,#12646));
#12643 = ORIENTED_EDGE('',*,*,#12270,.T.);
#12644 = ORIENTED_EDGE('',*,*,#12630,.T.);
#12645 = ORIENTED_EDGE('',*,*,#12428,.F.);
#12646 = ORIENTED_EDGE('',*,*,#12589,.F.);
#12647 = PLANE('',#12648);
#12648 = AXIS2_PLACEMENT_3D('',#12649,#12650,#12651);
#12649 = CARTESIAN_POINT('',(152.95575,-65.2625,-4.6E-02));
#12650 = DIRECTION('',(1.,0.,-0.));
#12651 = DIRECTION('',(0.,-1.,0.));
#12652 = ADVANCED_FACE('',(#12653),#12669,.F.);
#12653 = FACE_BOUND('',#12654,.T.);
#12654 = EDGE_LOOP('',(#12655,#12656,#12662,#12663));
#12655 = ORIENTED_EDGE('',*,*,#12295,.T.);
#12656 = ORIENTED_EDGE('',*,*,#12657,.T.);
#12657 = EDGE_CURVE('',#12298,#12456,#12658,.T.);
#12658 = LINE('',#12659,#12660);
#12659 = CARTESIAN_POINT('',(155.50575,-63.9125,-4.6E-02));
#12660 = VECTOR('',#12661,1.);
#12661 = DIRECTION('',(0.,0.,1.));
#12662 = ORIENTED_EDGE('',*,*,#12453,.F.);
#12663 = ORIENTED_EDGE('',*,*,#12664,.F.);
#12664 = EDGE_CURVE('',#12296,#12454,#12665,.T.);
#12665 = LINE('',#12666,#12667);
#12666 = CARTESIAN_POINT('',(155.50575,-63.4125,-4.6E-02));
#12667 = VECTOR('',#12668,1.);
#12668 = DIRECTION('',(0.,0.,1.));
#12669 = CYLINDRICAL_SURFACE('',#12670,0.25);
#12670 = AXIS2_PLACEMENT_3D('',#12671,#12672,#12673);
#12671 = CARTESIAN_POINT('',(155.50575,-63.6625,-4.6E-02));
#12672 = DIRECTION('',(-0.,-0.,-1.));
#12673 = DIRECTION('',(-0.,-1.,0.));
#12674 = ADVANCED_FACE('',(#12675),#12686,.T.);
#12675 = FACE_BOUND('',#12676,.T.);
#12676 = EDGE_LOOP('',(#12677,#12678,#12679,#12680));
#12677 = ORIENTED_EDGE('',*,*,#12323,.T.);
#12678 = ORIENTED_EDGE('',*,*,#12664,.T.);
#12679 = ORIENTED_EDGE('',*,*,#12481,.F.);
#12680 = ORIENTED_EDGE('',*,*,#12681,.F.);
#12681 = EDGE_CURVE('',#12315,#12473,#12682,.T.);
#12682 = LINE('',#12683,#12684);
#12683 = CARTESIAN_POINT('',(154.50575,-63.4125,-4.6E-02));
#12684 = VECTOR('',#12685,1.);
#12685 = DIRECTION('',(0.,0.,1.));
#12686 = PLANE('',#12687);
#12687 = AXIS2_PLACEMENT_3D('',#12688,#12689,#12690);
#12688 = CARTESIAN_POINT('',(155.50575,-63.4125,-4.6E-02));
#12689 = DIRECTION('',(0.,-1.,0.));
#12690 = DIRECTION('',(-1.,0.,0.));
#12691 = ADVANCED_FACE('',(#12692),#12703,.F.);
#12692 = FACE_BOUND('',#12693,.T.);
#12693 = EDGE_LOOP('',(#12694,#12695,#12696,#12697));
#12694 = ORIENTED_EDGE('',*,*,#12314,.T.);
#12695 = ORIENTED_EDGE('',*,*,#12681,.T.);
#12696 = ORIENTED_EDGE('',*,*,#12472,.F.);
#12697 = ORIENTED_EDGE('',*,*,#12698,.F.);
#12698 = EDGE_CURVE('',#12307,#12465,#12699,.T.);
#12699 = LINE('',#12700,#12701);
#12700 = CARTESIAN_POINT('',(154.50575,-63.9125,-4.6E-02));
#12701 = VECTOR('',#12702,1.);
#12702 = DIRECTION('',(0.,0.,1.));
#12703 = CYLINDRICAL_SURFACE('',#12704,0.25);
#12704 = AXIS2_PLACEMENT_3D('',#12705,#12706,#12707);
#12705 = CARTESIAN_POINT('',(154.50575,-63.6625,-4.6E-02));
#12706 = DIRECTION('',(-0.,0.,-1.));
#12707 = DIRECTION('',(0.,1.,0.));
#12708 = ADVANCED_FACE('',(#12709),#12715,.T.);
#12709 = FACE_BOUND('',#12710,.T.);
#12710 = EDGE_LOOP('',(#12711,#12712,#12713,#12714));
#12711 = ORIENTED_EDGE('',*,*,#12306,.T.);
#12712 = ORIENTED_EDGE('',*,*,#12698,.T.);
#12713 = ORIENTED_EDGE('',*,*,#12464,.F.);
#12714 = ORIENTED_EDGE('',*,*,#12657,.F.);
#12715 = PLANE('',#12716);
#12716 = AXIS2_PLACEMENT_3D('',#12717,#12718,#12719);
#12717 = CARTESIAN_POINT('',(154.50575,-63.9125,-4.6E-02));
#12718 = DIRECTION('',(0.,1.,0.));
#12719 = DIRECTION('',(1.,0.,0.));
#12720 = ADVANCED_FACE('',(#12721),#12737,.F.);
#12721 = FACE_BOUND('',#12722,.T.);
#12722 = EDGE_LOOP('',(#12723,#12724,#12730,#12731));
#12723 = ORIENTED_EDGE('',*,*,#12331,.T.);
#12724 = ORIENTED_EDGE('',*,*,#12725,.T.);
#12725 = EDGE_CURVE('',#12334,#12492,#12726,.T.);
#12726 = LINE('',#12727,#12728);
#12727 = CARTESIAN_POINT('',(156.55575,-66.2625,-4.6E-02));
#12728 = VECTOR('',#12729,1.);
#12729 = DIRECTION('',(0.,0.,1.));
#12730 = ORIENTED_EDGE('',*,*,#12489,.F.);
#12731 = ORIENTED_EDGE('',*,*,#12732,.F.);
#12732 = EDGE_CURVE('',#12332,#12490,#12733,.T.);
#12733 = LINE('',#12734,#12735);
#12734 = CARTESIAN_POINT('',(157.05575,-66.2625,-4.6E-02));
#12735 = VECTOR('',#12736,1.);
#12736 = DIRECTION('',(0.,0.,1.));
#12737 = CYLINDRICAL_SURFACE('',#12738,0.25);
#12738 = AXIS2_PLACEMENT_3D('',#12739,#12740,#12741);
#12739 = CARTESIAN_POINT('',(156.80575,-66.2625,-4.6E-02));
#12740 = DIRECTION('',(-0.,-0.,-1.));
#12741 = DIRECTION('',(-1.,0.,-0.));
#12742 = ADVANCED_FACE('',(#12743),#12754,.T.);
#12743 = FACE_BOUND('',#12744,.T.);
#12744 = EDGE_LOOP('',(#12745,#12746,#12747,#12748));
#12745 = ORIENTED_EDGE('',*,*,#12359,.T.);
#12746 = ORIENTED_EDGE('',*,*,#12732,.T.);
#12747 = ORIENTED_EDGE('',*,*,#12517,.F.);
#12748 = ORIENTED_EDGE('',*,*,#12749,.F.);
#12749 = EDGE_CURVE('',#12351,#12509,#12750,.T.);
#12750 = LINE('',#12751,#12752);
#12751 = CARTESIAN_POINT('',(157.05575,-65.2625,-4.6E-02));
#12752 = VECTOR('',#12753,1.);
#12753 = DIRECTION('',(0.,0.,1.));
#12754 = PLANE('',#12755);
#12755 = AXIS2_PLACEMENT_3D('',#12756,#12757,#12758);
#12756 = CARTESIAN_POINT('',(157.05575,-66.2625,-4.6E-02));
#12757 = DIRECTION('',(-1.,0.,0.));
#12758 = DIRECTION('',(0.,1.,0.));
#12759 = ADVANCED_FACE('',(#12760),#12771,.F.);
#12760 = FACE_BOUND('',#12761,.T.);
#12761 = EDGE_LOOP('',(#12762,#12763,#12764,#12765));
#12762 = ORIENTED_EDGE('',*,*,#12350,.T.);
#12763 = ORIENTED_EDGE('',*,*,#12749,.T.);
#12764 = ORIENTED_EDGE('',*,*,#12508,.F.);
#12765 = ORIENTED_EDGE('',*,*,#12766,.F.);
#12766 = EDGE_CURVE('',#12343,#12501,#12767,.T.);
#12767 = LINE('',#12768,#12769);
#12768 = CARTESIAN_POINT('',(156.55575,-65.2625,-4.6E-02));
#12769 = VECTOR('',#12770,1.);
#12770 = DIRECTION('',(0.,0.,1.));
#12771 = CYLINDRICAL_SURFACE('',#12772,0.25);
#12772 = AXIS2_PLACEMENT_3D('',#12773,#12774,#12775);
#12773 = CARTESIAN_POINT('',(156.80575,-65.2625,-4.6E-02));
#12774 = DIRECTION('',(-0.,-0.,-1.));
#12775 = DIRECTION('',(1.,0.,-0.));
#12776 = ADVANCED_FACE('',(#12777),#12783,.T.);
#12777 = FACE_BOUND('',#12778,.T.);
#12778 = EDGE_LOOP('',(#12779,#12780,#12781,#12782));
#12779 = ORIENTED_EDGE('',*,*,#12342,.T.);
#12780 = ORIENTED_EDGE('',*,*,#12766,.T.);
#12781 = ORIENTED_EDGE('',*,*,#12500,.F.);
#12782 = ORIENTED_EDGE('',*,*,#12725,.F.);
#12783 = PLANE('',#12784);
#12784 = AXIS2_PLACEMENT_3D('',#12785,#12786,#12787);
#12785 = CARTESIAN_POINT('',(156.55575,-65.2625,-4.6E-02));
#12786 = DIRECTION('',(1.,0.,-0.));
#12787 = DIRECTION('',(0.,-1.,0.));
#12788 = ADVANCED_FACE('',(#12789),#12800,.F.);
#12789 = FACE_BOUND('',#12790,.T.);
#12790 = EDGE_LOOP('',(#12791,#12792,#12798,#12799));
#12791 = ORIENTED_EDGE('',*,*,#12367,.T.);
#12792 = ORIENTED_EDGE('',*,*,#12793,.T.);
#12793 = EDGE_CURVE('',#12368,#12526,#12794,.T.);
#12794 = LINE('',#12795,#12796);
#12795 = CARTESIAN_POINT('',(159.5,-65.5,-4.6E-02));
#12796 = VECTOR('',#12797,1.);
#12797 = DIRECTION('',(0.,0.,1.));
#12798 = ORIENTED_EDGE('',*,*,#12525,.F.);
#12799 = ORIENTED_EDGE('',*,*,#12793,.F.);
#12800 = CYLINDRICAL_SURFACE('',#12801,0.5);
#12801 = AXIS2_PLACEMENT_3D('',#12802,#12803,#12804);
#12802 = CARTESIAN_POINT('',(159.5,-65.,-4.6E-02));
#12803 = DIRECTION('',(-0.,-0.,-1.));
#12804 = DIRECTION('',(-0.,-1.,0.));
#12805 = ( GEOMETRIC_REPRESENTATION_CONTEXT(3) 
GLOBAL_UNCERTAINTY_ASSIGNED_CONTEXT((#12809)) 
GLOBAL_UNIT_ASSIGNED_CONTEXT((#12806,#12807,#12808)) 
REPRESENTATION_CONTEXT('Context #1',
  '3D Context with UNIT and UNCERTAINTY') );
#12806 = ( LENGTH_UNIT() NAMED_UNIT(*) SI_UNIT(.MILLI.,.METRE.) );
#12807 = ( NAMED_UNIT(*) PLANE_ANGLE_UNIT() SI_UNIT($,.RADIAN.) );
#12808 = ( NAMED_UNIT(*) SI_UNIT($,.STERADIAN.) SOLID_ANGLE_UNIT() );
#12809 = UNCERTAINTY_MEASURE_WITH_UNIT(LENGTH_MEASURE(1.E-07),#12806,
  'distance_accuracy_value','confusion accuracy');
#12810 = CONTEXT_DEPENDENT_SHAPE_REPRESENTATION(#12811,#12813);
#12811 = ( REPRESENTATION_RELATIONSHIP('','',#12117,#10) 
REPRESENTATION_RELATIONSHIP_WITH_TRANSFORMATION(#12812) 
SHAPE_REPRESENTATION_RELATIONSHIP() );
#12812 = ITEM_DEFINED_TRANSFORMATION('','',#11,#31);
#12813 = PRODUCT_DEFINITION_SHAPE('Placement','Placement of an item',
  #12814);
#12814 = NEXT_ASSEMBLY_USAGE_OCCURRENCE('5','=>[0:1:1:6]','',#5,#12112,$
  );
#12815 = PRODUCT_RELATED_PRODUCT_CATEGORY('part',$,(#12114));
#12816 = MECHANICAL_DESIGN_GEOMETRIC_PRESENTATION_REPRESENTATION('',(
    #12817,#12827,#12836,#12845,#12854,#12863,#12872,#12881,#12890,
    #12899,#12908,#12917,#12926,#12935,#12944,#12953,#12962,#12971,
    #12980,#12989,#12998,#13007,#13016,#13025,#13034,#13043,#13052,
    #13061,#13070,#13079,#13088),#9811);
#12817 = STYLED_ITEM('color',(#12818),#4735);
#12818 = PRESENTATION_STYLE_ASSIGNMENT((#12819));
#12819 = SURFACE_STYLE_USAGE(.BOTH.,#12820);
#12820 = SURFACE_SIDE_STYLE('',(#12821,#12825));
#12821 = SURFACE_STYLE_FILL_AREA(#12822);
#12822 = FILL_AREA_STYLE('',(#12823));
#12823 = FILL_AREA_STYLE_COLOUR('',#12824);
#12824 = DRAUGHTING_PRE_DEFINED_COLOUR('white');
#12825 = SURFACE_STYLE_RENDERING_WITH_PROPERTIES(.NORMAL_SHADING.,#12824
  ,(#12826));
#12826 = SURFACE_STYLE_TRANSPARENT(0.100000023842);
#12827 = STYLED_ITEM('color',(#12828),#4786);
#12828 = PRESENTATION_STYLE_ASSIGNMENT((#12829));
#12829 = SURFACE_STYLE_USAGE(.BOTH.,#12830);
#12830 = SURFACE_SIDE_STYLE('',(#12831,#12834));
#12831 = SURFACE_STYLE_FILL_AREA(#12832);
#12832 = FILL_AREA_STYLE('',(#12833));
#12833 = FILL_AREA_STYLE_COLOUR('',#12824);
#12834 = SURFACE_STYLE_RENDERING_WITH_PROPERTIES(.NORMAL_SHADING.,#12824
  ,(#12835));
#12835 = SURFACE_STYLE_TRANSPARENT(0.100000023842);
#12836 = STYLED_ITEM('color',(#12837),#4837);
#12837 = PRESENTATION_STYLE_ASSIGNMENT((#12838));
#12838 = SURFACE_STYLE_USAGE(.BOTH.,#12839);
#12839 = SURFACE_SIDE_STYLE('',(#12840,#12843));
#12840 = SURFACE_STYLE_FILL_AREA(#12841);
#12841 = FILL_AREA_STYLE('',(#12842));
#12842 = FILL_AREA_STYLE_COLOUR('',#12824);
#12843 = SURFACE_STYLE_RENDERING_WITH_PROPERTIES(.NORMAL_SHADING.,#12824
  ,(#12844));
#12844 = SURFACE_STYLE_TRANSPARENT(0.100000023842);
#12845 = STYLED_ITEM('color',(#12846),#5019);
#12846 = PRESENTATION_STYLE_ASSIGNMENT((#12847));
#12847 = SURFACE_STYLE_USAGE(.BOTH.,#12848);
#12848 = SURFACE_SIDE_STYLE('',(#12849,#12852));
#12849 = SURFACE_STYLE_FILL_AREA(#12850);
#12850 = FILL_AREA_STYLE('',(#12851));
#12851 = FILL_AREA_STYLE_COLOUR('',#12824);
#12852 = SURFACE_STYLE_RENDERING_WITH_PROPERTIES(.NORMAL_SHADING.,#12824
  ,(#12853));
#12853 = SURFACE_STYLE_TRANSPARENT(0.100000023842);
#12854 = STYLED_ITEM('color',(#12855),#5321);
#12855 = PRESENTATION_STYLE_ASSIGNMENT((#12856));
#12856 = SURFACE_STYLE_USAGE(.BOTH.,#12857);
#12857 = SURFACE_SIDE_STYLE('',(#12858,#12861));
#12858 = SURFACE_STYLE_FILL_AREA(#12859);
#12859 = FILL_AREA_STYLE('',(#12860));
#12860 = FILL_AREA_STYLE_COLOUR('',#12824);
#12861 = SURFACE_STYLE_RENDERING_WITH_PROPERTIES(.NORMAL_SHADING.,#12824
  ,(#12862));
#12862 = SURFACE_STYLE_TRANSPARENT(0.100000023842);
#12863 = STYLED_ITEM('color',(#12864),#5536);
#12864 = PRESENTATION_STYLE_ASSIGNMENT((#12865));
#12865 = SURFACE_STYLE_USAGE(.BOTH.,#12866);
#12866 = SURFACE_SIDE_STYLE('',(#12867,#12870));
#12867 = SURFACE_STYLE_FILL_AREA(#12868);
#12868 = FILL_AREA_STYLE('',(#12869));
#12869 = FILL_AREA_STYLE_COLOUR('',#12824);
#12870 = SURFACE_STYLE_RENDERING_WITH_PROPERTIES(.NORMAL_SHADING.,#12824
  ,(#12871));
#12871 = SURFACE_STYLE_TRANSPARENT(0.100000023842);
#12872 = STYLED_ITEM('color',(#12873),#5697);
#12873 = PRESENTATION_STYLE_ASSIGNMENT((#12874));
#12874 = SURFACE_STYLE_USAGE(.BOTH.,#12875);
#12875 = SURFACE_SIDE_STYLE('',(#12876,#12879));
#12876 = SURFACE_STYLE_FILL_AREA(#12877);
#12877 = FILL_AREA_STYLE('',(#12878));
#12878 = FILL_AREA_STYLE_COLOUR('',#12824);
#12879 = SURFACE_STYLE_RENDERING_WITH_PROPERTIES(.NORMAL_SHADING.,#12824
  ,(#12880));
#12880 = SURFACE_STYLE_TRANSPARENT(0.100000023842);
#12881 = STYLED_ITEM('color',(#12882),#5839);
#12882 = PRESENTATION_STYLE_ASSIGNMENT((#12883));
#12883 = SURFACE_STYLE_USAGE(.BOTH.,#12884);
#12884 = SURFACE_SIDE_STYLE('',(#12885,#12888));
#12885 = SURFACE_STYLE_FILL_AREA(#12886);
#12886 = FILL_AREA_STYLE('',(#12887));
#12887 = FILL_AREA_STYLE_COLOUR('',#12824);
#12888 = SURFACE_STYLE_RENDERING_WITH_PROPERTIES(.NORMAL_SHADING.,#12824
  ,(#12889));
#12889 = SURFACE_STYLE_TRANSPARENT(0.100000023842);
#12890 = STYLED_ITEM('color',(#12891),#5933);
#12891 = PRESENTATION_STYLE_ASSIGNMENT((#12892));
#12892 = SURFACE_STYLE_USAGE(.BOTH.,#12893);
#12893 = SURFACE_SIDE_STYLE('',(#12894,#12897));
#12894 = SURFACE_STYLE_FILL_AREA(#12895);
#12895 = FILL_AREA_STYLE('',(#12896));
#12896 = FILL_AREA_STYLE_COLOUR('',#12824);
#12897 = SURFACE_STYLE_RENDERING_WITH_PROPERTIES(.NORMAL_SHADING.,#12824
  ,(#12898));
#12898 = SURFACE_STYLE_TRANSPARENT(0.100000023842);
#12899 = STYLED_ITEM('color',(#12900),#6118);
#12900 = PRESENTATION_STYLE_ASSIGNMENT((#12901));
#12901 = SURFACE_STYLE_USAGE(.BOTH.,#12902);
#12902 = SURFACE_SIDE_STYLE('',(#12903,#12906));
#12903 = SURFACE_STYLE_FILL_AREA(#12904);
#12904 = FILL_AREA_STYLE('',(#12905));
#12905 = FILL_AREA_STYLE_COLOUR('',#12824);
#12906 = SURFACE_STYLE_RENDERING_WITH_PROPERTIES(.NORMAL_SHADING.,#12824
  ,(#12907));
#12907 = SURFACE_STYLE_TRANSPARENT(0.100000023842);
#12908 = STYLED_ITEM('color',(#12909),#6244);
#12909 = PRESENTATION_STYLE_ASSIGNMENT((#12910));
#12910 = SURFACE_STYLE_USAGE(.BOTH.,#12911);
#12911 = SURFACE_SIDE_STYLE('',(#12912,#12915));
#12912 = SURFACE_STYLE_FILL_AREA(#12913);
#12913 = FILL_AREA_STYLE('',(#12914));
#12914 = FILL_AREA_STYLE_COLOUR('',#12824);
#12915 = SURFACE_STYLE_RENDERING_WITH_PROPERTIES(.NORMAL_SHADING.,#12824
  ,(#12916));
#12916 = SURFACE_STYLE_TRANSPARENT(0.100000023842);
#12917 = STYLED_ITEM('color',(#12918),#6356);
#12918 = PRESENTATION_STYLE_ASSIGNMENT((#12919));
#12919 = SURFACE_STYLE_USAGE(.BOTH.,#12920);
#12920 = SURFACE_SIDE_STYLE('',(#12921,#12924));
#12921 = SURFACE_STYLE_FILL_AREA(#12922);
#12922 = FILL_AREA_STYLE('',(#12923));
#12923 = FILL_AREA_STYLE_COLOUR('',#12824);
#12924 = SURFACE_STYLE_RENDERING_WITH_PROPERTIES(.NORMAL_SHADING.,#12824
  ,(#12925));
#12925 = SURFACE_STYLE_TRANSPARENT(0.100000023842);
#12926 = STYLED_ITEM('color',(#12927),#6601);
#12927 = PRESENTATION_STYLE_ASSIGNMENT((#12928));
#12928 = SURFACE_STYLE_USAGE(.BOTH.,#12929);
#12929 = SURFACE_SIDE_STYLE('',(#12930,#12933));
#12930 = SURFACE_STYLE_FILL_AREA(#12931);
#12931 = FILL_AREA_STYLE('',(#12932));
#12932 = FILL_AREA_STYLE_COLOUR('',#12824);
#12933 = SURFACE_STYLE_RENDERING_WITH_PROPERTIES(.NORMAL_SHADING.,#12824
  ,(#12934));
#12934 = SURFACE_STYLE_TRANSPARENT(0.100000023842);
#12935 = STYLED_ITEM('color',(#12936),#6653);
#12936 = PRESENTATION_STYLE_ASSIGNMENT((#12937));
#12937 = SURFACE_STYLE_USAGE(.BOTH.,#12938);
#12938 = SURFACE_SIDE_STYLE('',(#12939,#12942));
#12939 = SURFACE_STYLE_FILL_AREA(#12940);
#12940 = FILL_AREA_STYLE('',(#12941));
#12941 = FILL_AREA_STYLE_COLOUR('',#12824);
#12942 = SURFACE_STYLE_RENDERING_WITH_PROPERTIES(.NORMAL_SHADING.,#12824
  ,(#12943));
#12943 = SURFACE_STYLE_TRANSPARENT(0.100000023842);
#12944 = STYLED_ITEM('color',(#12945),#6738);
#12945 = PRESENTATION_STYLE_ASSIGNMENT((#12946));
#12946 = SURFACE_STYLE_USAGE(.BOTH.,#12947);
#12947 = SURFACE_SIDE_STYLE('',(#12948,#12951));
#12948 = SURFACE_STYLE_FILL_AREA(#12949);
#12949 = FILL_AREA_STYLE('',(#12950));
#12950 = FILL_AREA_STYLE_COLOUR('',#12824);
#12951 = SURFACE_STYLE_RENDERING_WITH_PROPERTIES(.NORMAL_SHADING.,#12824
  ,(#12952));
#12952 = SURFACE_STYLE_TRANSPARENT(0.100000023842);
#12953 = STYLED_ITEM('color',(#12954),#6872);
#12954 = PRESENTATION_STYLE_ASSIGNMENT((#12955));
#12955 = SURFACE_STYLE_USAGE(.BOTH.,#12956);
#12956 = SURFACE_SIDE_STYLE('',(#12957,#12960));
#12957 = SURFACE_STYLE_FILL_AREA(#12958);
#12958 = FILL_AREA_STYLE('',(#12959));
#12959 = FILL_AREA_STYLE_COLOUR('',#12824);
#12960 = SURFACE_STYLE_RENDERING_WITH_PROPERTIES(.NORMAL_SHADING.,#12824
  ,(#12961));
#12961 = SURFACE_STYLE_TRANSPARENT(0.100000023842);
#12962 = STYLED_ITEM('color',(#12963),#6963);
#12963 = PRESENTATION_STYLE_ASSIGNMENT((#12964));
#12964 = SURFACE_STYLE_USAGE(.BOTH.,#12965);
#12965 = SURFACE_SIDE_STYLE('',(#12966,#12969));
#12966 = SURFACE_STYLE_FILL_AREA(#12967);
#12967 = FILL_AREA_STYLE('',(#12968));
#12968 = FILL_AREA_STYLE_COLOUR('',#12824);
#12969 = SURFACE_STYLE_RENDERING_WITH_PROPERTIES(.NORMAL_SHADING.,#12824
  ,(#12970));
#12970 = SURFACE_STYLE_TRANSPARENT(0.100000023842);
#12971 = STYLED_ITEM('color',(#12972),#7138);
#12972 = PRESENTATION_STYLE_ASSIGNMENT((#12973));
#12973 = SURFACE_STYLE_USAGE(.BOTH.,#12974);
#12974 = SURFACE_SIDE_STYLE('',(#12975,#12978));
#12975 = SURFACE_STYLE_FILL_AREA(#12976);
#12976 = FILL_AREA_STYLE('',(#12977));
#12977 = FILL_AREA_STYLE_COLOUR('',#12824);
#12978 = SURFACE_STYLE_RENDERING_WITH_PROPERTIES(.NORMAL_SHADING.,#12824
  ,(#12979));
#12979 = SURFACE_STYLE_TRANSPARENT(0.100000023842);
#12980 = STYLED_ITEM('color',(#12981),#7440);
#12981 = PRESENTATION_STYLE_ASSIGNMENT((#12982));
#12982 = SURFACE_STYLE_USAGE(.BOTH.,#12983);
#12983 = SURFACE_SIDE_STYLE('',(#12984,#12987));
#12984 = SURFACE_STYLE_FILL_AREA(#12985);
#12985 = FILL_AREA_STYLE('',(#12986));
#12986 = FILL_AREA_STYLE_COLOUR('',#12824);
#12987 = SURFACE_STYLE_RENDERING_WITH_PROPERTIES(.NORMAL_SHADING.,#12824
  ,(#12988));
#12988 = SURFACE_STYLE_TRANSPARENT(0.100000023842);
#12989 = STYLED_ITEM('color',(#12990),#7601);
#12990 = PRESENTATION_STYLE_ASSIGNMENT((#12991));
#12991 = SURFACE_STYLE_USAGE(.BOTH.,#12992);
#12992 = SURFACE_SIDE_STYLE('',(#12993,#12996));
#12993 = SURFACE_STYLE_FILL_AREA(#12994);
#12994 = FILL_AREA_STYLE('',(#12995));
#12995 = FILL_AREA_STYLE_COLOUR('',#12824);
#12996 = SURFACE_STYLE_RENDERING_WITH_PROPERTIES(.NORMAL_SHADING.,#12824
  ,(#12997));
#12997 = SURFACE_STYLE_TRANSPARENT(0.100000023842);
#12998 = STYLED_ITEM('color',(#12999),#7860);
#12999 = PRESENTATION_STYLE_ASSIGNMENT((#13000));
#13000 = SURFACE_STYLE_USAGE(.BOTH.,#13001);
#13001 = SURFACE_SIDE_STYLE('',(#13002,#13005));
#13002 = SURFACE_STYLE_FILL_AREA(#13003);
#13003 = FILL_AREA_STYLE('',(#13004));
#13004 = FILL_AREA_STYLE_COLOUR('',#12824);
#13005 = SURFACE_STYLE_RENDERING_WITH_PROPERTIES(.NORMAL_SHADING.,#12824
  ,(#13006));
#13006 = SURFACE_STYLE_TRANSPARENT(0.100000023842);
#13007 = STYLED_ITEM('color',(#13008),#8052);
#13008 = PRESENTATION_STYLE_ASSIGNMENT((#13009));
#13009 = SURFACE_STYLE_USAGE(.BOTH.,#13010);
#13010 = SURFACE_SIDE_STYLE('',(#13011,#13014));
#13011 = SURFACE_STYLE_FILL_AREA(#13012);
#13012 = FILL_AREA_STYLE('',(#13013));
#13013 = FILL_AREA_STYLE_COLOUR('',#12824);
#13014 = SURFACE_STYLE_RENDERING_WITH_PROPERTIES(.NORMAL_SHADING.,#12824
  ,(#13015));
#13015 = SURFACE_STYLE_TRANSPARENT(0.100000023842);
#13016 = STYLED_ITEM('color',(#13017),#8587);
#13017 = PRESENTATION_STYLE_ASSIGNMENT((#13018));
#13018 = SURFACE_STYLE_USAGE(.BOTH.,#13019);
#13019 = SURFACE_SIDE_STYLE('',(#13020,#13023));
#13020 = SURFACE_STYLE_FILL_AREA(#13021);
#13021 = FILL_AREA_STYLE('',(#13022));
#13022 = FILL_AREA_STYLE_COLOUR('',#12824);
#13023 = SURFACE_STYLE_RENDERING_WITH_PROPERTIES(.NORMAL_SHADING.,#12824
  ,(#13024));
#13024 = SURFACE_STYLE_TRANSPARENT(0.100000023842);
#13025 = STYLED_ITEM('color',(#13026),#8639);
#13026 = PRESENTATION_STYLE_ASSIGNMENT((#13027));
#13027 = SURFACE_STYLE_USAGE(.BOTH.,#13028);
#13028 = SURFACE_SIDE_STYLE('',(#13029,#13032));
#13029 = SURFACE_STYLE_FILL_AREA(#13030);
#13030 = FILL_AREA_STYLE('',(#13031));
#13031 = FILL_AREA_STYLE_COLOUR('',#12824);
#13032 = SURFACE_STYLE_RENDERING_WITH_PROPERTIES(.NORMAL_SHADING.,#12824
  ,(#13033));
#13033 = SURFACE_STYLE_TRANSPARENT(0.100000023842);
#13034 = STYLED_ITEM('color',(#13035),#8751);
#13035 = PRESENTATION_STYLE_ASSIGNMENT((#13036));
#13036 = SURFACE_STYLE_USAGE(.BOTH.,#13037);
#13037 = SURFACE_SIDE_STYLE('',(#13038,#13041));
#13038 = SURFACE_STYLE_FILL_AREA(#13039);
#13039 = FILL_AREA_STYLE('',(#13040));
#13040 = FILL_AREA_STYLE_COLOUR('',#12824);
#13041 = SURFACE_STYLE_RENDERING_WITH_PROPERTIES(.NORMAL_SHADING.,#12824
  ,(#13042));
#13042 = SURFACE_STYLE_TRANSPARENT(0.100000023842);
#13043 = STYLED_ITEM('color',(#13044),#8918);
#13044 = PRESENTATION_STYLE_ASSIGNMENT((#13045));
#13045 = SURFACE_STYLE_USAGE(.BOTH.,#13046);
#13046 = SURFACE_SIDE_STYLE('',(#13047,#13050));
#13047 = SURFACE_STYLE_FILL_AREA(#13048);
#13048 = FILL_AREA_STYLE('',(#13049));
#13049 = FILL_AREA_STYLE_COLOUR('',#12824);
#13050 = SURFACE_STYLE_RENDERING_WITH_PROPERTIES(.NORMAL_SHADING.,#12824
  ,(#13051));
#13051 = SURFACE_STYLE_TRANSPARENT(0.100000023842);
#13052 = STYLED_ITEM('color',(#13053),#8992);
#13053 = PRESENTATION_STYLE_ASSIGNMENT((#13054));
#13054 = SURFACE_STYLE_USAGE(.BOTH.,#13055);
#13055 = SURFACE_SIDE_STYLE('',(#13056,#13059));
#13056 = SURFACE_STYLE_FILL_AREA(#13057);
#13057 = FILL_AREA_STYLE('',(#13058));
#13058 = FILL_AREA_STYLE_COLOUR('',#12824);
#13059 = SURFACE_STYLE_RENDERING_WITH_PROPERTIES(.NORMAL_SHADING.,#12824
  ,(#13060));
#13060 = SURFACE_STYLE_TRANSPARENT(0.100000023842);
#13061 = STYLED_ITEM('color',(#13062),#9249);
#13062 = PRESENTATION_STYLE_ASSIGNMENT((#13063));
#13063 = SURFACE_STYLE_USAGE(.BOTH.,#13064);
#13064 = SURFACE_SIDE_STYLE('',(#13065,#13068));
#13065 = SURFACE_STYLE_FILL_AREA(#13066);
#13066 = FILL_AREA_STYLE('',(#13067));
#13067 = FILL_AREA_STYLE_COLOUR('',#12824);
#13068 = SURFACE_STYLE_RENDERING_WITH_PROPERTIES(.NORMAL_SHADING.,#12824
  ,(#13069));
#13069 = SURFACE_STYLE_TRANSPARENT(0.100000023842);
#13070 = STYLED_ITEM('color',(#13071),#9416);
#13071 = PRESENTATION_STYLE_ASSIGNMENT((#13072));
#13072 = SURFACE_STYLE_USAGE(.BOTH.,#13073);
#13073 = SURFACE_SIDE_STYLE('',(#13074,#13077));
#13074 = SURFACE_STYLE_FILL_AREA(#13075);
#13075 = FILL_AREA_STYLE('',(#13076));
#13076 = FILL_AREA_STYLE_COLOUR('',#12824);
#13077 = SURFACE_STYLE_RENDERING_WITH_PROPERTIES(.NORMAL_SHADING.,#12824
  ,(#13078));
#13078 = SURFACE_STYLE_TRANSPARENT(0.100000023842);
#13079 = STYLED_ITEM('color',(#13080),#9485);
#13080 = PRESENTATION_STYLE_ASSIGNMENT((#13081));
#13081 = SURFACE_STYLE_USAGE(.BOTH.,#13082);
#13082 = SURFACE_SIDE_STYLE('',(#13083,#13086));
#13083 = SURFACE_STYLE_FILL_AREA(#13084);
#13084 = FILL_AREA_STYLE('',(#13085));
#13085 = FILL_AREA_STYLE_COLOUR('',#12824);
#13086 = SURFACE_STYLE_RENDERING_WITH_PROPERTIES(.NORMAL_SHADING.,#12824
  ,(#13087));
#13087 = SURFACE_STYLE_TRANSPARENT(0.100000023842);
#13088 = STYLED_ITEM('color',(#13089),#9554);
#13089 = PRESENTATION_STYLE_ASSIGNMENT((#13090));
#13090 = SURFACE_STYLE_USAGE(.BOTH.,#13091);
#13091 = SURFACE_SIDE_STYLE('',(#13092,#13095));
#13092 = SURFACE_STYLE_FILL_AREA(#13093);
#13093 = FILL_AREA_STYLE('',(#13094));
#13094 = FILL_AREA_STYLE_COLOUR('',#12824);
#13095 = SURFACE_STYLE_RENDERING_WITH_PROPERTIES(.NORMAL_SHADING.,#12824
  ,(#13096));
#13096 = SURFACE_STYLE_TRANSPARENT(0.100000023842);
#13097 = MECHANICAL_DESIGN_GEOMETRIC_PRESENTATION_REPRESENTATION('',(
    #13098,#13106,#13113),#1109);
#13098 = STYLED_ITEM('color',(#13099),#49);
#13099 = PRESENTATION_STYLE_ASSIGNMENT((#13100));
#13100 = SURFACE_STYLE_USAGE(.BOTH.,#13101);
#13101 = SURFACE_SIDE_STYLE('',(#13102));
#13102 = SURFACE_STYLE_FILL_AREA(#13103);
#13103 = FILL_AREA_STYLE('',(#13104));
#13104 = FILL_AREA_STYLE_COLOUR('',#13105);
#13105 = COLOUR_RGB('',0.854305825093,0.803630995277,0.);
#13106 = STYLED_ITEM('color',(#13107),#399);
#13107 = PRESENTATION_STYLE_ASSIGNMENT((#13108));
#13108 = SURFACE_STYLE_USAGE(.BOTH.,#13109);
#13109 = SURFACE_SIDE_STYLE('',(#13110));
#13110 = SURFACE_STYLE_FILL_AREA(#13111);
#13111 = FILL_AREA_STYLE('',(#13112));
#13112 = FILL_AREA_STYLE_COLOUR('',#13105);
#13113 = STYLED_ITEM('color',(#13114),#619);
#13114 = PRESENTATION_STYLE_ASSIGNMENT((#13115));
#13115 = SURFACE_STYLE_USAGE(.BOTH.,#13116);
#13116 = SURFACE_SIDE_STYLE('',(#13117));
#13117 = SURFACE_STYLE_FILL_AREA(#13118);
#13118 = FILL_AREA_STYLE('',(#13119));
#13119 = FILL_AREA_STYLE_COLOUR('',#13105);
#13120 = MECHANICAL_DESIGN_GEOMETRIC_PRESENTATION_REPRESENTATION('',(
    #13121,#13129,#13136,#13143,#13150,#13157,#13164,#13171,#13178,
    #13185,#13192,#13199,#13206,#13213,#13220),#4714);
#13121 = STYLED_ITEM('color',(#13122),#1128);
#13122 = PRESENTATION_STYLE_ASSIGNMENT((#13123));
#13123 = SURFACE_STYLE_USAGE(.BOTH.,#13124);
#13124 = SURFACE_SIDE_STYLE('',(#13125));
#13125 = SURFACE_STYLE_FILL_AREA(#13126);
#13126 = FILL_AREA_STYLE('',(#13127));
#13127 = FILL_AREA_STYLE_COLOUR('',#13128);
#13128 = COLOUR_RGB('',0.735356983052,0.735356983052,0.735356983052);
#13129 = STYLED_ITEM('color',(#13130),#1422);
#13130 = PRESENTATION_STYLE_ASSIGNMENT((#13131));
#13131 = SURFACE_STYLE_USAGE(.BOTH.,#13132);
#13132 = SURFACE_SIDE_STYLE('',(#13133));
#13133 = SURFACE_STYLE_FILL_AREA(#13134);
#13134 = FILL_AREA_STYLE('',(#13135));
#13135 = FILL_AREA_STYLE_COLOUR('',#13128);
#13136 = STYLED_ITEM('color',(#13137),#1716);
#13137 = PRESENTATION_STYLE_ASSIGNMENT((#13138));
#13138 = SURFACE_STYLE_USAGE(.BOTH.,#13139);
#13139 = SURFACE_SIDE_STYLE('',(#13140));
#13140 = SURFACE_STYLE_FILL_AREA(#13141);
#13141 = FILL_AREA_STYLE('',(#13142));
#13142 = FILL_AREA_STYLE_COLOUR('',#13128);
#13143 = STYLED_ITEM('color',(#13144),#2010);
#13144 = PRESENTATION_STYLE_ASSIGNMENT((#13145));
#13145 = SURFACE_STYLE_USAGE(.BOTH.,#13146);
#13146 = SURFACE_SIDE_STYLE('',(#13147));
#13147 = SURFACE_STYLE_FILL_AREA(#13148);
#13148 = FILL_AREA_STYLE('',(#13149));
#13149 = FILL_AREA_STYLE_COLOUR('',#13128);
#13150 = STYLED_ITEM('color',(#13151),#2199);
#13151 = PRESENTATION_STYLE_ASSIGNMENT((#13152));
#13152 = SURFACE_STYLE_USAGE(.BOTH.,#13153);
#13153 = SURFACE_SIDE_STYLE('',(#13154));
#13154 = SURFACE_STYLE_FILL_AREA(#13155);
#13155 = FILL_AREA_STYLE('',(#13156));
#13156 = FILL_AREA_STYLE_COLOUR('',#13128);
#13157 = STYLED_ITEM('color',(#13158),#2388);
#13158 = PRESENTATION_STYLE_ASSIGNMENT((#13159));
#13159 = SURFACE_STYLE_USAGE(.BOTH.,#13160);
#13160 = SURFACE_SIDE_STYLE('',(#13161));
#13161 = SURFACE_STYLE_FILL_AREA(#13162);
#13162 = FILL_AREA_STYLE('',(#13163));
#13163 = FILL_AREA_STYLE_COLOUR('',#13128);
#13164 = STYLED_ITEM('color',(#13165),#2480);
#13165 = PRESENTATION_STYLE_ASSIGNMENT((#13166));
#13166 = SURFACE_STYLE_USAGE(.BOTH.,#13167);
#13167 = SURFACE_SIDE_STYLE('',(#13168));
#13168 = SURFACE_STYLE_FILL_AREA(#13169);
#13169 = FILL_AREA_STYLE('',(#13170));
#13170 = FILL_AREA_STYLE_COLOUR('',#13128);
#13171 = STYLED_ITEM('color',(#13172),#2669);
#13172 = PRESENTATION_STYLE_ASSIGNMENT((#13173));
#13173 = SURFACE_STYLE_USAGE(.BOTH.,#13174);
#13174 = SURFACE_SIDE_STYLE('',(#13175));
#13175 = SURFACE_STYLE_FILL_AREA(#13176);
#13176 = FILL_AREA_STYLE('',(#13177));
#13177 = FILL_AREA_STYLE_COLOUR('',#13128);
#13178 = STYLED_ITEM('color',(#13179),#2858);
#13179 = PRESENTATION_STYLE_ASSIGNMENT((#13180));
#13180 = SURFACE_STYLE_USAGE(.BOTH.,#13181);
#13181 = SURFACE_SIDE_STYLE('',(#13182));
#13182 = SURFACE_STYLE_FILL_AREA(#13183);
#13183 = FILL_AREA_STYLE('',(#13184));
#13184 = FILL_AREA_STYLE_COLOUR('',#13128);
#13185 = STYLED_ITEM('color',(#13186),#2950);
#13186 = PRESENTATION_STYLE_ASSIGNMENT((#13187));
#13187 = SURFACE_STYLE_USAGE(.BOTH.,#13188);
#13188 = SURFACE_SIDE_STYLE('',(#13189));
#13189 = SURFACE_STYLE_FILL_AREA(#13190);
#13190 = FILL_AREA_STYLE('',(#13191));
#13191 = FILL_AREA_STYLE_COLOUR('',#13128);
#13192 = STYLED_ITEM('color',(#13193),#3244);
#13193 = PRESENTATION_STYLE_ASSIGNMENT((#13194));
#13194 = SURFACE_STYLE_USAGE(.BOTH.,#13195);
#13195 = SURFACE_SIDE_STYLE('',(#13196));
#13196 = SURFACE_STYLE_FILL_AREA(#13197);
#13197 = FILL_AREA_STYLE('',(#13198));
#13198 = FILL_AREA_STYLE_COLOUR('',#13128);
#13199 = STYLED_ITEM('color',(#13200),#3538);
#13200 = PRESENTATION_STYLE_ASSIGNMENT((#13201));
#13201 = SURFACE_STYLE_USAGE(.BOTH.,#13202);
#13202 = SURFACE_SIDE_STYLE('',(#13203));
#13203 = SURFACE_STYLE_FILL_AREA(#13204);
#13204 = FILL_AREA_STYLE('',(#13205));
#13205 = FILL_AREA_STYLE_COLOUR('',#13128);
#13206 = STYLED_ITEM('color',(#13207),#3832);
#13207 = PRESENTATION_STYLE_ASSIGNMENT((#13208));
#13208 = SURFACE_STYLE_USAGE(.BOTH.,#13209);
#13209 = SURFACE_SIDE_STYLE('',(#13210));
#13210 = SURFACE_STYLE_FILL_AREA(#13211);
#13211 = FILL_AREA_STYLE('',(#13212));
#13212 = FILL_AREA_STYLE_COLOUR('',#13128);
#13213 = STYLED_ITEM('color',(#13214),#4126);
#13214 = PRESENTATION_STYLE_ASSIGNMENT((#13215));
#13215 = SURFACE_STYLE_USAGE(.BOTH.,#13216);
#13216 = SURFACE_SIDE_STYLE('',(#13217));
#13217 = SURFACE_STYLE_FILL_AREA(#13218);
#13218 = FILL_AREA_STYLE('',(#13219));
#13219 = FILL_AREA_STYLE_COLOUR('',#13128);
#13220 = STYLED_ITEM('color',(#13221),#4420);
#13221 = PRESENTATION_STYLE_ASSIGNMENT((#13222));
#13222 = SURFACE_STYLE_USAGE(.BOTH.,#13223);
#13223 = SURFACE_SIDE_STYLE('',(#13224));
#13224 = SURFACE_STYLE_FILL_AREA(#13225);
#13225 = FILL_AREA_STYLE('',(#13226));
#13226 = FILL_AREA_STYLE_COLOUR('',#13128);
#13227 = MECHANICAL_DESIGN_GEOMETRIC_PRESENTATION_REPRESENTATION('',(
    #13228,#13237,#13246,#13255,#13264,#13273,#13282,#13291,#13300,
    #13309,#13318,#13327,#13336,#13345),#12099);
#13228 = STYLED_ITEM('color',(#13229),#9832);
#13229 = PRESENTATION_STYLE_ASSIGNMENT((#13230));
#13230 = SURFACE_STYLE_USAGE(.BOTH.,#13231);
#13231 = SURFACE_SIDE_STYLE('',(#13232,#13235));
#13232 = SURFACE_STYLE_FILL_AREA(#13233);
#13233 = FILL_AREA_STYLE('',(#13234));
#13234 = FILL_AREA_STYLE_COLOUR('',#12824);
#13235 = SURFACE_STYLE_RENDERING_WITH_PROPERTIES(.NORMAL_SHADING.,#12824
  ,(#13236));
#13236 = SURFACE_STYLE_TRANSPARENT(0.100000023842);
#13237 = STYLED_ITEM('color',(#13238),#10091);
#13238 = PRESENTATION_STYLE_ASSIGNMENT((#13239));
#13239 = SURFACE_STYLE_USAGE(.BOTH.,#13240);
#13240 = SURFACE_SIDE_STYLE('',(#13241,#13244));
#13241 = SURFACE_STYLE_FILL_AREA(#13242);
#13242 = FILL_AREA_STYLE('',(#13243));
#13243 = FILL_AREA_STYLE_COLOUR('',#12824);
#13244 = SURFACE_STYLE_RENDERING_WITH_PROPERTIES(.NORMAL_SHADING.,#12824
  ,(#13245));
#13245 = SURFACE_STYLE_TRANSPARENT(0.100000023842);
#13246 = STYLED_ITEM('color',(#13247),#10258);
#13247 = PRESENTATION_STYLE_ASSIGNMENT((#13248));
#13248 = SURFACE_STYLE_USAGE(.BOTH.,#13249);
#13249 = SURFACE_SIDE_STYLE('',(#13250,#13253));
#13250 = SURFACE_STYLE_FILL_AREA(#13251);
#13251 = FILL_AREA_STYLE('',(#13252));
#13252 = FILL_AREA_STYLE_COLOUR('',#12824);
#13253 = SURFACE_STYLE_RENDERING_WITH_PROPERTIES(.NORMAL_SHADING.,#12824
  ,(#13254));
#13254 = SURFACE_STYLE_TRANSPARENT(0.100000023842);
#13255 = STYLED_ITEM('color',(#13256),#10515);
#13256 = PRESENTATION_STYLE_ASSIGNMENT((#13257));
#13257 = SURFACE_STYLE_USAGE(.BOTH.,#13258);
#13258 = SURFACE_SIDE_STYLE('',(#13259,#13262));
#13259 = SURFACE_STYLE_FILL_AREA(#13260);
#13260 = FILL_AREA_STYLE('',(#13261));
#13261 = FILL_AREA_STYLE_COLOUR('',#12824);
#13262 = SURFACE_STYLE_RENDERING_WITH_PROPERTIES(.NORMAL_SHADING.,#12824
  ,(#13263));
#13263 = SURFACE_STYLE_TRANSPARENT(0.100000023842);
#13264 = STYLED_ITEM('color',(#13265),#10682);
#13265 = PRESENTATION_STYLE_ASSIGNMENT((#13266));
#13266 = SURFACE_STYLE_USAGE(.BOTH.,#13267);
#13267 = SURFACE_SIDE_STYLE('',(#13268,#13271));
#13268 = SURFACE_STYLE_FILL_AREA(#13269);
#13269 = FILL_AREA_STYLE('',(#13270));
#13270 = FILL_AREA_STYLE_COLOUR('',#12824);
#13271 = SURFACE_STYLE_RENDERING_WITH_PROPERTIES(.NORMAL_SHADING.,#12824
  ,(#13272));
#13272 = SURFACE_STYLE_TRANSPARENT(0.100000023842);
#13273 = STYLED_ITEM('color',(#13274),#10734);
#13274 = PRESENTATION_STYLE_ASSIGNMENT((#13275));
#13275 = SURFACE_STYLE_USAGE(.BOTH.,#13276);
#13276 = SURFACE_SIDE_STYLE('',(#13277,#13280));
#13277 = SURFACE_STYLE_FILL_AREA(#13278);
#13278 = FILL_AREA_STYLE('',(#13279));
#13279 = FILL_AREA_STYLE_COLOUR('',#12824);
#13280 = SURFACE_STYLE_RENDERING_WITH_PROPERTIES(.NORMAL_SHADING.,#12824
  ,(#13281));
#13281 = SURFACE_STYLE_TRANSPARENT(0.100000023842);
#13282 = STYLED_ITEM('color',(#13283),#10993);
#13283 = PRESENTATION_STYLE_ASSIGNMENT((#13284));
#13284 = SURFACE_STYLE_USAGE(.BOTH.,#13285);
#13285 = SURFACE_SIDE_STYLE('',(#13286,#13289));
#13286 = SURFACE_STYLE_FILL_AREA(#13287);
#13287 = FILL_AREA_STYLE('',(#13288));
#13288 = FILL_AREA_STYLE_COLOUR('',#12824);
#13289 = SURFACE_STYLE_RENDERING_WITH_PROPERTIES(.NORMAL_SHADING.,#12824
  ,(#13290));
#13290 = SURFACE_STYLE_TRANSPARENT(0.100000023842);
#13291 = STYLED_ITEM('color',(#13292),#11084);
#13292 = PRESENTATION_STYLE_ASSIGNMENT((#13293));
#13293 = SURFACE_STYLE_USAGE(.BOTH.,#13294);
#13294 = SURFACE_SIDE_STYLE('',(#13295,#13298));
#13295 = SURFACE_STYLE_FILL_AREA(#13296);
#13296 = FILL_AREA_STYLE('',(#13297));
#13297 = FILL_AREA_STYLE_COLOUR('',#12824);
#13298 = SURFACE_STYLE_RENDERING_WITH_PROPERTIES(.NORMAL_SHADING.,#12824
  ,(#13299));
#13299 = SURFACE_STYLE_TRANSPARENT(0.100000023842);
#13300 = STYLED_ITEM('color',(#13301),#11210);
#13301 = PRESENTATION_STYLE_ASSIGNMENT((#13302));
#13302 = SURFACE_STYLE_USAGE(.BOTH.,#13303);
#13303 = SURFACE_SIDE_STYLE('',(#13304,#13307));
#13304 = SURFACE_STYLE_FILL_AREA(#13305);
#13305 = FILL_AREA_STYLE('',(#13306));
#13306 = FILL_AREA_STYLE_COLOUR('',#12824);
#13307 = SURFACE_STYLE_RENDERING_WITH_PROPERTIES(.NORMAL_SHADING.,#12824
  ,(#13308));
#13308 = SURFACE_STYLE_TRANSPARENT(0.100000023842);
#13309 = STYLED_ITEM('color',(#13310),#11295);
#13310 = PRESENTATION_STYLE_ASSIGNMENT((#13311));
#13311 = SURFACE_STYLE_USAGE(.BOTH.,#13312);
#13312 = SURFACE_SIDE_STYLE('',(#13313,#13316));
#13313 = SURFACE_STYLE_FILL_AREA(#13314);
#13314 = FILL_AREA_STYLE('',(#13315));
#13315 = FILL_AREA_STYLE_COLOUR('',#12824);
#13316 = SURFACE_STYLE_RENDERING_WITH_PROPERTIES(.NORMAL_SHADING.,#12824
  ,(#13317));
#13317 = SURFACE_STYLE_TRANSPARENT(0.100000023842);
#13318 = STYLED_ITEM('color',(#13319),#11347);
#13319 = PRESENTATION_STYLE_ASSIGNMENT((#13320));
#13320 = SURFACE_STYLE_USAGE(.BOTH.,#13321);
#13321 = SURFACE_SIDE_STYLE('',(#13322,#13325));
#13322 = SURFACE_STYLE_FILL_AREA(#13323);
#13323 = FILL_AREA_STYLE('',(#13324));
#13324 = FILL_AREA_STYLE_COLOUR('',#12824);
#13325 = SURFACE_STYLE_RENDERING_WITH_PROPERTIES(.NORMAL_SHADING.,#12824
  ,(#13326));
#13326 = SURFACE_STYLE_TRANSPARENT(0.100000023842);
#13327 = STYLED_ITEM('color',(#13328),#11608);
#13328 = PRESENTATION_STYLE_ASSIGNMENT((#13329));
#13329 = SURFACE_STYLE_USAGE(.BOTH.,#13330);
#13330 = SURFACE_SIDE_STYLE('',(#13331,#13334));
#13331 = SURFACE_STYLE_FILL_AREA(#13332);
#13332 = FILL_AREA_STYLE('',(#13333));
#13333 = FILL_AREA_STYLE_COLOUR('',#12824);
#13334 = SURFACE_STYLE_RENDERING_WITH_PROPERTIES(.NORMAL_SHADING.,#12824
  ,(#13335));
#13335 = SURFACE_STYLE_TRANSPARENT(0.100000023842);
#13336 = STYLED_ITEM('color',(#13337),#11718);
#13337 = PRESENTATION_STYLE_ASSIGNMENT((#13338));
#13338 = SURFACE_STYLE_USAGE(.BOTH.,#13339);
#13339 = SURFACE_SIDE_STYLE('',(#13340,#13343));
#13340 = SURFACE_STYLE_FILL_AREA(#13341);
#13341 = FILL_AREA_STYLE('',(#13342));
#13342 = FILL_AREA_STYLE_COLOUR('',#12824);
#13343 = SURFACE_STYLE_RENDERING_WITH_PROPERTIES(.NORMAL_SHADING.,#12824
  ,(#13344));
#13344 = SURFACE_STYLE_TRANSPARENT(0.100000023842);
#13345 = STYLED_ITEM('color',(#13346),#11926);
#13346 = PRESENTATION_STYLE_ASSIGNMENT((#13347));
#13347 = SURFACE_STYLE_USAGE(.BOTH.,#13348);
#13348 = SURFACE_SIDE_STYLE('',(#13349,#13352));
#13349 = SURFACE_STYLE_FILL_AREA(#13350);
#13350 = FILL_AREA_STYLE('',(#13351));
#13351 = FILL_AREA_STYLE_COLOUR('',#12824);
#13352 = SURFACE_STYLE_RENDERING_WITH_PROPERTIES(.NORMAL_SHADING.,#12824
  ,(#13353));
#13353 = SURFACE_STYLE_TRANSPARENT(0.100000023842);
#13354 = MECHANICAL_DESIGN_GEOMETRIC_PRESENTATION_REPRESENTATION('',(
    #13355),#12805);
#13355 = STYLED_ITEM('color',(#13356),#12118);
#13356 = PRESENTATION_STYLE_ASSIGNMENT((#13357));
#13357 = SURFACE_STYLE_USAGE(.BOTH.,#13358);
#13358 = SURFACE_SIDE_STYLE('',(#13359));
#13359 = SURFACE_STYLE_FILL_AREA(#13360);
#13360 = FILL_AREA_STYLE('',(#13361));
#13361 = FILL_AREA_STYLE_COLOUR('',#13362);
#13362 = COLOUR_RGB('',0.313304153717,0.484529207832,0.410020903123);
ENDSEC;
END-ISO-10303-21;
